--- Startup times for process: Primary (or UI client) ---

times in msec
 clock   self+sourced   self:  sourced script
 clock   elapsed:              other lines

000.003  000.003: --- NVIM STARTING ---
000.032  000.029: event init
000.098  000.066: early init
011.743  011.645: locale set
011.771  000.028: init first window
012.338  000.567: inits 1
012.412  000.074: window checked
012.420  000.007: parsing arguments
013.136  000.359  000.359: require('vim._core.shared')
013.679  000.003  000.003: require('string.buffer')
013.706  000.181  000.178: require('vim.inspect')
013.884  000.170  000.170: require('vim._core.options')
013.887  000.747  000.395: require('vim._core.editor')
013.997  000.108  000.108: require('vim._core.system')
014.000  001.299  000.085: require('vim._init_packages')
014.004  000.285: init lua interpreter
020.931  006.928: nvim_ui_attach
021.140  000.208: nvim_set_client_info
021.142  000.003: --- NVIM STARTED ---

--- Startup times for process: Embedded ---

times in msec
 clock   self+sourced   self:  sourced script
 clock   elapsed:              other lines

000.003  000.003: --- NVIM STARTING ---
000.032  000.030: event init
000.089  000.057: early init
011.050  010.961: locale set
011.076  000.026: init first window
011.447  000.371: inits 1
011.461  000.014: window checked
011.463  000.003: parsing arguments
012.147  000.357  000.357: require('vim._core.shared')
012.756  000.004  000.004: require('string.buffer')
012.787  000.188  000.185: require('vim.inspect')
012.966  000.170  000.170: require('vim._core.options')
012.968  000.817  000.459: require('vim._core.editor')
013.075  000.105  000.105: require('vim._core.system')
013.077  001.356  000.077: require('vim._init_packages')
013.081  000.262: init lua interpreter
013.383  000.301: expanding arguments
013.399  000.016: inits 2
013.642  000.244: init highlight
013.644  000.002: waiting for UI
013.733  000.089: done waiting for UI
013.746  000.013: clear screen
014.229  000.030  000.030: require('vim.keymap')
014.942  000.324  000.324: sourcing nvim_exec2()
014.982  000.022  000.022: require('vim._core.log')
016.501  000.874  000.874: require('vim.tty')
016.599  000.065  000.065: require('vim.text')
019.421  005.671  004.357: require('vim._core.defaults')
019.426  000.008: init default mappings & autocommands
019.642  000.064  000.064: sourcing C:\Program Files\Neovim\share\nvim\runtime\ftplugin.vim
019.863  000.047  000.047: sourcing C:\Program Files\Neovim\share\nvim\runtime\indent.vim
021.676  000.015  000.015: require('vim.F')
021.709  001.133  001.117: require('vim.diagnostic')
021.718  001.593  000.460: require('general-options')
021.985  000.264  000.264: require('general-keymaps')
022.183  000.194  000.194: require('autocommands')
023.113  000.183  000.183: require('vim._async')
023.125  000.838  000.655: require('vim.pack')
023.381  000.249  000.249: require('vim.fs')
023.946  000.316  000.316: require('vim.version')
025.208  000.299  000.299: require('catppuccin')
025.473  000.140  000.140: require('catppuccin.lib.hashing')
026.631  001.778  001.339: sourcing C:\Users\dahls\AppData\Local\nvim-data\site\pack\core\opt\catppuccin-nvim\colors\catppuccin-mocha.lua
026.649  002.032  000.254: sourcing nvim_exec2() called at C:\Users\dahls\AppData\Local\nvim\init.lua:0
026.697  004.510  001.075: require('themes')
026.876  000.177  000.177: require('selection_expand_shrink')
027.033  000.152  000.152: require('note_buffers')
027.156  000.119  000.119: require('lsp.lsp_setup')
028.101  000.254  000.254: require('snacks')
028.334  000.201  000.201: require('snacks.picker')
028.621  000.281  000.281: require('snacks.picker.config')
029.120  000.349  000.349: require('snacks.util')
029.222  000.595  000.247: require('snacks.picker.config.highlights')
029.477  000.252  000.252: require('snacks.picker.config.defaults')
029.888  000.406  000.406: require('snacks.picker.config.sources')
030.069  000.176  000.176: require('snacks.picker.config.layouts')
031.517  004.354  002.190: require('snacks-nvim')
031.521  011.455  000.093: sourcing C:\Users\dahls\AppData\Local\nvim\init.lua
031.562  000.571: sourcing vimrc file(s)
031.998  000.107  000.107: sourcing nvim_exec2() called at C:\Program Files\Neovim\share\nvim\runtime\filetype.lua:0
032.004  000.211  000.103: sourcing C:\Program Files\Neovim\share\nvim\runtime\filetype.lua
032.647  000.072  000.072: sourcing C:\Program Files\Neovim\share\nvim\runtime\syntax\synload.vim
032.733  000.379  000.307: sourcing C:\Program Files\Neovim\share/nvim/runtime/syntax/syntax.vim
035.331  000.526  000.526: require('alpha')
035.470  000.134  000.134: require('screen')
035.506  001.411  000.751: sourcing C:\Users\dahls\AppData\Local\nvim\plugin\alpha-nvim.lua
035.683  000.065  000.065: sourcing C:\Users\dahls\AppData\Local\nvim\plugin\autopairs.lua
035.898  000.112  000.112: sourcing C:\Users\dahls\AppData\Local\nvim\plugin\blink_completion.lua
036.068  000.068  000.068: sourcing C:\Users\dahls\AppData\Local\nvim\plugin\diffview.lua
036.227  000.058  000.058: sourcing C:\Users\dahls\AppData\Local\nvim\plugin\gitsigns.lua
036.405  000.079  000.079: sourcing C:\Users\dahls\AppData\Local\nvim\plugin\lualine.lua
036.566  000.058  000.058: sourcing C:\Users\dahls\AppData\Local\nvim\plugin\mini.nvim.lua
036.735  000.068  000.068: sourcing C:\Users\dahls\AppData\Local\nvim\plugin\nvim-scrollview.lua
036.904  000.063  000.063: sourcing C:\Users\dahls\AppData\Local\nvim\plugin\nvim-treesitter.lua
037.069  000.065  000.065: sourcing C:\Users\dahls\AppData\Local\nvim\plugin\oil-nvim.lua
037.257  000.085  000.085: sourcing C:\Users\dahls\AppData\Local\nvim\plugin\render-markdown-nvim.lua
038.331  000.166  000.166: require('nvim-treesitter-textobjects')
038.485  000.148  000.148: require('nvim-treesitter-textobjects.config')
038.538  001.177  000.862: sourcing C:\Users\dahls\AppData\Local\nvim\plugin\treesitter-textobjects.lua
039.549  000.069  000.069: sourcing C:\Users\dahls\AppData\Local\nvim-data\site\pack\core\opt\which-key.nvim\plugin\which-key.lua
039.697  001.044  000.975: sourcing C:\Users\dahls\AppData\Local\nvim\plugin\which-key.lua
040.030  000.046  000.046: sourcing C:\Users\dahls\AppData\Local\nvim-data\site\pack\core\opt\snacks.nvim\plugin\snacks.lua
041.334  000.136  000.136: sourcing C:\Program Files\Neovim\share\nvim\runtime\plugin\gzip.vim
042.638  000.175  000.175: sourcing C:\Program Files\Neovim\share\nvim\runtime\pack\dist\opt\matchit\plugin\matchit.vim
042.726  001.286  001.111: sourcing C:\Program Files\Neovim\share\nvim\runtime\plugin\matchit.vim
042.956  000.123  000.123: sourcing C:\Program Files\Neovim\share\nvim\runtime\plugin\matchparen.vim
043.099  000.025  000.025: sourcing C:\Program Files\Neovim\share\nvim\runtime\plugin\netrwPlugin.vim
043.757  000.502  000.502: sourcing C:\Program Files\Neovim\share\nvim\runtime\plugin\rplugin.vim
043.949  000.086  000.086: sourcing C:\Program Files\Neovim\share\nvim\runtime\plugin\tarPlugin.vim
044.096  000.037  000.037: sourcing C:\Program Files\Neovim\share\nvim\runtime\plugin\tutor.vim
044.324  000.120  000.120: sourcing C:\Program Files\Neovim\share\nvim\runtime\plugin\zipPlugin.vim
044.522  000.084  000.084: sourcing C:\Program Files\Neovim\share\nvim\runtime\plugin\editorconfig.lua
044.751  000.120  000.120: sourcing C:\Program Files\Neovim\share\nvim\runtime\plugin\man.lua
045.013  000.144  000.144: sourcing C:\Program Files\Neovim\share\nvim\runtime\plugin\net.lua
045.227  000.094  000.094: sourcing C:\Program Files\Neovim\share\nvim\runtime\plugin\osc52.lua
045.451  000.114  000.114: sourcing C:\Program Files\Neovim\share\nvim\runtime\plugin\shada.lua
045.637  000.061  000.061: sourcing C:\Program Files\Neovim\share\nvim\runtime\plugin\spellfile.lua
045.683  006.202: loading rtp plugins
045.925  000.242: loading packages
045.950  000.025: loading after plugins
045.965  000.015: inits 3
048.934  002.969: reading ShaDa
049.006  000.072: opening buffers
049.049  000.043: BufEnter autocommands
049.051  000.003: editing files in windows
049.191  000.108  000.108: require('plugin-loader')
050.180  000.132  000.132: require('mason-core.path')
050.687  000.118  000.118: require('mason-core.functional.data')
050.853  000.160  000.160: require('mason-core.functional.function')
051.077  000.217  000.217: require('mason-core.functional.list')
051.224  000.139  000.139: require('mason-core.functional.relation')
051.363  000.133  000.133: require('mason-core.functional.logic')
051.524  000.135  000.135: require('mason-core.functional.number')
051.683  000.152  000.152: require('mason-core.functional.string')
051.834  000.145  000.145: require('mason-core.functional.table')
051.957  000.117  000.117: require('mason-core.functional.type')
051.962  001.568  000.253: require('mason-core.functional')
052.005  001.820  000.252: require('mason-core.platform')
052.180  000.172  000.172: require('mason.settings')
052.185  002.285  000.162: require('mason-core.installer.InstallLocation')
052.741  000.210  000.210: require('mason-core.log')
052.746  000.348  000.138: require('mason-core.EventEmitter')
052.969  000.221  000.221: require('mason-registry.sources')
053.041  000.853  000.285: require('mason-registry')
053.044  003.299  000.161: require('mason')
053.405  000.270  000.270: require('mason.api.command')
054.248  000.177  000.177: sourcing C:\Users\dahls\AppData\Local\nvim-data\site\pack\core\opt\nvim-lspconfig\plugin\lspconfig.lua
054.564  000.083  000.083: require('lsp/configs/clangd')
054.656  000.086  000.086: require('lsp/configs/lua_ls')
056.498  000.743  000.743: require('vim.lsp.protocol')
056.550  001.139  000.397: require('vim.lsp.log')
057.650  000.040  000.040: require('vim._core.util')
057.665  001.110  001.070: require('vim.lsp.util')
058.483  000.386  000.386: require('vim.lsp.sync')
058.490  000.822  000.436: require('vim.lsp._changetracking')
059.488  000.371  000.371: require('vim.lsp._transport')
059.530  000.037  000.037: require('vim._core.stringbuffer')
059.562  001.068  000.660: require('vim.lsp.rpc')
059.582  004.922  000.782: require('vim.lsp')
059.707  000.100  000.100: require('lsp/configs/marksman')
059.804  000.091  000.091: require('lsp/configs/powershell_es')
059.901  000.087  000.087: require('lsp/configs/stylua')
062.321  000.809  000.809: require('vim.lsp.client')
068.252  000.284  000.284: require('gitsigns')
070.504  000.246  000.246: require('gitsigns.debug.log')
071.082  000.299  000.299: require('gitsigns.util')
071.098  000.588  000.288: require('gitsigns.config')
071.285  001.352  000.518: require('gitsigns.highlight')
071.474  000.173  000.173: require('gitsigns.debounce')
071.487  003.579  001.769: sourcing C:\Users\dahls\AppData\Local\nvim-data\site\pack\core\opt\gitsigns.nvim\plugin\gitsigns.lua
073.134  000.930  000.930: require('mini.surround')
077.291  013.700: VimEnter autocommands
078.153  000.468  000.468: require('vim.ui')
081.340  000.395  000.395: require('vim.treesitter.language')
081.709  000.363  000.363: require('vim.func')
082.131  000.418  000.418: require('vim.treesitter._range')
082.520  000.383  000.383: require('vim.func._memoize')
082.543  002.239  000.680: require('vim.treesitter.query')
082.552  002.980  000.741: require('vim.treesitter.languagetree')
082.556  003.510  000.530: require('vim.treesitter')
082.633  003.672  000.162: sourcing C:\Users\dahls\AppData\Local\nvim-data\site\pack\core\opt\nvim-treesitter\plugin\filetypes.lua
082.860  000.094  000.094: sourcing C:\Users\dahls\AppData\Local\nvim-data\site\pack\core\opt\nvim-treesitter\plugin\nvim-treesitter.lua
083.064  000.068  000.068: sourcing C:\Users\dahls\AppData\Local\nvim-data\site\pack\core\opt\nvim-treesitter\plugin\query_predicates.lua
083.406  000.139  000.139: require('nvim-treesitter')
084.009  000.273  000.273: require('nvim-treesitter.async')
084.193  000.178  000.178: require('nvim-treesitter.config')
084.347  000.150  000.150: require('nvim-treesitter.log')
085.049  000.697  000.697: require('nvim-treesitter.parsers')
085.181  000.127  000.127: require('nvim-treesitter.util')
085.190  001.778  000.353: require('nvim-treesitter.install')
085.865  000.671  000.671: require('nvim-treesitter.parsers')
086.033  001.852: UIEnter autocommands
086.531  000.497: before starting main loop
087.224  000.496  000.496: require('snacks.statuscolumn')
087.950  000.924: first screen update
087.954  000.003: --- NVIM STARTED ---

--- Startup times for process: Primary (or UI client) ---

times in msec
 clock   self+sourced   self:  sourced script
 clock   elapsed:              other lines

000.003  000.003: --- NVIM STARTING ---
000.037  000.034: event init
000.109  000.072: early init
011.673  011.563: locale set
011.704  000.031: init first window
012.241  000.537: inits 1
012.322  000.081: window checked
012.330  000.007: parsing arguments
013.048  000.357  000.357: require('vim._core.shared')
013.587  000.004  000.004: require('string.buffer')
013.616  000.179  000.175: require('vim.inspect')
013.794  000.169  000.169: require('vim._core.options')
013.796  000.744  000.396: require('vim._core.editor')
013.907  000.108  000.108: require('vim._core.system')
013.909  001.294  000.085: require('vim._init_packages')
013.913  000.289: init lua interpreter
021.647  007.734: nvim_ui_attach
021.856  000.209: nvim_set_client_info
021.859  000.003: --- NVIM STARTED ---

--- Startup times for process: Embedded ---

times in msec
 clock   self+sourced   self:  sourced script
 clock   elapsed:              other lines

000.002  000.002: --- NVIM STARTING ---
000.027  000.025: event init
000.085  000.058: early init
010.942  010.857: locale set
010.969  000.027: init first window
011.335  000.366: inits 1
011.348  000.012: window checked
011.351  000.003: parsing arguments
012.040  000.362  000.362: require('vim._core.shared')
012.596  000.003  000.003: require('string.buffer')
012.613  000.179  000.176: require('vim.inspect')
012.790  000.171  000.171: require('vim._core.options')
012.793  000.748  000.398: require('vim._core.editor')
012.902  000.107  000.107: require('vim._core.system')
012.904  001.278  000.061: require('vim._init_packages')
012.908  000.279: init lua interpreter
013.167  000.259: expanding arguments
013.184  000.017: inits 2
013.423  000.239: init highlight
013.425  000.002: waiting for UI
013.493  000.068: done waiting for UI
013.504  000.011: clear screen
014.018  000.033  000.033: require('vim.keymap')
014.498  000.108  000.108: sourcing nvim_exec2()
014.537  000.022  000.022: require('vim._core.log')
016.409  000.955  000.955: require('vim.tty')
016.486  000.062  000.062: require('vim.text')
019.739  006.232  005.053: require('vim._core.defaults')
019.744  000.008: init default mappings & autocommands
019.959  000.065  000.065: sourcing C:\Program Files\Neovim\share\nvim\runtime\ftplugin.vim
020.177  000.047  000.047: sourcing C:\Program Files\Neovim\share\nvim\runtime\indent.vim
021.968  000.015  000.015: require('vim.F')
022.000  001.078  001.062: require('vim.diagnostic')
022.010  001.571  000.493: require('general-options')
022.262  000.250  000.250: require('general-keymaps')
022.461  000.194  000.194: require('autocommands')
023.669  000.249  000.249: require('vim._async')
023.684  001.119  000.871: require('vim.pack')
023.961  000.270  000.270: require('vim.fs')
024.477  000.291  000.291: require('vim.version')
025.896  000.317  000.317: require('catppuccin')
026.164  000.158  000.158: require('catppuccin.lib.hashing')
027.223  001.700  001.225: sourcing C:\Users\dahls\AppData\Local\nvim-data\site\pack\core\opt\catppuccin-nvim\colors\catppuccin-mocha.lua
027.242  001.956  000.255: sourcing nvim_exec2() called at C:\Users\dahls\AppData\Local\nvim\init.lua:0
027.291  004.826  001.190: require('themes')
027.471  000.177  000.177: require('selection_expand_shrink')
027.623  000.148  000.148: require('note_buffers')
027.748  000.120  000.120: require('lsp.lsp_setup')
028.877  000.426  000.426: require('snacks')
029.096  000.186  000.186: require('snacks.picker')
029.425  000.323  000.323: require('snacks.picker.config')
030.017  000.442  000.442: require('snacks.util')
030.130  000.699  000.258: require('snacks.picker.config.highlights')
030.408  000.274  000.274: require('snacks.picker.config.defaults')
030.909  000.495  000.495: require('snacks.picker.config.sources')
031.112  000.199  000.199: require('snacks.picker.config.layouts')
033.112  005.358  002.756: require('snacks-nvim')
033.118  012.736  000.092: sourcing C:\Users\dahls\AppData\Local\nvim\init.lua
033.162  000.569: sourcing vimrc file(s)
033.587  000.110  000.110: sourcing nvim_exec2() called at C:\Program Files\Neovim\share\nvim\runtime\filetype.lua:0
033.593  000.207  000.097: sourcing C:\Program Files\Neovim\share\nvim\runtime\filetype.lua
034.256  000.074  000.074: sourcing C:\Program Files\Neovim\share\nvim\runtime\syntax\synload.vim
034.344  000.390  000.316: sourcing C:\Program Files\Neovim\share/nvim/runtime/syntax/syntax.vim
036.887  000.483  000.483: require('alpha')
037.010  000.117  000.117: require('screen')
037.042  001.334  000.733: sourcing C:\Users\dahls\AppData\Local\nvim\plugin\alpha-nvim.lua
037.213  000.056  000.056: sourcing C:\Users\dahls\AppData\Local\nvim\plugin\autopairs.lua
037.402  000.077  000.077: sourcing C:\Users\dahls\AppData\Local\nvim\plugin\blink_completion.lua
037.568  000.062  000.062: sourcing C:\Users\dahls\AppData\Local\nvim\plugin\diffview.lua
037.723  000.052  000.052: sourcing C:\Users\dahls\AppData\Local\nvim\plugin\gitsigns.lua
037.889  000.064  000.064: sourcing C:\Users\dahls\AppData\Local\nvim\plugin\lualine.lua
038.058  000.056  000.056: sourcing C:\Users\dahls\AppData\Local\nvim\plugin\mini.nvim.lua
038.221  000.059  000.059: sourcing C:\Users\dahls\AppData\Local\nvim\plugin\nvim-scrollview.lua
038.391  000.057  000.057: sourcing C:\Users\dahls\AppData\Local\nvim\plugin\nvim-treesitter.lua
038.559  000.064  000.064: sourcing C:\Users\dahls\AppData\Local\nvim\plugin\oil-nvim.lua
038.721  000.057  000.057: sourcing C:\Users\dahls\AppData\Local\nvim\plugin\render-markdown-nvim.lua
039.723  000.149  000.149: require('nvim-treesitter-textobjects')
039.859  000.131  000.131: require('nvim-treesitter-textobjects.config')
039.903  001.077  000.797: sourcing C:\Users\dahls\AppData\Local\nvim\plugin\treesitter-textobjects.lua
041.000  000.060  000.060: sourcing C:\Users\dahls\AppData\Local\nvim-data\site\pack\core\opt\which-key.nvim\plugin\which-key.lua
041.149  001.122  001.062: sourcing C:\Users\dahls\AppData\Local\nvim\plugin\which-key.lua
041.500  000.050  000.050: sourcing C:\Users\dahls\AppData\Local\nvim-data\site\pack\core\opt\snacks.nvim\plugin\snacks.lua
042.844  000.144  000.144: sourcing C:\Program Files\Neovim\share\nvim\runtime\plugin\gzip.vim
044.187  000.170  000.170: sourcing C:\Program Files\Neovim\share\nvim\runtime\pack\dist\opt\matchit\plugin\matchit.vim
044.275  001.318  001.148: sourcing C:\Program Files\Neovim\share\nvim\runtime\plugin\matchit.vim
044.511  000.130  000.130: sourcing C:\Program Files\Neovim\share\nvim\runtime\plugin\matchparen.vim
044.667  000.027  000.027: sourcing C:\Program Files\Neovim\share\nvim\runtime\plugin\netrwPlugin.vim
045.201  000.430  000.430: sourcing C:\Program Files\Neovim\share\nvim\runtime\plugin\rplugin.vim
045.397  000.085  000.085: sourcing C:\Program Files\Neovim\share\nvim\runtime\plugin\tarPlugin.vim
045.604  000.048  000.048: sourcing C:\Program Files\Neovim\share\nvim\runtime\plugin\tutor.vim
045.839  000.119  000.119: sourcing C:\Program Files\Neovim\share\nvim\runtime\plugin\zipPlugin.vim
046.023  000.067  000.067: sourcing C:\Program Files\Neovim\share\nvim\runtime\plugin\editorconfig.lua
046.219  000.086  000.086: sourcing C:\Program Files\Neovim\share\nvim\runtime\plugin\man.lua
046.458  000.128  000.128: sourcing C:\Program Files\Neovim\share\nvim\runtime\plugin\net.lua
046.671  000.095  000.095: sourcing C:\Program Files\Neovim\share\nvim\runtime\plugin\osc52.lua
046.897  000.115  000.115: sourcing C:\Program Files\Neovim\share\nvim\runtime\plugin\shada.lua
047.089  000.061  000.061: sourcing C:\Program Files\Neovim\share\nvim\runtime\plugin\spellfile.lua
047.135  006.334: loading rtp plugins
047.388  000.253: loading packages
047.414  000.025: loading after plugins
047.428  000.015: inits 3
050.428  003.000: reading ShaDa
050.501  000.073: opening buffers
050.539  000.039: BufEnter autocommands
050.542  000.002: editing files in windows
050.682  000.109  000.109: require('plugin-loader')
051.790  000.131  000.131: require('mason-core.path')
052.334  000.146  000.146: require('mason-core.functional.data')
052.533  000.192  000.192: require('mason-core.functional.function')
052.772  000.233  000.233: require('mason-core.functional.list')
052.950  000.151  000.151: require('mason-core.functional.relation')
053.108  000.150  000.150: require('mason-core.functional.logic')
053.246  000.132  000.132: require('mason-core.functional.number')
053.414  000.160  000.160: require('mason-core.functional.string')
053.569  000.149  000.149: require('mason-core.functional.table')
053.694  000.119  000.119: require('mason-core.functional.type')
053.699  001.699  000.267: require('mason-core.functional')
053.757  001.962  000.263: require('mason-core.platform')
053.970  000.210  000.210: require('mason.settings')
053.977  002.469  000.166: require('mason-core.installer.InstallLocation')
054.598  000.251  000.251: require('mason-core.log')
054.603  000.393  000.142: require('mason-core.EventEmitter')
054.843  000.237  000.237: require('mason-registry.sources')
054.998  001.016  000.386: require('mason-registry')
055.002  003.654  000.169: require('mason')
055.386  000.288  000.288: require('mason.api.command')
056.234  000.191  000.191: sourcing C:\Users\dahls\AppData\Local\nvim-data\site\pack\core\opt\nvim-lspconfig\plugin\lspconfig.lua
056.557  000.090  000.090: require('lsp/configs/clangd')
056.658  000.094  000.094: require('lsp/configs/lua_ls')
058.763  000.889  000.889: require('vim.lsp.protocol')
058.821  001.311  000.422: require('vim.lsp.log')
060.137  000.050  000.050: require('vim._core.util')
060.167  001.341  001.291: require('vim.lsp.util')
061.216  000.463  000.463: require('vim.lsp.sync')
061.224  001.053  000.590: require('vim.lsp._changetracking')
062.050  000.343  000.343: require('vim.lsp._transport')
062.083  000.028  000.028: require('vim._core.stringbuffer')
062.112  000.885  000.514: require('vim.lsp.rpc')
062.163  005.500  000.910: require('vim.lsp')
062.285  000.102  000.102: require('lsp/configs/marksman')
062.379  000.089  000.089: require('lsp/configs/powershell_es')
062.475  000.085  000.085: require('lsp/configs/stylua')
064.858  000.717  000.717: require('vim.lsp.client')
070.398  000.231  000.231: require('gitsigns')
072.724  000.254  000.254: require('gitsigns.debug.log')
073.298  000.300  000.300: require('gitsigns.util')
073.307  000.577  000.277: require('gitsigns.config')
073.519  001.403  000.573: require('gitsigns.highlight')
073.729  000.194  000.194: require('gitsigns.debounce')
073.742  003.629  001.800: sourcing C:\Users\dahls\AppData\Local\nvim-data\site\pack\core\opt\gitsigns.nvim\plugin\gitsigns.lua
075.437  000.976  000.976: require('mini.surround')
078.851  012.786: VimEnter autocommands
079.812  000.468  000.468: require('vim.ui')
083.028  000.396  000.396: require('vim.treesitter.language')
083.371  000.336  000.336: require('vim.func')
083.786  000.410  000.410: require('vim.treesitter._range')
084.157  000.364  000.364: require('vim.func._memoize')
084.217  002.255  000.748: require('vim.treesitter.query')
084.227  002.984  000.729: require('vim.treesitter.languagetree')
084.232  003.509  000.525: require('vim.treesitter')
084.300  003.662  000.153: sourcing C:\Users\dahls\AppData\Local\nvim-data\site\pack\core\opt\nvim-treesitter\plugin\filetypes.lua
084.532  000.096  000.096: sourcing C:\Users\dahls\AppData\Local\nvim-data\site\pack\core\opt\nvim-treesitter\plugin\nvim-treesitter.lua
084.721  000.068  000.068: sourcing C:\Users\dahls\AppData\Local\nvim-data\site\pack\core\opt\nvim-treesitter\plugin\query_predicates.lua
085.043  000.130  000.130: require('nvim-treesitter')
085.703  000.297  000.297: require('nvim-treesitter.async')
085.896  000.188  000.188: require('nvim-treesitter.config')
086.054  000.154  000.154: require('nvim-treesitter.log')
087.161  001.102  001.102: require('nvim-treesitter.parsers')
087.305  000.139  000.139: require('nvim-treesitter.util')
087.319  002.271  000.392: require('nvim-treesitter.install')
088.445  001.119  001.119: require('nvim-treesitter.parsers')
088.632  001.969: UIEnter autocommands
089.120  000.488: before starting main loop
089.865  000.545  000.545: require('snacks.statuscolumn')
090.368  000.703: first screen update
090.371  000.003: --- NVIM STARTED ---

--- Startup times for process: Primary (or UI client) ---

times in msec
 clock   self+sourced   self:  sourced script
 clock   elapsed:              other lines

000.003  000.003: --- NVIM STARTING ---
000.036  000.033: event init
000.104  000.068: early init
011.589  011.485: locale set
011.616  000.027: init first window
012.139  000.523: inits 1
012.217  000.078: window checked
012.224  000.007: parsing arguments
013.215  000.630  000.630: require('vim._core.shared')
013.774  000.004  000.004: require('string.buffer')
013.794  000.158  000.154: require('vim.inspect')
014.012  000.209  000.209: require('vim._core.options')
014.015  000.794  000.427: require('vim._core.editor')
014.125  000.108  000.108: require('vim._core.system')
014.127  001.606  000.073: require('vim._init_packages')
014.131  000.302: init lua interpreter
022.026  007.895: nvim_ui_attach
022.230  000.204: nvim_set_client_info
022.233  000.003: --- NVIM STARTED ---

--- Startup times for process: Embedded ---

times in msec
 clock   self+sourced   self:  sourced script
 clock   elapsed:              other lines

000.003  000.003: --- NVIM STARTING ---
000.031  000.028: event init
000.094  000.064: early init
010.731  010.637: locale set
010.757  000.025: init first window
011.125  000.368: inits 1
011.137  000.012: window checked
011.140  000.003: parsing arguments
011.838  000.354  000.354: require('vim._core.shared')
012.379  000.004  000.004: require('string.buffer')
012.409  000.178  000.175: require('vim.inspect')
012.586  000.170  000.170: require('vim._core.options')
012.589  000.747  000.399: require('vim._core.editor')
012.697  000.106  000.106: require('vim._core.system')
012.699  001.286  000.079: require('vim._init_packages')
012.703  000.276: init lua interpreter
012.997  000.294: expanding arguments
013.014  000.017: inits 2
013.252  000.238: init highlight
013.254  000.002: waiting for UI
013.322  000.068: done waiting for UI
013.331  000.009: clear screen
013.803  000.029  000.029: require('vim.keymap')
014.307  000.112  000.112: sourcing nvim_exec2()
014.341  000.019  000.019: require('vim._core.log')
016.681  001.294  001.294: require('vim.tty')
016.840  000.088  000.088: require('vim.text')
019.808  006.474  004.931: require('vim._core.defaults')
019.813  000.008: init default mappings & autocommands
020.034  000.067  000.067: sourcing C:\Program Files\Neovim\share\nvim\runtime\ftplugin.vim
020.257  000.047  000.047: sourcing C:\Program Files\Neovim\share\nvim\runtime\indent.vim
022.070  000.015  000.015: require('vim.F')
022.110  001.126  001.111: require('vim.diagnostic')
022.119  001.603  000.477: require('general-options')
022.382  000.261  000.261: require('general-keymaps')
022.582  000.195  000.195: require('autocommands')
023.486  000.162  000.162: require('vim._async')
023.498  000.811  000.649: require('vim.pack')
023.750  000.246  000.246: require('vim.fs')
025.071  001.057  001.057: require('vim.version')
026.371  000.295  000.295: require('catppuccin')
026.650  000.139  000.139: require('catppuccin.lib.hashing')
027.832  001.813  001.379: sourcing C:\Users\dahls\AppData\Local\nvim-data\site\pack\core\opt\catppuccin-nvim\colors\catppuccin-mocha.lua
027.851  002.084  000.271: sourcing nvim_exec2() called at C:\Users\dahls\AppData\Local\nvim\init.lua:0
027.945  005.359  001.161: require('themes')
028.148  000.200  000.200: require('selection_expand_shrink')
028.310  000.157  000.157: require('note_buffers')
028.432  000.118  000.118: require('lsp.lsp_setup')
029.379  000.243  000.243: require('snacks')
029.616  000.205  000.205: require('snacks.picker')
029.903  000.282  000.282: require('snacks.picker.config')
030.399  000.342  000.342: require('snacks.util')
030.507  000.598  000.256: require('snacks.picker.config.highlights')
030.770  000.260  000.260: require('snacks.picker.config.defaults')
031.183  000.407  000.407: require('snacks.picker.config.sources')
031.365  000.177  000.177: require('snacks.picker.config.layouts')
032.651  004.213  002.041: require('snacks-nvim')
032.656  012.197  000.092: sourcing C:\Users\dahls\AppData\Local\nvim\init.lua
032.697  000.572: sourcing vimrc file(s)
033.122  000.107  000.107: sourcing nvim_exec2() called at C:\Program Files\Neovim\share\nvim\runtime\filetype.lua:0
033.127  000.214  000.107: sourcing C:\Program Files\Neovim\share\nvim\runtime\filetype.lua
034.008  000.085  000.085: sourcing C:\Program Files\Neovim\share\nvim\runtime\syntax\synload.vim
034.151  000.486  000.401: sourcing C:\Program Files\Neovim\share/nvim/runtime/syntax/syntax.vim
036.838  000.529  000.529: require('alpha')
036.974  000.131  000.131: require('screen')
037.025  001.438  000.777: sourcing C:\Users\dahls\AppData\Local\nvim\plugin\alpha-nvim.lua
037.200  000.062  000.062: sourcing C:\Users\dahls\AppData\Local\nvim\plugin\autopairs.lua
037.413  000.112  000.112: sourcing C:\Users\dahls\AppData\Local\nvim\plugin\blink_completion.lua
037.600  000.082  000.082: sourcing C:\Users\dahls\AppData\Local\nvim\plugin\diffview.lua
037.770  000.064  000.064: sourcing C:\Users\dahls\AppData\Local\nvim\plugin\gitsigns.lua
037.949  000.077  000.077: sourcing C:\Users\dahls\AppData\Local\nvim\plugin\lualine.lua
038.132  000.081  000.081: sourcing C:\Users\dahls\AppData\Local\nvim\plugin\mini.nvim.lua
038.305  000.067  000.067: sourcing C:\Users\dahls\AppData\Local\nvim\plugin\nvim-scrollview.lua
038.475  000.067  000.067: sourcing C:\Users\dahls\AppData\Local\nvim\plugin\nvim-treesitter.lua
038.659  000.061  000.061: sourcing C:\Users\dahls\AppData\Local\nvim\plugin\oil-nvim.lua
038.824  000.060  000.060: sourcing C:\Users\dahls\AppData\Local\nvim\plugin\render-markdown-nvim.lua
040.581  000.173  000.173: require('nvim-treesitter-textobjects')
041.015  000.428  000.428: require('nvim-treesitter-textobjects.config')
041.087  001.904  001.303: sourcing C:\Users\dahls\AppData\Local\nvim\plugin\treesitter-textobjects.lua
042.156  000.072  000.072: sourcing C:\Users\dahls\AppData\Local\nvim-data\site\pack\core\opt\which-key.nvim\plugin\which-key.lua
042.306  001.094  001.023: sourcing C:\Users\dahls\AppData\Local\nvim\plugin\which-key.lua
042.653  000.049  000.049: sourcing C:\Users\dahls\AppData\Local\nvim-data\site\pack\core\opt\snacks.nvim\plugin\snacks.lua
044.027  000.139  000.139: sourcing C:\Program Files\Neovim\share\nvim\runtime\plugin\gzip.vim
045.641  000.173  000.173: sourcing C:\Program Files\Neovim\share\nvim\runtime\pack\dist\opt\matchit\plugin\matchit.vim
045.725  001.590  001.417: sourcing C:\Program Files\Neovim\share\nvim\runtime\plugin\matchit.vim
045.953  000.122  000.122: sourcing C:\Program Files\Neovim\share\nvim\runtime\plugin\matchparen.vim
046.107  000.025  000.025: sourcing C:\Program Files\Neovim\share\nvim\runtime\plugin\netrwPlugin.vim
046.668  000.456  000.456: sourcing C:\Program Files\Neovim\share\nvim\runtime\plugin\rplugin.vim
046.866  000.093  000.093: sourcing C:\Program Files\Neovim\share\nvim\runtime\plugin\tarPlugin.vim
047.025  000.036  000.036: sourcing C:\Program Files\Neovim\share\nvim\runtime\plugin\tutor.vim
047.257  000.120  000.120: sourcing C:\Program Files\Neovim\share\nvim\runtime\plugin\zipPlugin.vim
047.462  000.091  000.091: sourcing C:\Program Files\Neovim\share\nvim\runtime\plugin\editorconfig.lua
047.683  000.112  000.112: sourcing C:\Program Files\Neovim\share\nvim\runtime\plugin\man.lua
047.956  000.164  000.164: sourcing C:\Program Files\Neovim\share\nvim\runtime\plugin\net.lua
048.174  000.097  000.097: sourcing C:\Program Files\Neovim\share\nvim\runtime\plugin\osc52.lua
048.401  000.116  000.116: sourcing C:\Program Files\Neovim\share\nvim\runtime\plugin\shada.lua
048.586  000.061  000.061: sourcing C:\Program Files\Neovim\share\nvim\runtime\plugin\spellfile.lua
048.633  006.801: loading rtp plugins
048.875  000.242: loading packages
048.900  000.025: loading after plugins
048.915  000.015: inits 3
052.093  003.178: reading ShaDa
052.162  000.070: opening buffers
052.200  000.038: BufEnter autocommands
052.203  000.003: editing files in windows
052.343  000.109  000.109: require('plugin-loader')
053.382  000.130  000.130: require('mason-core.path')
053.902  000.120  000.120: require('mason-core.functional.data')
054.068  000.160  000.160: require('mason-core.functional.function')
054.279  000.204  000.204: require('mason-core.functional.list')
054.446  000.140  000.140: require('mason-core.functional.relation')
054.600  000.148  000.148: require('mason-core.functional.logic')
054.735  000.129  000.129: require('mason-core.functional.number')
054.901  000.159  000.159: require('mason-core.functional.string')
055.053  000.146  000.146: require('mason-core.functional.table')
055.178  000.119  000.119: require('mason-core.functional.type')
055.184  001.595  000.271: require('mason-core.functional')
055.250  001.862  000.267: require('mason-core.platform')
055.464  000.211  000.211: require('mason.settings')
055.470  002.373  000.169: require('mason-core.installer.InstallLocation')
056.394  000.343  000.343: require('mason-core.log')
056.400  000.529  000.185: require('mason-core.EventEmitter')
056.636  000.234  000.234: require('mason-registry.sources')
056.746  001.274  000.511: require('mason-registry')
056.750  003.819  000.173: require('mason')
057.102  000.280  000.280: require('mason.api.command')
058.097  000.177  000.177: sourcing C:\Users\dahls\AppData\Local\nvim-data\site\pack\core\opt\nvim-lspconfig\plugin\lspconfig.lua
058.416  000.081  000.081: require('lsp/configs/clangd')
058.508  000.086  000.086: require('lsp/configs/lua_ls')
060.364  000.758  000.758: require('vim.lsp.protocol')
060.416  001.153  000.395: require('vim.lsp.log')
061.743  000.040  000.040: require('vim._core.util')
061.760  001.339  001.299: require('vim.lsp.util')
062.598  000.383  000.383: require('vim.lsp.sync')
062.605  000.842  000.459: require('vim.lsp._changetracking')
063.466  000.354  000.354: require('vim.lsp._transport')
063.505  000.034  000.034: require('vim._core.stringbuffer')
063.537  000.929  000.541: require('vim.lsp.rpc')
063.557  005.044  000.781: require('vim.lsp')
063.680  000.100  000.100: require('lsp/configs/marksman')
063.775  000.089  000.089: require('lsp/configs/powershell_es')
063.873  000.088  000.088: require('lsp/configs/stylua')
066.292  000.817  000.817: require('vim.lsp.client')
072.591  000.415  000.415: require('gitsigns')
075.087  000.249  000.249: require('gitsigns.debug.log')
075.660  000.295  000.295: require('gitsigns.util')
075.669  000.576  000.282: require('gitsigns.config')
075.881  001.417  000.592: require('gitsigns.highlight')
076.070  000.173  000.173: require('gitsigns.debounce')
076.083  003.961  001.956: sourcing C:\Users\dahls\AppData\Local\nvim-data\site\pack\core\opt\gitsigns.nvim\plugin\gitsigns.lua
077.931  001.107  001.107: require('mini.surround')
081.390  013.430: VimEnter autocommands
082.274  000.470  000.470: require('vim.ui')
085.953  000.411  000.411: require('vim.treesitter.language')
086.293  000.334  000.334: require('vim.func')
086.700  000.403  000.403: require('vim.treesitter._range')
087.094  000.387  000.387: require('vim.func._memoize')
087.116  002.226  000.691: require('vim.treesitter.query')
087.125  003.231  001.005: require('vim.treesitter.languagetree')
087.130  003.937  000.706: require('vim.treesitter')
087.202  004.108  000.172: sourcing C:\Users\dahls\AppData\Local\nvim-data\site\pack\core\opt\nvim-treesitter\plugin\filetypes.lua
087.430  000.093  000.093: sourcing C:\Users\dahls\AppData\Local\nvim-data\site\pack\core\opt\nvim-treesitter\plugin\nvim-treesitter.lua
087.647  000.095  000.095: sourcing C:\Users\dahls\AppData\Local\nvim-data\site\pack\core\opt\nvim-treesitter\plugin\query_predicates.lua
088.007  000.132  000.132: require('nvim-treesitter')
088.608  000.277  000.277: require('nvim-treesitter.async')
088.808  000.195  000.195: require('nvim-treesitter.config')
089.240  000.428  000.428: require('nvim-treesitter.log')
090.029  000.783  000.783: require('nvim-treesitter.parsers')
090.189  000.154  000.154: require('nvim-treesitter.util')
090.198  002.185  000.349: require('nvim-treesitter.install')
090.880  000.678  000.678: require('nvim-treesitter.parsers')
091.224  002.072: UIEnter autocommands
091.743  000.518: before starting main loop
092.444  000.507  000.507: require('snacks.statuscolumn')
092.958  000.708: first screen update
092.961  000.003: --- NVIM STARTED ---

--- Startup times for process: Primary (or UI client) ---

times in msec
 clock   self+sourced   self:  sourced script
 clock   elapsed:              other lines

000.003  000.003: --- NVIM STARTING ---
000.035  000.031: event init
000.105  000.070: early init
011.428  011.324: locale set
011.456  000.028: init first window
011.962  000.506: inits 1
012.030  000.068: window checked
012.039  000.009: parsing arguments
012.874  000.360  000.360: require('vim._core.shared')
013.435  000.003  000.003: require('string.buffer')
013.454  000.183  000.180: require('vim.inspect')
013.627  000.167  000.167: require('vim._core.options')
013.630  000.752  000.401: require('vim._core.editor')
013.752  000.119  000.119: require('vim._core.system')
013.754  001.298  000.067: require('vim._init_packages')
013.758  000.422: init lua interpreter
020.262  006.504: nvim_ui_attach
020.465  000.202: nvim_set_client_info
020.467  000.003: --- NVIM STARTED ---

--- Startup times for process: Embedded ---

times in msec
 clock   self+sourced   self:  sourced script
 clock   elapsed:              other lines

000.003  000.003: --- NVIM STARTING ---
000.032  000.029: event init
000.085  000.053: early init
011.734  011.649: locale set
011.759  000.025: init first window
012.116  000.357: inits 1
012.129  000.013: window checked
012.132  000.003: parsing arguments
012.819  000.351  000.351: require('vim._core.shared')
013.383  000.003  000.003: require('string.buffer')
013.401  000.181  000.178: require('vim.inspect')
013.574  000.167  000.167: require('vim._core.options')
013.577  000.754  000.406: require('vim._core.editor')
013.683  000.104  000.104: require('vim._core.system')
013.685  001.271  000.061: require('vim._init_packages')
013.689  000.286: init lua interpreter
013.968  000.279: expanding arguments
013.983  000.015: inits 2
014.224  000.241: init highlight
014.226  000.002: waiting for UI
014.347  000.121: done waiting for UI
014.360  000.013: clear screen
014.841  000.032  000.032: require('vim.keymap')
015.340  000.109  000.109: sourcing nvim_exec2()
015.376  000.022  000.022: require('vim._core.log')
016.975  000.867  000.867: require('vim.tty')
017.053  000.064  000.064: require('vim.text')
020.294  005.931  004.837: require('vim._core.defaults')
020.299  000.008: init default mappings & autocommands
020.523  000.063  000.063: sourcing C:\Program Files\Neovim\share\nvim\runtime\ftplugin.vim
020.740  000.048  000.048: sourcing C:\Program Files\Neovim\share\nvim\runtime\indent.vim
022.505  000.015  000.015: require('vim.F')
022.538  001.090  001.074: require('vim.diagnostic')
022.547  001.520  000.430: require('general-options')
022.849  000.300  000.300: require('general-keymaps')
023.051  000.197  000.197: require('autocommands')
024.457  000.193  000.193: require('vim._async')
024.475  001.318  001.125: require('vim.pack')
024.730  000.247  000.247: require('vim.fs')
025.281  000.308  000.308: require('vim.version')
026.512  000.304  000.304: require('catppuccin')
026.760  000.137  000.137: require('catppuccin.lib.hashing')
027.911  001.762  001.322: sourcing C:\Users\dahls\AppData\Local\nvim-data\site\pack\core\opt\catppuccin-nvim\colors\catppuccin-mocha.lua
027.930  002.018  000.255: sourcing nvim_exec2() called at C:\Users\dahls\AppData\Local\nvim\init.lua:0
027.980  004.924  001.033: require('themes')
028.160  000.178  000.178: require('selection_expand_shrink')
028.323  000.158  000.158: require('note_buffers')
028.461  000.134  000.134: require('lsp.lsp_setup')
029.736  000.240  000.240: require('snacks')
029.947  000.178  000.178: require('snacks.picker')
030.225  000.272  000.272: require('snacks.picker.config')
030.715  000.338  000.338: require('snacks.util')
030.828  000.598  000.260: require('snacks.picker.config.highlights')
031.087  000.255  000.255: require('snacks.picker.config.defaults')
031.515  000.422  000.422: require('snacks.picker.config.sources')
031.707  000.188  000.188: require('snacks.picker.config.layouts')
033.246  004.779  002.626: require('snacks-nvim')
033.251  012.297  000.107: sourcing C:\Users\dahls\AppData\Local\nvim\init.lua
033.291  000.584: sourcing vimrc file(s)
033.710  000.108  000.108: sourcing nvim_exec2() called at C:\Program Files\Neovim\share\nvim\runtime\filetype.lua:0
033.716  000.209  000.101: sourcing C:\Program Files\Neovim\share\nvim\runtime\filetype.lua
034.384  000.073  000.073: sourcing C:\Program Files\Neovim\share\nvim\runtime\syntax\synload.vim
034.741  000.651  000.578: sourcing C:\Program Files\Neovim\share/nvim/runtime/syntax/syntax.vim
037.377  000.545  000.545: require('alpha')
037.518  000.136  000.136: require('screen')
037.571  001.460  000.779: sourcing C:\Users\dahls\AppData\Local\nvim\plugin\alpha-nvim.lua
037.756  000.068  000.068: sourcing C:\Users\dahls\AppData\Local\nvim\plugin\autopairs.lua
037.978  000.111  000.111: sourcing C:\Users\dahls\AppData\Local\nvim\plugin\blink_completion.lua
038.156  000.068  000.068: sourcing C:\Users\dahls\AppData\Local\nvim\plugin\diffview.lua
038.322  000.061  000.061: sourcing C:\Users\dahls\AppData\Local\nvim\plugin\gitsigns.lua
038.531  000.097  000.097: sourcing C:\Users\dahls\AppData\Local\nvim\plugin\lualine.lua
038.705  000.065  000.065: sourcing C:\Users\dahls\AppData\Local\nvim\plugin\mini.nvim.lua
038.908  000.088  000.088: sourcing C:\Users\dahls\AppData\Local\nvim\plugin\nvim-scrollview.lua
039.102  000.076  000.076: sourcing C:\Users\dahls\AppData\Local\nvim\plugin\nvim-treesitter.lua
039.273  000.066  000.066: sourcing C:\Users\dahls\AppData\Local\nvim\plugin\oil-nvim.lua
039.450  000.064  000.064: sourcing C:\Users\dahls\AppData\Local\nvim\plugin\render-markdown-nvim.lua
039.661  000.103  000.103: sourcing C:\Users\dahls\AppData\Local\nvim\plugin\treesitter-textobjects.lua
041.028  000.077  000.077: sourcing C:\Users\dahls\AppData\Local\nvim-data\site\pack\core\opt\which-key.nvim\plugin\which-key.lua
041.179  001.413  001.336: sourcing C:\Users\dahls\AppData\Local\nvim\plugin\which-key.lua
041.523  000.056  000.056: sourcing C:\Users\dahls\AppData\Local\nvim-data\site\pack\core\opt\snacks.nvim\plugin\snacks.lua
042.846  000.142  000.142: sourcing C:\Program Files\Neovim\share\nvim\runtime\plugin\gzip.vim
044.134  000.166  000.166: sourcing C:\Program Files\Neovim\share\nvim\runtime\pack\dist\opt\matchit\plugin\matchit.vim
044.219  001.260  001.094: sourcing C:\Program Files\Neovim\share\nvim\runtime\plugin\matchit.vim
044.445  000.120  000.120: sourcing C:\Program Files\Neovim\share\nvim\runtime\plugin\matchparen.vim
044.585  000.026  000.026: sourcing C:\Program Files\Neovim\share\nvim\runtime\plugin\netrwPlugin.vim
045.169  000.480  000.480: sourcing C:\Program Files\Neovim\share\nvim\runtime\plugin\rplugin.vim
045.367  000.084  000.084: sourcing C:\Program Files\Neovim\share\nvim\runtime\plugin\tarPlugin.vim
045.784  000.305  000.305: sourcing C:\Program Files\Neovim\share\nvim\runtime\plugin\tutor.vim
046.005  000.104  000.104: sourcing C:\Program Files\Neovim\share\nvim\runtime\plugin\zipPlugin.vim
046.249  000.130  000.130: sourcing C:\Program Files\Neovim\share\nvim\runtime\plugin\editorconfig.lua
046.526  000.163  000.163: sourcing C:\Program Files\Neovim\share\nvim\runtime\plugin\man.lua
046.785  000.137  000.137: sourcing C:\Program Files\Neovim\share\nvim\runtime\plugin\net.lua
047.096  000.128  000.128: sourcing C:\Program Files\Neovim\share\nvim\runtime\plugin\osc52.lua
047.331  000.118  000.118: sourcing C:\Program Files\Neovim\share\nvim\runtime\plugin\shada.lua
047.522  000.063  000.063: sourcing C:\Program Files\Neovim\share\nvim\runtime\plugin\spellfile.lua
047.569  006.360: loading rtp plugins
047.818  000.249: loading packages
047.843  000.025: loading after plugins
047.858  000.015: inits 3
050.915  003.057: reading ShaDa
050.987  000.072: opening buffers
051.023  000.036: BufEnter autocommands
051.026  000.003: editing files in windows
051.469  000.413  000.413: require('plugin-loader')
052.484  000.132  000.132: require('mason-core.path')
052.983  000.119  000.119: require('mason-core.functional.data')
053.148  000.159  000.159: require('mason-core.functional.function')
053.363  000.208  000.208: require('mason-core.functional.list')
053.499  000.128  000.128: require('mason-core.functional.relation')
053.634  000.129  000.129: require('mason-core.functional.logic')
053.795  000.133  000.133: require('mason-core.functional.number')
053.953  000.151  000.151: require('mason-core.functional.string')
054.100  000.141  000.141: require('mason-core.functional.table')
054.221  000.115  000.115: require('mason-core.functional.type')
054.226  001.537  000.255: require('mason-core.functional')
054.268  001.778  000.241: require('mason-core.platform')
054.439  000.169  000.169: require('mason.settings')
054.445  002.249  000.170: require('mason-core.installer.InstallLocation')
054.996  000.210  000.210: require('mason-core.log')
055.001  000.346  000.137: require('mason-core.EventEmitter')
055.227  000.223  000.223: require('mason-registry.sources')
055.261  000.814  000.245: require('mason-registry')
055.264  003.224  000.161: require('mason')
055.699  000.286  000.286: require('mason.api.command')
056.572  000.172  000.172: sourcing C:\Users\dahls\AppData\Local\nvim-data\site\pack\core\opt\nvim-lspconfig\plugin\lspconfig.lua
057.170  000.082  000.082: require('lsp/configs/clangd')
057.266  000.090  000.090: require('lsp/configs/lua_ls')
059.068  000.760  000.760: require('vim.lsp.protocol')
059.121  001.128  000.368: require('vim.lsp.log')
060.209  000.039  000.039: require('vim._core.util')
060.225  001.099  001.060: require('vim.lsp.util')
061.002  000.359  000.359: require('vim.lsp.sync')
061.009  000.781  000.422: require('vim.lsp._changetracking')
061.833  000.331  000.331: require('vim.lsp._transport')
061.873  000.034  000.034: require('vim._core.stringbuffer')
061.882  000.869  000.504: require('vim.lsp.rpc')
061.943  004.672  000.795: require('vim.lsp')
062.053  000.102  000.102: require('lsp/configs/marksman')
062.151  000.093  000.093: require('lsp/configs/powershell_es')
062.518  000.356  000.356: require('lsp/configs/stylua')
064.868  000.790  000.790: require('vim.lsp.client')
070.670  000.231  000.231: require('gitsigns')
072.991  000.248  000.248: require('gitsigns.debug.log')
073.835  000.569  000.569: require('gitsigns.util')
073.845  000.849  000.280: require('gitsigns.config')
074.059  001.670  000.573: require('gitsigns.highlight')
074.245  000.170  000.170: require('gitsigns.debounce')
074.258  003.875  001.804: sourcing C:\Users\dahls\AppData\Local\nvim-data\site\pack\core\opt\gitsigns.nvim\plugin\gitsigns.lua
075.942  000.921  000.921: require('mini.surround')
079.481  013.380: VimEnter autocommands
080.288  000.440  000.440: require('vim.ui')
083.383  000.366  000.366: require('vim.treesitter.language')
083.698  000.308  000.308: require('vim.func')
084.079  000.376  000.376: require('vim.treesitter._range')
084.678  000.594  000.594: require('vim.func._memoize')
084.702  002.307  000.662: require('vim.treesitter.query')
084.710  003.006  000.700: require('vim.treesitter.languagetree')
084.715  003.497  000.490: require('vim.treesitter')
084.814  003.681  000.184: sourcing C:\Users\dahls\AppData\Local\nvim-data\site\pack\core\opt\nvim-treesitter\plugin\filetypes.lua
085.054  000.094  000.094: sourcing C:\Users\dahls\AppData\Local\nvim-data\site\pack\core\opt\nvim-treesitter\plugin\nvim-treesitter.lua
085.243  000.069  000.069: sourcing C:\Users\dahls\AppData\Local\nvim-data\site\pack\core\opt\nvim-treesitter\plugin\query_predicates.lua
085.564  000.128  000.128: require('nvim-treesitter')
086.172  000.278  000.278: require('nvim-treesitter.async')
086.355  000.178  000.178: require('nvim-treesitter.config')
086.513  000.153  000.153: require('nvim-treesitter.log')
087.281  000.763  000.763: require('nvim-treesitter.parsers')
087.516  000.230  000.230: require('nvim-treesitter.util')
087.526  001.957  000.355: require('nvim-treesitter.install')
088.261  000.731  000.731: require('nvim-treesitter.parsers')
089.093  000.161  000.161: require('nvim-treesitter-textobjects')
089.234  000.135  000.135: require('nvim-treesitter-textobjects.config')
089.300  002.423: UIEnter autocommands
089.793  000.494: before starting main loop
090.473  000.496  000.496: require('snacks.statuscolumn')
091.496  001.206: first screen update
091.499  000.004: --- NVIM STARTED ---

--- Startup times for process: Primary (or UI client) ---

times in msec
 clock   self+sourced   self:  sourced script
 clock   elapsed:              other lines

000.003  000.003: --- NVIM STARTING ---
000.036  000.034: event init
000.103  000.067: early init
011.149  011.046: locale set
011.178  000.028: init first window
011.682  000.504: inits 1
011.782  000.100: window checked
011.789  000.007: parsing arguments
012.502  000.358  000.358: require('vim._core.shared')
013.043  000.003  000.003: require('string.buffer')
013.072  000.179  000.175: require('vim.inspect')
013.252  000.171  000.171: require('vim._core.options')
013.254  000.748  000.398: require('vim._core.editor')
013.363  000.106  000.106: require('vim._core.system')
013.366  001.292  000.080: require('vim._init_packages')
013.370  000.289: init lua interpreter
021.708  008.338: nvim_ui_attach
021.924  000.216: nvim_set_client_info
021.927  000.003: --- NVIM STARTED ---

--- Startup times for process: Embedded ---

times in msec
 clock   self+sourced   self:  sourced script
 clock   elapsed:              other lines

000.002  000.002: --- NVIM STARTING ---
000.029  000.026: event init
000.099  000.070: early init
013.700  013.601: locale set
013.728  000.028: init first window
014.111  000.383: inits 1
014.124  000.013: window checked
014.127  000.003: parsing arguments
014.848  000.365  000.365: require('vim._core.shared')
015.411  000.003  000.003: require('string.buffer')
015.429  000.182  000.179: require('vim.inspect')
015.605  000.170  000.170: require('vim._core.options')
015.608  000.756  000.404: require('vim._core.editor')
015.722  000.112  000.112: require('vim._core.system')
015.724  001.311  000.078: require('vim._init_packages')
015.728  000.290: init lua interpreter
016.028  000.300: expanding arguments
016.045  000.018: inits 2
016.285  000.240: init highlight
016.287  000.002: waiting for UI
016.354  000.067: done waiting for UI
016.365  000.011: clear screen
016.869  000.033  000.033: require('vim.keymap')
017.360  000.115  000.115: sourcing nvim_exec2()
017.395  000.021  000.021: require('vim._core.log')
019.289  000.919  000.919: require('vim.tty')
019.366  000.061  000.061: require('vim.text')
022.180  005.812  004.664: require('vim._core.defaults')
022.186  000.008: init default mappings & autocommands
022.405  000.067  000.067: sourcing C:\Program Files\Neovim\share\nvim\runtime\ftplugin.vim
022.630  000.051  000.051: sourcing C:\Program Files\Neovim\share\nvim\runtime\indent.vim
024.388  000.016  000.016: require('vim.F')
024.466  001.130  001.114: require('vim.diagnostic')
024.476  001.571  000.441: require('general-options')
024.796  000.317  000.317: require('general-keymaps')
025.002  000.201  000.201: require('autocommands')
025.935  000.175  000.175: require('vim._async')
025.954  000.845  000.670: require('vim.pack')
026.257  000.253  000.253: require('vim.fs')
026.806  000.302  000.302: require('vim.version')
028.121  000.362  000.362: require('catppuccin')
028.504  000.144  000.144: require('catppuccin.lib.hashing')
029.648  001.950  001.444: sourcing C:\Users\dahls\AppData\Local\nvim-data\site\pack\core\opt\catppuccin-nvim\colors\catppuccin-mocha.lua
029.667  002.214  000.264: sourcing nvim_exec2() called at C:\Users\dahls\AppData\Local\nvim\init.lua:0
029.716  004.709  001.095: require('themes')
029.930  000.212  000.212: require('selection_expand_shrink')
030.110  000.175  000.175: require('note_buffers')
030.241  000.127  000.127: require('lsp.lsp_setup')
031.233  000.262  000.262: require('snacks')
031.448  000.182  000.182: require('snacks.picker')
031.728  000.274  000.274: require('snacks.picker.config')
032.231  000.351  000.351: require('snacks.util')
032.330  000.596  000.246: require('snacks.picker.config.highlights')
032.589  000.255  000.255: require('snacks.picker.config.defaults')
033.009  000.415  000.415: require('snacks.picker.config.sources')
033.196  000.182  000.182: require('snacks.picker.config.layouts')
034.659  004.411  002.244: require('snacks-nvim')
034.664  011.820  000.096: sourcing C:\Users\dahls\AppData\Local\nvim\init.lua
034.704  000.581: sourcing vimrc file(s)
035.139  000.120  000.120: sourcing nvim_exec2() called at C:\Program Files\Neovim\share\nvim\runtime\filetype.lua:0
035.145  000.227  000.107: sourcing C:\Program Files\Neovim\share\nvim\runtime\filetype.lua
035.801  000.078  000.078: sourcing C:\Program Files\Neovim\share\nvim\runtime\syntax\synload.vim
035.889  000.388  000.309: sourcing C:\Program Files\Neovim\share/nvim/runtime/syntax/syntax.vim
038.571  000.578  000.578: require('alpha')
038.703  000.127  000.127: require('screen')
038.736  001.507  000.802: sourcing C:\Users\dahls\AppData\Local\nvim\plugin\alpha-nvim.lua
038.923  000.073  000.073: sourcing C:\Users\dahls\AppData\Local\nvim\plugin\autopairs.lua
039.142  000.116  000.116: sourcing C:\Users\dahls\AppData\Local\nvim\plugin\blink_completion.lua
039.323  000.075  000.075: sourcing C:\Users\dahls\AppData\Local\nvim\plugin\diffview.lua
039.493  000.067  000.067: sourcing C:\Users\dahls\AppData\Local\nvim\plugin\gitsigns.lua
039.678  000.083  000.083: sourcing C:\Users\dahls\AppData\Local\nvim\plugin\lualine.lua
039.846  000.063  000.063: sourcing C:\Users\dahls\AppData\Local\nvim\plugin\mini.nvim.lua
040.024  000.075  000.075: sourcing C:\Users\dahls\AppData\Local\nvim\plugin\nvim-scrollview.lua
040.203  000.072  000.072: sourcing C:\Users\dahls\AppData\Local\nvim\plugin\nvim-treesitter.lua
040.374  000.066  000.066: sourcing C:\Users\dahls\AppData\Local\nvim\plugin\oil-nvim.lua
040.547  000.065  000.065: sourcing C:\Users\dahls\AppData\Local\nvim\plugin\render-markdown-nvim.lua
040.757  000.103  000.103: sourcing C:\Users\dahls\AppData\Local\nvim\plugin\treesitter-textobjects.lua
041.825  000.076  000.076: sourcing C:\Users\dahls\AppData\Local\nvim-data\site\pack\core\opt\which-key.nvim\plugin\which-key.lua
041.976  001.114  001.038: sourcing C:\Users\dahls\AppData\Local\nvim\plugin\which-key.lua
042.404  000.062  000.062: sourcing C:\Users\dahls\AppData\Local\nvim-data\site\pack\core\opt\snacks.nvim\plugin\snacks.lua
043.729  000.143  000.143: sourcing C:\Program Files\Neovim\share\nvim\runtime\plugin\gzip.vim
045.048  000.176  000.176: sourcing C:\Program Files\Neovim\share\nvim\runtime\pack\dist\opt\matchit\plugin\matchit.vim
045.133  001.292  001.116: sourcing C:\Program Files\Neovim\share\nvim\runtime\plugin\matchit.vim
045.368  000.128  000.128: sourcing C:\Program Files\Neovim\share\nvim\runtime\plugin\matchparen.vim
045.517  000.030  000.030: sourcing C:\Program Files\Neovim\share\nvim\runtime\plugin\netrwPlugin.vim
046.069  000.446  000.446: sourcing C:\Program Files\Neovim\share\nvim\runtime\plugin\rplugin.vim
046.264  000.087  000.087: sourcing C:\Program Files\Neovim\share\nvim\runtime\plugin\tarPlugin.vim
046.416  000.040  000.040: sourcing C:\Program Files\Neovim\share\nvim\runtime\plugin\tutor.vim
046.629  000.106  000.106: sourcing C:\Program Files\Neovim\share\nvim\runtime\plugin\zipPlugin.vim
046.849  000.105  000.105: sourcing C:\Program Files\Neovim\share\nvim\runtime\plugin\editorconfig.lua
047.072  000.110  000.110: sourcing C:\Program Files\Neovim\share\nvim\runtime\plugin\man.lua
047.391  000.207  000.207: sourcing C:\Program Files\Neovim\share\nvim\runtime\plugin\net.lua
047.628  000.119  000.119: sourcing C:\Program Files\Neovim\share\nvim\runtime\plugin\osc52.lua
047.862  000.122  000.122: sourcing C:\Program Files\Neovim\share\nvim\runtime\plugin\shada.lua
048.066  000.074  000.074: sourcing C:\Program Files\Neovim\share\nvim\runtime\plugin\spellfile.lua
048.115  006.242: loading rtp plugins
048.355  000.240: loading packages
048.379  000.025: loading after plugins
048.394  000.015: inits 3
051.448  003.054: reading ShaDa
051.522  000.074: opening buffers
051.560  000.037: BufEnter autocommands
051.562  000.003: editing files in windows
051.706  000.113  000.113: require('plugin-loader')
052.774  000.135  000.135: require('mason-core.path')
053.291  000.124  000.124: require('mason-core.functional.data')
053.458  000.161  000.161: require('mason-core.functional.function')
053.676  000.211  000.211: require('mason-core.functional.list')
053.817  000.133  000.133: require('mason-core.functional.relation')
053.959  000.137  000.137: require('mason-core.functional.logic')
054.095  000.130  000.130: require('mason-core.functional.number')
054.255  000.154  000.154: require('mason-core.functional.string')
054.407  000.145  000.145: require('mason-core.functional.table')
054.614  000.166  000.166: require('mason-core.functional.type')
054.620  001.634  000.274: require('mason-core.functional')
054.675  001.896  000.263: require('mason-core.platform')
054.890  000.212  000.212: require('mason.settings')
054.896  002.410  000.168: require('mason-core.installer.InstallLocation')
055.533  000.268  000.268: require('mason-core.log')
055.539  000.414  000.147: require('mason-core.EventEmitter')
055.777  000.235  000.235: require('mason-registry.sources')
055.848  000.949  000.299: require('mason-registry')
055.851  003.538  000.179: require('mason')
056.266  000.280  000.280: require('mason.api.command')
057.154  000.180  000.180: sourcing C:\Users\dahls\AppData\Local\nvim-data\site\pack\core\opt\nvim-lspconfig\plugin\lspconfig.lua
057.483  000.088  000.088: require('lsp/configs/clangd')
057.581  000.092  000.092: require('lsp/configs/lua_ls')
059.447  000.734  000.734: require('vim.lsp.protocol')
059.500  001.112  000.378: require('vim.lsp.log')
060.684  000.044  000.044: require('vim._core.util')
060.703  001.197  001.153: require('vim.lsp.util')
061.519  000.371  000.371: require('vim.lsp.sync')
061.526  000.820  000.449: require('vim.lsp._changetracking')
062.350  000.341  000.341: require('vim.lsp._transport')
062.395  000.040  000.040: require('vim._core.stringbuffer')
062.404  000.874  000.494: require('vim.lsp.rpc')
062.451  004.865  000.862: require('vim.lsp')
062.567  000.104  000.104: require('lsp/configs/marksman')
062.669  000.094  000.094: require('lsp/configs/powershell_es')
062.826  000.105  000.105: require('lsp/configs/stylua')
065.239  000.792  000.792: require('vim.lsp.client')
071.561  000.530  000.530: require('gitsigns')
073.946  000.257  000.257: require('gitsigns.debug.log')
074.542  000.312  000.312: require('gitsigns.util')
074.552  000.600  000.288: require('gitsigns.config')
074.755  001.441  000.583: require('gitsigns.highlight')
074.958  000.187  000.187: require('gitsigns.debounce')
074.977  004.017  001.859: sourcing C:\Users\dahls\AppData\Local\nvim-data\site\pack\core\opt\gitsigns.nvim\plugin\gitsigns.lua
077.086  001.307  001.307: require('mini.surround')
080.537  013.401: VimEnter autocommands
081.415  000.464  000.464: require('vim.ui')
084.975  000.388  000.388: require('vim.treesitter.language')
085.304  000.323  000.323: require('vim.func')
085.689  000.380  000.380: require('vim.treesitter._range')
086.036  000.341  000.341: require('vim.func._memoize')
086.059  002.167  000.736: require('vim.treesitter.query')
086.080  002.901  000.734: require('vim.treesitter.languagetree')
086.085  003.416  000.515: require('vim.treesitter')
086.142  003.569  000.153: sourcing C:\Users\dahls\AppData\Local\nvim-data\site\pack\core\opt\nvim-treesitter\plugin\filetypes.lua
086.383  000.104  000.104: sourcing C:\Users\dahls\AppData\Local\nvim-data\site\pack\core\opt\nvim-treesitter\plugin\nvim-treesitter.lua
086.584  000.076  000.076: sourcing C:\Users\dahls\AppData\Local\nvim-data\site\pack\core\opt\nvim-treesitter\plugin\query_predicates.lua
086.916  000.133  000.133: require('nvim-treesitter')
088.268  000.294  000.294: require('nvim-treesitter.async')
088.464  000.190  000.190: require('nvim-treesitter.config')
088.627  000.159  000.159: require('nvim-treesitter.log')
089.338  000.706  000.706: require('nvim-treesitter.parsers')
089.478  000.135  000.135: require('nvim-treesitter.util')
089.487  002.565  001.081: require('nvim-treesitter.install')
090.091  000.599  000.599: require('nvim-treesitter.parsers')
091.056  000.163  000.163: require('nvim-treesitter-textobjects')
091.233  000.170  000.170: require('nvim-treesitter-textobjects.config')
091.330  002.949: UIEnter autocommands
092.110  000.780: before starting main loop
092.864  000.552  000.552: require('snacks.statuscolumn')
093.362  000.700: first screen update
093.366  000.003: --- NVIM STARTED ---

--- Startup times for process: Primary (or UI client) ---

times in msec
 clock   self+sourced   self:  sourced script
 clock   elapsed:              other lines

000.003  000.003: --- NVIM STARTING ---
000.049  000.046: event init
000.142  000.093: early init
010.954  010.812: locale set
010.998  000.044: init first window
011.599  000.602: inits 1
011.694  000.095: window checked
011.706  000.012: parsing arguments
012.483  000.374  000.374: require('vim._core.shared')
013.014  000.003  000.003: require('string.buffer')
013.035  000.157  000.154: require('vim.inspect')
013.258  000.214  000.214: require('vim._core.options')
013.263  000.772  000.401: require('vim._core.editor')
013.388  000.122  000.122: require('vim._core.system')
013.391  001.348  000.079: require('vim._init_packages')
013.397  000.344: init lua interpreter
030.334  016.937: nvim_ui_attach
030.547  000.213: nvim_set_client_info
030.550  000.003: --- NVIM STARTED ---

--- Startup times for process: Embedded ---

times in msec
 clock   self+sourced   self:  sourced script
 clock   elapsed:              other lines

000.003  000.003: --- NVIM STARTING ---
000.028  000.025: event init
000.085  000.057: early init
010.664  010.579: locale set
010.689  000.026: init first window
011.064  000.375: inits 1
011.077  000.013: window checked
011.080  000.003: parsing arguments
011.774  000.358  000.358: require('vim._core.shared')
012.312  000.003  000.003: require('string.buffer')
012.340  000.180  000.177: require('vim.inspect')
012.517  000.169  000.169: require('vim._core.options')
012.520  000.741  000.392: require('vim._core.editor')
012.625  000.103  000.103: require('vim._core.system')
012.627  001.286  000.083: require('vim._init_packages')
012.631  000.265: init lua interpreter
012.921  000.291: expanding arguments
012.942  000.021: inits 2
013.193  000.251: init highlight
013.194  000.002: waiting for UI
013.300  000.105: done waiting for UI
013.314  000.015: clear screen
013.814  000.032  000.032: require('vim.keymap')
014.360  000.136  000.136: sourcing nvim_exec2()
014.405  000.020  000.020: require('vim._core.log')
016.376  001.008  001.008: require('vim.tty')
016.479  000.069  000.069: require('vim.text')
019.605  006.288  005.023: require('vim._core.defaults')
019.610  000.008: init default mappings & autocommands
019.861  000.079  000.079: sourcing C:\Program Files\Neovim\share\nvim\runtime\ftplugin.vim
020.098  000.051  000.051: sourcing C:\Program Files\Neovim\share\nvim\runtime\indent.vim
021.981  000.017  000.017: require('vim.F')
022.013  001.128  001.111: require('vim.diagnostic')
022.022  001.647  000.518: require('general-options')
022.301  000.276  000.276: require('general-keymaps')
022.504  000.199  000.199: require('autocommands')
023.450  000.178  000.178: require('vim._async')
023.462  000.851  000.672: require('vim.pack')
023.725  000.257  000.257: require('vim.fs')
024.266  000.306  000.306: require('vim.version')
026.033  000.321  000.321: require('catppuccin')
026.325  000.152  000.152: require('catppuccin.lib.hashing')
027.506  001.852  001.380: sourcing C:\Users\dahls\AppData\Local\nvim-data\site\pack\core\opt\catppuccin-nvim\colors\catppuccin-mocha.lua
027.526  002.150  000.298: sourcing nvim_exec2() called at C:\Users\dahls\AppData\Local\nvim\init.lua:0
027.574  005.066  001.503: require('themes')
027.756  000.180  000.180: require('selection_expand_shrink')
027.919  000.158  000.158: require('note_buffers')
028.046  000.122  000.122: require('lsp.lsp_setup')
029.038  000.267  000.267: require('snacks')
029.265  000.194  000.194: require('snacks.picker')
029.559  000.288  000.288: require('snacks.picker.config')
030.399  000.674  000.674: require('snacks.util')
030.499  000.934  000.259: require('snacks.picker.config.highlights')
030.780  000.277  000.277: require('snacks.picker.config.defaults')
031.208  000.423  000.423: require('snacks.picker.config.sources')
031.416  000.203  000.203: require('snacks.picker.config.layouts')
032.770  004.717  002.131: require('snacks-nvim')
032.774  012.461  000.096: sourcing C:\Users\dahls\AppData\Local\nvim\init.lua
032.815  000.613: sourcing vimrc file(s)
033.249  000.110  000.110: sourcing nvim_exec2() called at C:\Program Files\Neovim\share\nvim\runtime\filetype.lua:0
033.256  000.214  000.104: sourcing C:\Program Files\Neovim\share\nvim\runtime\filetype.lua
033.932  000.083  000.083: sourcing C:\Program Files\Neovim\share\nvim\runtime\syntax\synload.vim
034.031  000.410  000.328: sourcing C:\Program Files\Neovim\share/nvim/runtime/syntax/syntax.vim
036.935  000.578  000.578: require('alpha')
037.078  000.137  000.137: require('screen')
037.118  001.748  001.033: sourcing C:\Users\dahls\AppData\Local\nvim\plugin\alpha-nvim.lua
037.297  000.067  000.067: sourcing C:\Users\dahls\AppData\Local\nvim\plugin\autopairs.lua
037.512  000.112  000.112: sourcing C:\Users\dahls\AppData\Local\nvim\plugin\blink_completion.lua
037.687  000.071  000.071: sourcing C:\Users\dahls\AppData\Local\nvim\plugin\diffview.lua
037.851  000.063  000.063: sourcing C:\Users\dahls\AppData\Local\nvim\plugin\gitsigns.lua
038.033  000.082  000.082: sourcing C:\Users\dahls\AppData\Local\nvim\plugin\lualine.lua
038.200  000.063  000.063: sourcing C:\Users\dahls\AppData\Local\nvim\plugin\mini.nvim.lua
038.377  000.071  000.071: sourcing C:\Users\dahls\AppData\Local\nvim\plugin\nvim-scrollview.lua
038.549  000.067  000.067: sourcing C:\Users\dahls\AppData\Local\nvim\plugin\nvim-treesitter.lua
038.716  000.064  000.064: sourcing C:\Users\dahls\AppData\Local\nvim\plugin\oil-nvim.lua
038.895  000.066  000.066: sourcing C:\Users\dahls\AppData\Local\nvim\plugin\render-markdown-nvim.lua
039.118  000.117  000.117: sourcing C:\Users\dahls\AppData\Local\nvim\plugin\treesitter-textobjects.lua
040.170  000.079  000.079: sourcing C:\Users\dahls\AppData\Local\nvim-data\site\pack\core\opt\which-key.nvim\plugin\which-key.lua
040.325  001.103  001.024: sourcing C:\Users\dahls\AppData\Local\nvim\plugin\which-key.lua
040.700  000.058  000.058: sourcing C:\Users\dahls\AppData\Local\nvim-data\site\pack\core\opt\snacks.nvim\plugin\snacks.lua
042.425  000.142  000.142: sourcing C:\Program Files\Neovim\share\nvim\runtime\plugin\gzip.vim
043.740  000.173  000.173: sourcing C:\Program Files\Neovim\share\nvim\runtime\pack\dist\opt\matchit\plugin\matchit.vim
043.825  001.290  001.117: sourcing C:\Program Files\Neovim\share\nvim\runtime\plugin\matchit.vim
044.056  000.127  000.127: sourcing C:\Program Files\Neovim\share\nvim\runtime\plugin\matchparen.vim
044.196  000.027  000.027: sourcing C:\Program Files\Neovim\share\nvim\runtime\plugin\netrwPlugin.vim
044.760  000.443  000.443: sourcing C:\Program Files\Neovim\share\nvim\runtime\plugin\rplugin.vim
044.958  000.086  000.086: sourcing C:\Program Files\Neovim\share\nvim\runtime\plugin\tarPlugin.vim
045.107  000.038  000.038: sourcing C:\Program Files\Neovim\share\nvim\runtime\plugin\tutor.vim
045.314  000.102  000.102: sourcing C:\Program Files\Neovim\share\nvim\runtime\plugin\zipPlugin.vim
045.518  000.093  000.093: sourcing C:\Program Files\Neovim\share\nvim\runtime\plugin\editorconfig.lua
045.736  000.107  000.107: sourcing C:\Program Files\Neovim\share\nvim\runtime\plugin\man.lua
046.033  000.187  000.187: sourcing C:\Program Files\Neovim\share\nvim\runtime\plugin\net.lua
046.255  000.110  000.110: sourcing C:\Program Files\Neovim\share\nvim\runtime\plugin\osc52.lua
046.488  000.122  000.122: sourcing C:\Program Files\Neovim\share\nvim\runtime\plugin\shada.lua
046.698  000.085  000.085: sourcing C:\Program Files\Neovim\share\nvim\runtime\plugin\spellfile.lua
046.745  006.592: loading rtp plugins
047.295  000.550: loading packages
047.321  000.026: loading after plugins
047.336  000.015: inits 3
050.408  003.072: reading ShaDa
050.483  000.075: opening buffers
050.524  000.041: BufEnter autocommands
050.528  000.004: editing files in windows
050.672  000.111  000.111: require('plugin-loader')
051.770  000.146  000.146: require('mason-core.path')
052.608  000.404  000.404: require('mason-core.functional.data')
052.804  000.189  000.189: require('mason-core.functional.function')
053.034  000.223  000.223: require('mason-core.functional.list')
053.188  000.146  000.146: require('mason-core.functional.relation')
053.370  000.155  000.155: require('mason-core.functional.logic')
053.516  000.140  000.140: require('mason-core.functional.number')
053.691  000.169  000.169: require('mason-core.functional.string')
053.858  000.161  000.161: require('mason-core.functional.table')
053.999  000.134  000.134: require('mason-core.functional.type')
054.004  002.013  000.293: require('mason-core.functional')
054.053  002.278  000.265: require('mason-core.platform')
054.268  000.212  000.212: require('mason.settings')
054.274  002.817  000.181: require('mason-core.installer.InstallLocation')
054.908  000.239  000.239: require('mason-core.log')
054.913  000.397  000.158: require('mason-core.EventEmitter')
055.159  000.243  000.243: require('mason-registry.sources')
055.234  000.957  000.317: require('mason-registry')
055.237  003.965  000.191: require('mason')
055.618  000.282  000.282: require('mason.api.command')
056.462  000.175  000.175: sourcing C:\Users\dahls\AppData\Local\nvim-data\site\pack\core\opt\nvim-lspconfig\plugin\lspconfig.lua
056.830  000.099  000.099: require('lsp/configs/clangd')
056.926  000.090  000.090: require('lsp/configs/lua_ls')
058.993  000.722  000.722: require('vim.lsp.protocol')
059.046  001.370  000.647: require('vim.lsp.log')
060.149  000.038  000.038: require('vim._core.util')
060.166  001.114  001.076: require('vim.lsp.util')
060.978  000.380  000.380: require('vim.lsp.sync')
060.986  000.817  000.436: require('vim.lsp._changetracking')
061.839  000.346  000.346: require('vim.lsp._transport')
061.879  000.035  000.035: require('vim._core.stringbuffer')
061.889  000.900  000.519: require('vim.lsp.rpc')
061.940  005.010  000.809: require('vim.lsp')
062.049  000.100  000.100: require('lsp/configs/marksman')
062.146  000.092  000.092: require('lsp/configs/powershell_es')
062.301  000.128  000.128: require('lsp/configs/stylua')
064.835  000.859  000.859: require('vim.lsp.client')
071.189  000.281  000.281: require('gitsigns')
073.481  000.269  000.269: require('gitsigns.debug.log')
074.088  000.311  000.311: require('gitsigns.util')
074.098  000.610  000.299: require('gitsigns.config')
074.308  001.464  000.585: require('gitsigns.highlight')
074.518  000.190  000.190: require('gitsigns.debounce')
074.532  003.686  001.751: sourcing C:\Users\dahls\AppData\Local\nvim-data\site\pack\core\opt\gitsigns.nvim\plugin\gitsigns.lua
076.509  000.945  000.945: require('mini.surround')
079.864  013.794: VimEnter autocommands
081.007  000.467  000.467: require('vim.ui')
084.265  000.395  000.395: require('vim.treesitter.language')
084.590  000.319  000.319: require('vim.func')
084.987  000.392  000.392: require('vim.treesitter._range')
085.347  000.354  000.354: require('vim.func._memoize')
085.369  002.142  000.681: require('vim.treesitter.query')
085.397  002.882  000.740: require('vim.treesitter.languagetree')
085.402  003.426  000.544: require('vim.treesitter')
085.467  003.580  000.154: sourcing C:\Users\dahls\AppData\Local\nvim-data\site\pack\core\opt\nvim-treesitter\plugin\filetypes.lua
085.699  000.098  000.098: sourcing C:\Users\dahls\AppData\Local\nvim-data\site\pack\core\opt\nvim-treesitter\plugin\nvim-treesitter.lua
086.159  000.074  000.074: sourcing C:\Users\dahls\AppData\Local\nvim-data\site\pack\core\opt\nvim-treesitter\plugin\query_predicates.lua
086.503  000.146  000.146: require('nvim-treesitter')
087.171  000.298  000.298: require('nvim-treesitter.async')
087.380  000.203  000.203: require('nvim-treesitter.config')
087.553  000.169  000.169: require('nvim-treesitter.log')
088.286  000.728  000.728: require('nvim-treesitter.parsers')
088.431  000.140  000.140: require('nvim-treesitter.util')
088.450  001.941  000.404: require('nvim-treesitter.install')
089.138  000.685  000.685: require('nvim-treesitter.parsers')
090.077  000.179  000.179: require('nvim-treesitter-textobjects')
090.237  000.154  000.154: require('nvim-treesitter-textobjects.config')
090.290  003.103: UIEnter autocommands
090.813  000.523: before starting main loop
091.551  000.521  000.521: require('snacks.statuscolumn')
092.035  000.701: first screen update
092.038  000.003: --- NVIM STARTED ---

--- Startup times for process: Primary (or UI client) ---

times in msec
 clock   self+sourced   self:  sourced script
 clock   elapsed:              other lines

000.003  000.003: --- NVIM STARTING ---
000.050  000.046: event init
000.151  000.101: early init
010.547  010.397: locale set
010.591  000.043: init first window
011.228  000.637: inits 1
011.320  000.092: window checked
011.332  000.011: parsing arguments
012.419  000.610  000.610: require('vim._core.shared')
013.130  000.006  000.006: require('string.buffer')
013.162  000.259  000.253: require('vim.inspect')
013.338  000.167  000.167: require('vim._core.options')
013.341  000.914  000.488: require('vim._core.editor')
013.471  000.128  000.128: require('vim._core.system')
013.473  001.754  000.102: require('vim._init_packages')
013.477  000.391: init lua interpreter
021.811  008.334: nvim_ui_attach
022.026  000.215: nvim_set_client_info
022.029  000.003: --- NVIM STARTED ---

--- Startup times for process: Embedded ---

times in msec
 clock   self+sourced   self:  sourced script
 clock   elapsed:              other lines

000.002  000.002: --- NVIM STARTING ---
000.034  000.032: event init
000.097  000.063: early init
010.687  010.590: locale set
010.713  000.027: init first window
011.096  000.383: inits 1
011.109  000.013: window checked
011.112  000.003: parsing arguments
011.806  000.350  000.350: require('vim._core.shared')
012.304  000.003  000.003: require('string.buffer')
012.321  000.149  000.146: require('vim.inspect')
012.530  000.195  000.195: require('vim._core.options')
012.534  000.724  000.380: require('vim._core.editor')
012.656  000.119  000.119: require('vim._core.system')
012.659  001.263  000.070: require('vim._init_packages')
012.664  000.288: init lua interpreter
012.996  000.332: expanding arguments
013.017  000.021: inits 2
013.331  000.314: init highlight
013.333  000.003: waiting for UI
013.506  000.173: done waiting for UI
013.524  000.018: clear screen
014.009  000.029  000.029: require('vim.keymap')
014.526  000.133  000.133: sourcing nvim_exec2()
014.570  000.019  000.019: require('vim._core.log')
023.127  007.564  007.564: require('vim.tty')
023.226  000.077  000.077: require('vim.text')
026.647  013.120  005.297: require('vim._core.defaults')
026.652  000.008: init default mappings & autocommands
033.821  000.110  000.110: sourcing C:\Program Files\Neovim\share\nvim\runtime\ftplugin.vim
039.385  000.072  000.072: sourcing C:\Program Files\Neovim\share\nvim\runtime\indent.vim
056.609  000.018  000.018: require('vim.F')
056.643  006.818  006.801: require('vim.diagnostic')
056.652  012.734  005.915: require('general-options')
061.965  005.310  005.310: require('general-keymaps')
068.788  006.817  006.817: require('autocommands')
087.966  006.753  006.753: require('vim._async')
087.982  014.568  007.815: require('vim.pack')
088.276  000.282  000.282: require('vim.fs')
104.836  006.776  006.776: require('vim.version')
116.962  006.263  006.263: require('catppuccin')
127.090  005.885  005.885: require('catppuccin.lib.hashing')
133.125  022.520  010.371: sourcing C:\Users\dahls\AppData\Local\nvim-data\site\pack\core\opt\catppuccin-nvim\colors\catppuccin-mocha.lua
133.145  027.470  004.951: sourcing nvim_exec2() called at C:\Users\dahls\AppData\Local\nvim\init.lua:0
133.193  064.400  015.304: require('themes')
139.946  006.750  006.750: require('selection_expand_shrink')
144.911  004.960  004.960: require('note_buffers')
150.811  005.894  005.894: require('lsp.lsp_setup')
164.054  007.206  007.206: require('snacks')
171.585  007.492  007.492: require('snacks.picker')
178.874  007.279  007.279: require('snacks.picker.config')
193.558  008.499  008.499: require('snacks.util')
193.663  014.781  006.282: require('snacks.picker.config.highlights')
199.622  005.955  005.955: require('snacks.picker.config.defaults')
205.390  005.761  005.761: require('snacks.picker.config.sources')
210.421  005.025  005.025: require('snacks.picker.config.layouts')
211.953  061.133  007.635: require('snacks-nvim')
211.958  168.155  000.157: sourcing C:\Users\dahls\AppData\Local\nvim\init.lua
211.998  017.010: sourcing vimrc file(s)
217.403  000.134  000.134: sourcing nvim_exec2() called at C:\Program Files\Neovim\share\nvim\runtime\filetype.lua:0
217.412  000.298  000.164: sourcing C:\Program Files\Neovim\share\nvim\runtime\filetype.lua
232.621  000.115  000.115: sourcing C:\Program Files\Neovim\share\nvim\runtime\syntax\synload.vim
232.759  009.353  009.238: sourcing C:\Program Files\Neovim\share/nvim/runtime/syntax/syntax.vim
246.809  006.998  006.998: require('alpha')
251.630  004.814  004.814: require('screen')
251.689  012.809  000.997: sourcing C:\Users\dahls\AppData\Local\nvim\plugin\alpha-nvim.lua
256.636  000.136  000.136: sourcing C:\Users\dahls\AppData\Local\nvim\plugin\autopairs.lua
262.197  000.180  000.180: sourcing C:\Users\dahls\AppData\Local\nvim\plugin\blink_completion.lua
267.431  000.132  000.132: sourcing C:\Users\dahls\AppData\Local\nvim\plugin\diffview.lua
272.433  000.119  000.119: sourcing C:\Users\dahls\AppData\Local\nvim\plugin\gitsigns.lua
278.182  000.144  000.144: sourcing C:\Users\dahls\AppData\Local\nvim\plugin\lualine.lua
283.075  000.126  000.126: sourcing C:\Users\dahls\AppData\Local\nvim\plugin\mini.nvim.lua
288.902  000.125  000.125: sourcing C:\Users\dahls\AppData\Local\nvim\plugin\nvim-scrollview.lua
293.986  000.129  000.129: sourcing C:\Users\dahls\AppData\Local\nvim\plugin\nvim-treesitter.lua
298.865  000.127  000.127: sourcing C:\Users\dahls\AppData\Local\nvim\plugin\oil-nvim.lua
304.274  000.135  000.135: sourcing C:\Users\dahls\AppData\Local\nvim\plugin\render-markdown-nvim.lua
310.938  000.200  000.200: sourcing C:\Users\dahls\AppData\Local\nvim\plugin\treesitter-textobjects.lua
320.839  000.125  000.125: sourcing C:\Users\dahls\AppData\Local\nvim-data\site\pack\core\opt\which-key.nvim\plugin\which-key.lua
321.028  005.766  005.641: sourcing C:\Users\dahls\AppData\Local\nvim\plugin\which-key.lua
325.534  000.111  000.111: sourcing C:\Users\dahls\AppData\Local\nvim-data\site\pack\core\opt\snacks.nvim\plugin\snacks.lua
334.154  000.174  000.174: sourcing C:\Program Files\Neovim\share\nvim\runtime\plugin\gzip.vim
346.190  000.213  000.213: sourcing C:\Program Files\Neovim\share\nvim\runtime\pack\dist\opt\matchit\plugin\matchit.vim
346.308  007.937  007.724: sourcing C:\Program Files\Neovim\share\nvim\runtime\plugin\matchit.vim
353.186  000.163  000.163: sourcing C:\Program Files\Neovim\share\nvim\runtime\plugin\matchparen.vim
357.774  000.044  000.044: sourcing C:\Program Files\Neovim\share\nvim\runtime\plugin\netrwPlugin.vim
365.382  000.573  000.573: sourcing C:\Program Files\Neovim\share\nvim\runtime\plugin\rplugin.vim
371.824  000.114  000.114: sourcing C:\Program Files\Neovim\share\nvim\runtime\plugin\tarPlugin.vim
376.801  000.060  000.060: sourcing C:\Program Files\Neovim\share\nvim\runtime\plugin\tutor.vim
382.830  000.124  000.124: sourcing C:\Program Files\Neovim\share\nvim\runtime\plugin\zipPlugin.vim
387.403  000.154  000.154: sourcing C:\Program Files\Neovim\share\nvim\runtime\plugin\editorconfig.lua
392.589  000.199  000.199: sourcing C:\Program Files\Neovim\share\nvim\runtime\plugin\man.lua
399.749  000.275  000.275: sourcing C:\Program Files\Neovim\share\nvim\runtime\plugin\net.lua
405.712  000.176  000.176: sourcing C:\Program Files\Neovim\share\nvim\runtime\plugin\osc52.lua
412.034  000.185  000.185: sourcing C:\Program Files\Neovim\share\nvim\runtime\plugin\shada.lua
416.780  000.122  000.122: sourcing C:\Program Files\Neovim\share\nvim\runtime\plugin\spellfile.lua
416.843  164.658: loading rtp plugins
417.188  000.345: loading packages
417.242  000.055: loading after plugins
417.262  000.020: inits 3
426.832  009.569: reading ShaDa
426.915  000.083: opening buffers
426.974  000.059: BufEnter autocommands
426.979  000.006: editing files in windows
431.843  004.830  004.830: require('plugin-loader')
450.086  005.215  005.215: require('mason-core.path')
470.488  005.015  005.015: require('mason-core.functional.data')
479.079  008.582  008.582: require('mason-core.functional.function')
487.669  008.580  008.580: require('mason-core.functional.list')
493.598  005.918  005.918: require('mason-core.functional.relation')
499.969  006.363  006.363: require('mason-core.functional.logic')
506.466  006.489  006.489: require('mason-core.functional.number')
513.937  007.448  007.448: require('mason-core.functional.string')
520.501  006.544  006.544: require('mason-core.functional.table')
525.377  004.867  004.867: require('mason-core.functional.type')
525.386  068.083  008.277: require('mason-core.functional')
525.456  075.363  007.280: require('mason-core.platform')
531.544  006.084  006.084: require('mason.settings')
531.552  093.642  006.980: require('mason-core.installer.InstallLocation')
550.190  006.180  006.180: require('mason-core.log')
550.195  011.756  005.577: require('mason-core.EventEmitter')
557.263  007.064  007.064: require('mason-registry.sources')
557.395  025.839  007.018: require('mason-registry')
557.399  124.759  005.277: require('mason')
564.552  006.765  006.765: require('mason.api.command')
572.670  000.254  000.254: sourcing C:\Users\dahls\AppData\Local\nvim-data\site\pack\core\opt\nvim-lspconfig\plugin\lspconfig.lua
577.279  004.166  004.166: require('lsp/configs/clangd')
581.560  004.272  004.272: require('lsp/configs/lua_ls')
602.330  006.753  006.753: require('vim.lsp.protocol')
602.390  013.588  006.835: require('vim.lsp.log')
609.951  000.050  000.050: require('vim._core.util')
609.975  007.580  007.530: require('vim.lsp.util')
622.856  006.556  006.556: require('vim.lsp.sync')
622.866  012.887  006.331: require('vim.lsp._changetracking')
636.735  006.921  006.921: require('vim.lsp._transport')
636.784  000.042  000.042: require('vim._core.stringbuffer')
636.799  013.929  006.966: require('vim.lsp.rpc')
636.851  055.285  007.302: require('vim.lsp')
641.050  004.188  004.188: require('lsp/configs/marksman')
645.941  004.882  004.882: require('lsp/configs/powershell_es')
650.940  004.982  004.982: require('lsp/configs/stylua')
701.915  018.186  018.186: require('vim.lsp.client')
720.316  007.566  007.566: require('gitsigns')
735.138  007.096  007.096: require('gitsigns.debug.log')
748.730  007.904  007.904: require('gitsigns.util')
748.743  013.598  005.695: require('gitsigns.config')
749.006  026.817  006.123: require('gitsigns.highlight')
756.764  007.729  007.729: require('gitsigns.debounce')
756.783  044.354  002.242: sourcing C:\Users\dahls\AppData\Local\nvim-data\site\pack\core\opt\gitsigns.nvim\plugin\gitsigns.lua
766.334  008.163  008.163: require('mini.surround')
769.909  057.843: VimEnter autocommands
777.091  006.811  006.811: require('vim.ui')
808.604  006.188  006.188: require('vim.treesitter.language')
814.491  005.881  005.881: require('vim.func')
821.574  007.075  007.075: require('vim.treesitter._range')
828.122  006.540  006.540: require('vim.func._memoize')
828.150  032.408  006.724: require('vim.treesitter.query')
828.161  038.729  006.321: require('vim.treesitter.languagetree')
828.166  045.107  006.378: require('vim.treesitter')
828.261  045.349  000.242: sourcing C:\Users\dahls\AppData\Local\nvim-data\site\pack\core\opt\nvim-treesitter\plugin\filetypes.lua
834.193  000.159  000.159: sourcing C:\Users\dahls\AppData\Local\nvim-data\site\pack\core\opt\nvim-treesitter\plugin\nvim-treesitter.lua
839.319  000.128  000.128: sourcing C:\Users\dahls\AppData\Local\nvim-data\site\pack\core\opt\nvim-treesitter\plugin\query_predicates.lua
846.968  007.437  007.437: require('gitsigns.async')
852.415  005.262  005.262: require('nvim-treesitter')
866.188  007.026  007.026: require('nvim-treesitter.async')
872.847  006.652  006.652: require('nvim-treesitter.config')
879.408  006.554  006.554: require('nvim-treesitter.log')
889.959  010.544  010.544: require('nvim-treesitter.parsers')
894.733  004.767  004.767: require('nvim-treesitter.util')
894.747  042.324  006.782: require('nvim-treesitter.install')
895.636  000.884  000.884: require('nvim-treesitter.parsers')
901.310  004.545  004.545: require('nvim-treesitter-textobjects')
907.781  006.463  006.463: require('nvim-treesitter-textobjects.config')
907.927  018.656: UIEnter autocommands
913.239  005.311: before starting main loop
920.507  006.991  006.991: require('snacks.statuscolumn')
921.296  001.066: first screen update
921.299  000.003: --- NVIM STARTED ---

--- Startup times for process: Primary (or UI client) ---

times in msec
 clock   self+sourced   self:  sourced script
 clock   elapsed:              other lines

000.004  000.004: --- NVIM STARTING ---
000.052  000.048: event init
000.148  000.097: early init
011.412  011.264: locale set
011.454  000.043: init first window
012.035  000.581: inits 1
012.118  000.082: window checked
012.127  000.009: parsing arguments
012.900  000.371  000.371: require('vim._core.shared')
013.457  000.003  000.003: require('string.buffer')
013.487  000.183  000.180: require('vim.inspect')
013.671  000.176  000.176: require('vim._core.options')
013.674  000.769  000.409: require('vim._core.editor')
013.799  000.123  000.123: require('vim._core.system')
013.801  001.351  000.089: require('vim._init_packages')
013.806  000.327: init lua interpreter
021.348  007.543: nvim_ui_attach
021.575  000.227: nvim_set_client_info
021.578  000.003: --- NVIM STARTED ---

--- Startup times for process: Embedded ---

times in msec
 clock   self+sourced   self:  sourced script
 clock   elapsed:              other lines

000.003  000.003: --- NVIM STARTING ---
000.030  000.027: event init
000.096  000.066: early init
013.785  013.689: locale set
013.810  000.024: init first window
014.184  000.374: inits 1
014.197  000.013: window checked
014.200  000.003: parsing arguments
014.893  000.357  000.357: require('vim._core.shared')
015.438  000.003  000.003: require('string.buffer')
015.467  000.184  000.181: require('vim.inspect')
015.642  000.168  000.168: require('vim._core.options')
015.645  000.747  000.395: require('vim._core.editor')
015.754  000.107  000.107: require('vim._core.system')
015.756  001.291  000.080: require('vim._init_packages')
015.760  000.269: init lua interpreter
016.044  000.284: expanding arguments
016.065  000.021: inits 2
016.316  000.251: init highlight
016.318  000.002: waiting for UI
016.448  000.130: done waiting for UI
016.464  000.016: clear screen
016.993  000.033  000.033: require('vim.keymap')
017.511  000.136  000.136: sourcing nvim_exec2()
017.553  000.017  000.017: require('vim._core.log')
019.731  001.100  001.100: require('vim.tty')
019.810  000.062  000.062: require('vim.text')
022.566  006.099  004.751: require('vim._core.defaults')
022.571  000.008: init default mappings & autocommands
022.809  000.080  000.080: sourcing C:\Program Files\Neovim\share\nvim\runtime\ftplugin.vim
023.027  000.047  000.047: sourcing C:\Program Files\Neovim\share\nvim\runtime\indent.vim
024.779  000.017  000.017: require('vim.F')
024.811  001.115  001.098: require('vim.diagnostic')
024.821  001.527  000.412: require('general-options')
025.086  000.263  000.263: require('general-keymaps')
025.291  000.200  000.200: require('autocommands')
026.202  000.165  000.165: require('vim._async')
026.214  000.819  000.654: require('vim.pack')
026.483  000.262  000.262: require('vim.fs')
027.000  000.293  000.293: require('vim.version')
028.225  000.300  000.300: require('catppuccin')
028.474  000.136  000.136: require('catppuccin.lib.hashing')
029.626  001.757  001.322: sourcing C:\Users\dahls\AppData\Local\nvim-data\site\pack\core\opt\catppuccin-nvim\colors\catppuccin-mocha.lua
029.645  002.012  000.255: sourcing nvim_exec2() called at C:\Users\dahls\AppData\Local\nvim\init.lua:0
029.694  004.397  001.012: require('themes')
029.875  000.179  000.179: require('selection_expand_shrink')
030.035  000.155  000.155: require('note_buffers')
030.157  000.117  000.117: require('lsp.lsp_setup')
031.101  000.239  000.239: require('snacks')
031.330  000.183  000.183: require('snacks.picker')
031.609  000.272  000.272: require('snacks.picker.config')
032.101  000.346  000.346: require('snacks.util')
032.200  000.586  000.240: require('snacks.picker.config.highlights')
032.491  000.287  000.287: require('snacks.picker.config.defaults')
032.909  000.412  000.412: require('snacks.picker.config.sources')
033.087  000.174  000.174: require('snacks.picker.config.layouts')
034.775  004.612  002.460: require('snacks-nvim')
034.780  011.546  000.096: sourcing C:\Users\dahls\AppData\Local\nvim\init.lua
034.822  000.577: sourcing vimrc file(s)
035.246  000.109  000.109: sourcing nvim_exec2() called at C:\Program Files\Neovim\share\nvim\runtime\filetype.lua:0
035.252  000.213  000.105: sourcing C:\Program Files\Neovim\share\nvim\runtime\filetype.lua
035.897  000.080  000.080: sourcing C:\Program Files\Neovim\share\nvim\runtime\syntax\synload.vim
036.002  000.402  000.322: sourcing C:\Program Files\Neovim\share/nvim/runtime/syntax/syntax.vim
038.634  000.566  000.566: require('alpha')
038.771  000.132  000.132: require('screen')
038.800  001.449  000.752: sourcing C:\Users\dahls\AppData\Local\nvim\plugin\alpha-nvim.lua
038.969  000.060  000.060: sourcing C:\Users\dahls\AppData\Local\nvim\plugin\autopairs.lua
039.199  000.127  000.127: sourcing C:\Users\dahls\AppData\Local\nvim\plugin\blink_completion.lua
039.389  000.073  000.073: sourcing C:\Users\dahls\AppData\Local\nvim\plugin\diffview.lua
039.557  000.067  000.067: sourcing C:\Users\dahls\AppData\Local\nvim\plugin\gitsigns.lua
039.754  000.096  000.096: sourcing C:\Users\dahls\AppData\Local\nvim\plugin\lualine.lua
039.922  000.064  000.064: sourcing C:\Users\dahls\AppData\Local\nvim\plugin\mini.nvim.lua
040.105  000.072  000.072: sourcing C:\Users\dahls\AppData\Local\nvim\plugin\nvim-scrollview.lua
040.280  000.069  000.069: sourcing C:\Users\dahls\AppData\Local\nvim\plugin\nvim-treesitter.lua
040.454  000.069  000.069: sourcing C:\Users\dahls\AppData\Local\nvim\plugin\oil-nvim.lua
040.630  000.070  000.070: sourcing C:\Users\dahls\AppData\Local\nvim\plugin\render-markdown-nvim.lua
040.841  000.103  000.103: sourcing C:\Users\dahls\AppData\Local\nvim\plugin\treesitter-textobjects.lua
041.815  000.061  000.061: sourcing C:\Users\dahls\AppData\Local\nvim-data\site\pack\core\opt\which-key.nvim\plugin\which-key.lua
041.976  001.031  000.970: sourcing C:\Users\dahls\AppData\Local\nvim\plugin\which-key.lua
042.319  000.049  000.049: sourcing C:\Users\dahls\AppData\Local\nvim-data\site\pack\core\opt\snacks.nvim\plugin\snacks.lua
043.627  000.140  000.140: sourcing C:\Program Files\Neovim\share\nvim\runtime\plugin\gzip.vim
044.915  000.169  000.169: sourcing C:\Program Files\Neovim\share\nvim\runtime\pack\dist\opt\matchit\plugin\matchit.vim
045.003  001.266  001.097: sourcing C:\Program Files\Neovim\share\nvim\runtime\plugin\matchit.vim
045.242  000.133  000.133: sourcing C:\Program Files\Neovim\share\nvim\runtime\plugin\matchparen.vim
045.381  000.024  000.024: sourcing C:\Program Files\Neovim\share\nvim\runtime\plugin\netrwPlugin.vim
045.945  000.460  000.460: sourcing C:\Program Files\Neovim\share\nvim\runtime\plugin\rplugin.vim
046.143  000.085  000.085: sourcing C:\Program Files\Neovim\share\nvim\runtime\plugin\tarPlugin.vim
046.289  000.035  000.035: sourcing C:\Program Files\Neovim\share\nvim\runtime\plugin\tutor.vim
046.513  000.118  000.118: sourcing C:\Program Files\Neovim\share\nvim\runtime\plugin\zipPlugin.vim
046.704  000.074  000.074: sourcing C:\Program Files\Neovim\share\nvim\runtime\plugin\editorconfig.lua
046.901  000.088  000.088: sourcing C:\Program Files\Neovim\share\nvim\runtime\plugin\man.lua
047.133  000.120  000.120: sourcing C:\Program Files\Neovim\share\nvim\runtime\plugin\net.lua
047.338  000.094  000.094: sourcing C:\Program Files\Neovim\share\nvim\runtime\plugin\osc52.lua
047.577  000.120  000.120: sourcing C:\Program Files\Neovim\share\nvim\runtime\plugin\shada.lua
047.770  000.063  000.063: sourcing C:\Program Files\Neovim\share\nvim\runtime\plugin\spellfile.lua
047.816  006.161: loading rtp plugins
048.066  000.249: loading packages
048.091  000.026: loading after plugins
048.106  000.015: inits 3
051.221  003.115: reading ShaDa
051.297  000.076: opening buffers
051.336  000.040: BufEnter autocommands
051.341  000.005: editing files in windows
051.481  000.107  000.107: require('plugin-loader')
052.482  000.128  000.128: require('mason-core.path')
053.013  000.136  000.136: require('mason-core.functional.data')
053.181  000.163  000.163: require('mason-core.functional.function')
053.390  000.202  000.202: require('mason-core.functional.list')
053.525  000.127  000.127: require('mason-core.functional.relation')
053.658  000.128  000.128: require('mason-core.functional.logic')
053.785  000.121  000.121: require('mason-core.functional.number')
053.942  000.150  000.150: require('mason-core.functional.string')
054.095  000.147  000.147: require('mason-core.functional.table')
054.216  000.115  000.115: require('mason-core.functional.type')
054.221  001.530  000.241: require('mason-core.functional')
054.267  001.779  000.249: require('mason-core.platform')
054.458  000.188  000.188: require('mason.settings')
054.464  002.255  000.160: require('mason-core.installer.InstallLocation')
055.023  000.208  000.208: require('mason-core.log')
055.029  000.346  000.137: require('mason-core.EventEmitter')
055.250  000.218  000.218: require('mason-registry.sources')
055.305  000.838  000.274: require('mason-registry')
055.308  003.258  000.164: require('mason')
055.699  000.265  000.265: require('mason.api.command')
056.592  000.171  000.171: sourcing C:\Users\dahls\AppData\Local\nvim-data\site\pack\core\opt\nvim-lspconfig\plugin\lspconfig.lua
056.926  000.098  000.098: require('lsp/configs/clangd')
057.017  000.085  000.085: require('lsp/configs/lua_ls')
058.763  000.697  000.697: require('vim.lsp.protocol')
058.815  001.078  000.381: require('vim.lsp.log')
059.896  000.038  000.038: require('vim._core.util')
059.912  001.092  001.054: require('vim.lsp.util')
060.716  000.387  000.387: require('vim.lsp.sync')
060.724  000.809  000.422: require('vim.lsp._changetracking')
061.539  000.327  000.327: require('vim.lsp._transport')
061.580  000.036  000.036: require('vim._core.stringbuffer')
061.590  000.863  000.500: require('vim.lsp.rpc')
061.633  004.610  000.769: require('vim.lsp')
061.761  000.100  000.100: require('lsp/configs/marksman')
061.862  000.095  000.095: require('lsp/configs/powershell_es')
062.013  000.101  000.101: require('lsp/configs/stylua')
064.436  000.857  000.857: require('vim.lsp.client')
070.263  000.229  000.229: require('gitsigns')
072.522  000.260  000.260: require('gitsigns.debug.log')
073.119  000.318  000.318: require('gitsigns.util')
073.129  000.601  000.283: require('gitsigns.config')
073.347  001.436  000.576: require('gitsigns.highlight')
073.537  000.170  000.170: require('gitsigns.debounce')
073.550  003.576  001.740: sourcing C:\Users\dahls\AppData\Local\nvim-data\site\pack\core\opt\gitsigns.nvim\plugin\gitsigns.lua
075.235  000.921  000.921: require('mini.surround')
078.551  012.965: VimEnter autocommands
079.525  000.451  000.451: require('vim.ui')
082.682  000.369  000.369: require('vim.treesitter.language')
082.992  000.304  000.304: require('vim.func')
083.357  000.360  000.360: require('vim.treesitter._range')
083.693  000.330  000.330: require('vim.func._memoize')
083.715  002.024  000.661: require('vim.treesitter.query')
083.724  002.710  000.686: require('vim.treesitter.languagetree')
083.729  003.204  000.494: require('vim.treesitter')
083.805  003.363  000.159: sourcing C:\Users\dahls\AppData\Local\nvim-data\site\pack\core\opt\nvim-treesitter\plugin\filetypes.lua
084.030  000.091  000.091: sourcing C:\Users\dahls\AppData\Local\nvim-data\site\pack\core\opt\nvim-treesitter\plugin\nvim-treesitter.lua
084.219  000.064  000.064: sourcing C:\Users\dahls\AppData\Local\nvim-data\site\pack\core\opt\nvim-treesitter\plugin\query_predicates.lua
084.534  000.126  000.126: require('nvim-treesitter')
085.120  000.268  000.268: require('nvim-treesitter.async')
085.299  000.173  000.173: require('nvim-treesitter.config')
085.451  000.148  000.148: require('nvim-treesitter.log')
086.202  000.746  000.746: require('nvim-treesitter.parsers')
086.326  000.118  000.118: require('nvim-treesitter.util')
086.335  001.795  000.342: require('nvim-treesitter.install')
086.995  000.656  000.656: require('nvim-treesitter.parsers')
087.843  000.147  000.147: require('nvim-treesitter-textobjects')
087.979  000.130  000.130: require('nvim-treesitter-textobjects.config')
088.037  002.662: UIEnter autocommands
088.547  000.510: before starting main loop
089.296  000.518  000.518: require('snacks.statuscolumn')
090.145  001.079: first screen update
090.148  000.004: --- NVIM STARTED ---

--- Startup times for process: Primary (or UI client) ---

times in msec
 clock   self+sourced   self:  sourced script
 clock   elapsed:              other lines

000.004  000.004: --- NVIM STARTING ---
000.042  000.038: event init
000.134  000.092: early init
010.878  010.744: locale set
010.908  000.030: init first window
011.454  000.546: inits 1
011.541  000.087: window checked
011.551  000.011: parsing arguments
012.407  000.418  000.418: require('vim._core.shared')
013.238  000.004  000.004: require('string.buffer')
013.268  000.455  000.451: require('vim.inspect')
013.473  000.197  000.197: require('vim._core.options')
013.477  001.065  000.413: require('vim._core.editor')
013.582  000.103  000.103: require('vim._core.system')
013.584  001.680  000.094: require('vim._init_packages')
013.588  000.356: init lua interpreter
030.966  017.378: nvim_ui_attach
031.225  000.260: nvim_set_client_info
031.229  000.004: --- NVIM STARTED ---

--- Startup times for process: Embedded ---

times in msec
 clock   self+sourced   self:  sourced script
 clock   elapsed:              other lines

000.003  000.003: --- NVIM STARTING ---
000.034  000.031: event init
000.089  000.056: early init
011.571  011.481: locale set
011.610  000.039: init first window
011.995  000.386: inits 1
012.008  000.013: window checked
012.017  000.009: parsing arguments
012.806  000.400  000.400: require('vim._core.shared')
013.353  000.003  000.003: require('string.buffer')
013.382  000.188  000.185: require('vim.inspect')
013.556  000.165  000.165: require('vim._core.options')
013.559  000.746  000.394: require('vim._core.editor')
013.666  000.103  000.103: require('vim._core.system')
013.669  001.389  000.141: require('vim._init_packages')
013.674  000.268: init lua interpreter
014.086  000.412: expanding arguments
014.112  000.027: inits 2
014.433  000.321: init highlight
014.437  000.004: waiting for UI
014.515  000.078: done waiting for UI
014.528  000.013: clear screen
015.104  000.037  000.037: require('vim.keymap')
015.619  000.114  000.114: sourcing nvim_exec2()
015.655  000.016  000.016: require('vim._core.log')
017.672  000.963  000.963: require('vim.tty')
017.754  000.067  000.067: require('vim.text')
020.680  006.148  004.951: require('vim._core.defaults')
020.685  000.009: init default mappings & autocommands
020.916  000.070  000.070: sourcing C:\Program Files\Neovim\share\nvim\runtime\ftplugin.vim
021.154  000.052  000.052: sourcing C:\Program Files\Neovim\share\nvim\runtime\indent.vim
023.081  000.015  000.015: require('vim.F')
023.113  001.137  001.122: require('vim.diagnostic')
023.124  001.647  000.509: require('general-options')
023.406  000.280  000.280: require('general-keymaps')
023.637  000.226  000.226: require('autocommands')
024.605  000.184  000.184: require('vim._async')
024.616  000.854  000.670: require('vim.pack')
024.876  000.254  000.254: require('vim.fs')
025.436  000.308  000.308: require('vim.version')
026.782  000.329  000.329: require('catppuccin')
027.150  000.174  000.174: require('catppuccin.lib.hashing')
028.322  001.940  001.438: sourcing C:\Users\dahls\AppData\Local\nvim-data\site\pack\core\opt\catppuccin-nvim\colors\catppuccin-mocha.lua
028.342  002.235  000.295: sourcing nvim_exec2() called at C:\Users\dahls\AppData\Local\nvim\init.lua:0
028.389  004.748  001.097: require('themes')
028.581  000.190  000.190: require('selection_expand_shrink')
028.780  000.194  000.194: require('note_buffers')
028.934  000.150  000.150: require('lsp.lsp_setup')
029.922  000.272  000.272: require('snacks')
030.164  000.212  000.212: require('snacks.picker')
030.467  000.297  000.297: require('snacks.picker.config')
031.005  000.364  000.364: require('snacks.util')
031.101  000.628  000.264: require('snacks.picker.config.highlights')
031.384  000.280  000.280: require('snacks.picker.config.defaults')
031.832  000.443  000.443: require('snacks.picker.config.sources')
032.038  000.200  000.200: require('snacks.picker.config.layouts')
033.643  004.702  002.372: require('snacks-nvim')
033.648  012.263  000.126: sourcing C:\Users\dahls\AppData\Local\nvim\init.lua
033.689  000.619: sourcing vimrc file(s)
034.125  000.109  000.109: sourcing nvim_exec2() called at C:\Program Files\Neovim\share\nvim\runtime\filetype.lua:0
034.130  000.221  000.113: sourcing C:\Program Files\Neovim\share\nvim\runtime\filetype.lua
034.811  000.072  000.072: sourcing C:\Program Files\Neovim\share\nvim\runtime\syntax\synload.vim
034.912  000.401  000.329: sourcing C:\Program Files\Neovim\share/nvim/runtime/syntax/syntax.vim
037.754  000.590  000.590: require('alpha')
037.916  000.157  000.157: require('screen')
037.951  001.593  000.847: sourcing C:\Users\dahls\AppData\Local\nvim\plugin\alpha-nvim.lua
038.148  000.081  000.081: sourcing C:\Users\dahls\AppData\Local\nvim\plugin\autopairs.lua
038.400  000.141  000.141: sourcing C:\Users\dahls\AppData\Local\nvim\plugin\blink_completion.lua
038.605  000.093  000.093: sourcing C:\Users\dahls\AppData\Local\nvim\plugin\diffview.lua
038.790  000.078  000.078: sourcing C:\Users\dahls\AppData\Local\nvim\plugin\gitsigns.lua
039.002  000.105  000.105: sourcing C:\Users\dahls\AppData\Local\nvim\plugin\lualine.lua
039.192  000.085  000.085: sourcing C:\Users\dahls\AppData\Local\nvim\plugin\mini.nvim.lua
039.380  000.081  000.081: sourcing C:\Users\dahls\AppData\Local\nvim\plugin\nvim-scrollview.lua
039.573  000.085  000.085: sourcing C:\Users\dahls\AppData\Local\nvim\plugin\nvim-treesitter.lua
039.766  000.085  000.085: sourcing C:\Users\dahls\AppData\Local\nvim\plugin\oil-nvim.lua
039.950  000.075  000.075: sourcing C:\Users\dahls\AppData\Local\nvim\plugin\render-markdown-nvim.lua
040.178  000.123  000.123: sourcing C:\Users\dahls\AppData\Local\nvim\plugin\treesitter-textobjects.lua
041.237  000.079  000.079: sourcing C:\Users\dahls\AppData\Local\nvim-data\site\pack\core\opt\which-key.nvim\plugin\which-key.lua
041.386  001.098  001.020: sourcing C:\Users\dahls\AppData\Local\nvim\plugin\which-key.lua
041.763  000.060  000.060: sourcing C:\Users\dahls\AppData\Local\nvim-data\site\pack\core\opt\snacks.nvim\plugin\snacks.lua
043.181  000.137  000.137: sourcing C:\Program Files\Neovim\share\nvim\runtime\plugin\gzip.vim
044.528  000.172  000.172: sourcing C:\Program Files\Neovim\share\nvim\runtime\pack\dist\opt\matchit\plugin\matchit.vim
044.622  001.319  001.147: sourcing C:\Program Files\Neovim\share\nvim\runtime\plugin\matchit.vim
044.860  000.123  000.123: sourcing C:\Program Files\Neovim\share\nvim\runtime\plugin\matchparen.vim
045.046  000.029  000.029: sourcing C:\Program Files\Neovim\share\nvim\runtime\plugin\netrwPlugin.vim
045.606  000.433  000.433: sourcing C:\Program Files\Neovim\share\nvim\runtime\plugin\rplugin.vim
045.804  000.084  000.084: sourcing C:\Program Files\Neovim\share\nvim\runtime\plugin\tarPlugin.vim
045.966  000.037  000.037: sourcing C:\Program Files\Neovim\share\nvim\runtime\plugin\tutor.vim
046.184  000.105  000.105: sourcing C:\Program Files\Neovim\share\nvim\runtime\plugin\zipPlugin.vim
046.396  000.086  000.086: sourcing C:\Program Files\Neovim\share\nvim\runtime\plugin\editorconfig.lua
046.605  000.101  000.101: sourcing C:\Program Files\Neovim\share\nvim\runtime\plugin\man.lua
046.842  000.126  000.126: sourcing C:\Program Files\Neovim\share\nvim\runtime\plugin\net.lua
047.053  000.098  000.098: sourcing C:\Program Files\Neovim\share\nvim\runtime\plugin\osc52.lua
047.275  000.114  000.114: sourcing C:\Program Files\Neovim\share\nvim\runtime\plugin\shada.lua
047.459  000.069  000.069: sourcing C:\Program Files\Neovim\share\nvim\runtime\plugin\spellfile.lua
047.504  006.548: loading rtp plugins
047.736  000.231: loading packages
047.759  000.024: loading after plugins
047.776  000.017: inits 3
050.820  003.044: reading ShaDa
050.894  000.074: opening buffers
050.930  000.036: BufEnter autocommands
050.933  000.003: editing files in windows
051.096  000.132  000.132: require('plugin-loader')
052.204  000.168  000.168: require('mason-core.path')
052.849  000.150  000.150: require('mason-core.functional.data')
053.042  000.186  000.186: require('mason-core.functional.function')
053.284  000.235  000.235: require('mason-core.functional.list')
053.452  000.159  000.159: require('mason-core.functional.relation')
053.630  000.173  000.173: require('mason-core.functional.logic')
053.805  000.155  000.155: require('mason-core.functional.number')
054.009  000.187  000.187: require('mason-core.functional.string')
054.193  000.177  000.177: require('mason-core.functional.table')
054.344  000.144  000.144: require('mason-core.functional.type')
054.349  001.901  000.333: require('mason-core.functional')
054.392  002.182  000.282: require('mason-core.platform')
054.617  000.222  000.222: require('mason.settings')
054.623  002.772  000.200: require('mason-core.installer.InstallLocation')
055.391  000.303  000.303: require('mason-core.log')
055.397  000.512  000.209: require('mason-core.EventEmitter')
055.662  000.263  000.263: require('mason-registry.sources')
055.825  001.200  000.425: require('mason-registry')
055.829  004.171  000.199: require('mason')
056.212  000.294  000.294: require('mason.api.command')
057.139  000.177  000.177: sourcing C:\Users\dahls\AppData\Local\nvim-data\site\pack\core\opt\nvim-lspconfig\plugin\lspconfig.lua
057.488  000.107  000.107: require('lsp/configs/clangd')
057.603  000.108  000.108: require('lsp/configs/lua_ls')
059.457  000.769  000.769: require('vim.lsp.protocol')
059.510  001.158  000.389: require('vim.lsp.log')
060.601  000.036  000.036: require('vim._core.util')
060.617  001.103  001.067: require('vim.lsp.util')
061.455  000.391  000.391: require('vim.lsp.sync')
061.462  000.841  000.451: require('vim.lsp._changetracking')
062.334  000.357  000.357: require('vim.lsp._transport')
062.378  000.039  000.039: require('vim._core.stringbuffer')
062.387  000.922  000.526: require('vim.lsp.rpc')
062.429  004.822  000.797: require('vim.lsp')
062.575  000.128  000.128: require('lsp/configs/marksman')
062.696  000.114  000.114: require('lsp/configs/powershell_es')
062.858  000.117  000.117: require('lsp/configs/stylua')
065.265  000.797  000.797: require('vim.lsp.client')
070.952  000.266  000.266: require('gitsigns')
073.232  000.281  000.281: require('gitsigns.debug.log')
073.845  000.310  000.310: require('gitsigns.util')
073.855  000.617  000.307: require('gitsigns.config')
074.082  001.524  000.627: require('gitsigns.highlight')
074.331  000.230  000.230: require('gitsigns.debounce')
074.346  003.722  001.702: sourcing C:\Users\dahls\AppData\Local\nvim-data\site\pack\core\opt\gitsigns.nvim\plugin\gitsigns.lua
076.145  000.975  000.975: require('mini.surround')
079.397  012.799: VimEnter autocommands
080.268  000.456  000.456: require('vim.ui')
083.506  000.385  000.385: require('vim.treesitter.language')
083.862  000.335  000.335: require('vim.func')
084.266  000.399  000.399: require('vim.treesitter._range')
084.629  000.357  000.357: require('vim.func._memoize')
084.651  002.169  000.692: require('vim.treesitter.query')
084.684  002.917  000.748: require('vim.treesitter.languagetree')
084.689  003.447  000.530: require('vim.treesitter')
084.757  003.614  000.167: sourcing C:\Users\dahls\AppData\Local\nvim-data\site\pack\core\opt\nvim-treesitter\plugin\filetypes.lua
085.043  000.152  000.152: sourcing C:\Users\dahls\AppData\Local\nvim-data\site\pack\core\opt\nvim-treesitter\plugin\nvim-treesitter.lua
085.297  000.102  000.102: sourcing C:\Users\dahls\AppData\Local\nvim-data\site\pack\core\opt\nvim-treesitter\plugin\query_predicates.lua
085.755  000.199  000.199: require('nvim-treesitter')
086.579  000.379  000.379: require('nvim-treesitter.async')
086.854  000.268  000.268: require('nvim-treesitter.config')
087.103  000.244  000.244: require('nvim-treesitter.log')
088.119  001.009  001.009: require('nvim-treesitter.parsers')
088.328  000.202  000.202: require('nvim-treesitter.util')
088.340  002.578  000.477: require('nvim-treesitter.install')
089.251  000.906  000.906: require('nvim-treesitter.parsers')
090.471  000.242  000.242: require('nvim-treesitter-textobjects')
090.712  000.234  000.234: require('nvim-treesitter-textobjects.config')
090.785  002.906: UIEnter autocommands
091.320  000.535: before starting main loop
092.058  000.547  000.547: require('snacks.statuscolumn')
092.566  000.699: first screen update
092.569  000.003: --- NVIM STARTED ---

--- Startup times for process: Primary (or UI client) ---

times in msec
 clock   self+sourced   self:  sourced script
 clock   elapsed:              other lines

000.003  000.003: --- NVIM STARTING ---
000.033  000.030: event init
000.103  000.070: early init
010.703  010.600: locale set
010.733  000.030: init first window
011.257  000.524: inits 1
011.337  000.081: window checked
011.344  000.007: parsing arguments
012.355  000.387  000.387: require('vim._core.shared')
012.910  000.004  000.004: require('string.buffer')
012.940  000.183  000.180: require('vim.inspect')
013.116  000.168  000.168: require('vim._core.options')
013.118  000.757  000.406: require('vim._core.editor')
013.226  000.105  000.105: require('vim._core.system')
013.228  001.335  000.085: require('vim._init_packages')
013.232  000.553: init lua interpreter
021.184  007.952: nvim_ui_attach
021.390  000.206: nvim_set_client_info
021.393  000.003: --- NVIM STARTED ---

--- Startup times for process: Embedded ---

times in msec
 clock   self+sourced   self:  sourced script
 clock   elapsed:              other lines

000.003  000.003: --- NVIM STARTING ---
000.028  000.026: event init
000.087  000.059: early init
012.190  012.103: locale set
012.218  000.027: init first window
012.582  000.364: inits 1
012.594  000.012: window checked
012.597  000.003: parsing arguments
013.301  000.368  000.368: require('vim._core.shared')
013.858  000.004  000.004: require('string.buffer')
013.876  000.180  000.176: require('vim.inspect')
014.052  000.170  000.170: require('vim._core.options')
014.055  000.749  000.400: require('vim._core.editor')
014.162  000.106  000.106: require('vim._core.system')
014.165  001.285  000.062: require('vim._init_packages')
014.168  000.286: init lua interpreter
014.465  000.296: expanding arguments
014.481  000.016: inits 2
014.721  000.240: init highlight
014.723  000.002: waiting for UI
014.826  000.104: done waiting for UI
014.837  000.011: clear screen
015.631  000.032  000.032: require('vim.keymap')
016.291  000.142  000.142: sourcing nvim_exec2()
016.329  000.022  000.022: require('vim._core.log')
018.223  000.932  000.932: require('vim.tty')
018.305  000.067  000.067: require('vim.text')
021.337  006.496  005.301: require('vim._core.defaults')
021.342  000.009: init default mappings & autocommands
021.566  000.062  000.062: sourcing C:\Program Files\Neovim\share\nvim\runtime\ftplugin.vim
021.803  000.061  000.061: sourcing C:\Program Files\Neovim\share\nvim\runtime\indent.vim
023.529  000.015  000.015: require('vim.F')
023.561  001.095  001.080: require('vim.diagnostic')
023.570  001.503  000.408: require('general-options')
023.916  000.343  000.343: require('general-keymaps')
024.120  000.200  000.200: require('autocommands')
025.021  000.163  000.163: require('vim._async')
025.039  000.816  000.652: require('vim.pack')
025.309  000.263  000.263: require('vim.fs')
025.875  000.293  000.293: require('vim.version')
027.805  000.290  000.290: require('catppuccin')
028.101  000.142  000.142: require('catppuccin.lib.hashing')
029.249  001.790  001.357: sourcing C:\Users\dahls\AppData\Local\nvim-data\site\pack\core\opt\catppuccin-nvim\colors\catppuccin-mocha.lua
029.268  002.053  000.263: sourcing nvim_exec2() called at C:\Users\dahls\AppData\Local\nvim\init.lua:0
029.321  005.196  001.772: require('themes')
029.498  000.174  000.174: require('selection_expand_shrink')
029.648  000.146  000.146: require('note_buffers')
029.769  000.116  000.116: require('lsp.lsp_setup')
029.900  000.125  000.125: require('snacks-nvim')
029.904  007.897  000.094: sourcing C:\Users\dahls\AppData\Local\nvim\init.lua
029.934  000.570: sourcing vimrc file(s)
030.308  000.103  000.103: sourcing nvim_exec2() called at C:\Program Files\Neovim\share\nvim\runtime\filetype.lua:0
030.315  000.194  000.091: sourcing C:\Program Files\Neovim\share\nvim\runtime\filetype.lua
030.939  000.074  000.074: sourcing C:\Program Files\Neovim\share\nvim\runtime\syntax\synload.vim
031.027  000.363  000.289: sourcing C:\Program Files\Neovim\share/nvim/runtime/syntax/syntax.vim
034.087  000.452  000.452: require('alpha')
034.205  000.112  000.112: require('screen')
034.245  001.327  000.763: sourcing C:\Users\dahls\AppData\Local\nvim\plugin\alpha-nvim.lua
034.416  000.054  000.054: sourcing C:\Users\dahls\AppData\Local\nvim\plugin\autopairs.lua
034.593  000.076  000.076: sourcing C:\Users\dahls\AppData\Local\nvim\plugin\blink_completion.lua
034.755  000.060  000.060: sourcing C:\Users\dahls\AppData\Local\nvim\plugin\diffview.lua
034.907  000.051  000.051: sourcing C:\Users\dahls\AppData\Local\nvim\plugin\gitsigns.lua
035.067  000.060  000.060: sourcing C:\Users\dahls\AppData\Local\nvim\plugin\lualine.lua
035.221  000.053  000.053: sourcing C:\Users\dahls\AppData\Local\nvim\plugin\mini.nvim.lua
035.395  000.059  000.059: sourcing C:\Users\dahls\AppData\Local\nvim\plugin\nvim-scrollview.lua
035.554  000.055  000.055: sourcing C:\Users\dahls\AppData\Local\nvim\plugin\nvim-treesitter.lua
035.710  000.052  000.052: sourcing C:\Users\dahls\AppData\Local\nvim\plugin\oil-nvim.lua
035.875  000.055  000.055: sourcing C:\Users\dahls\AppData\Local\nvim\plugin\render-markdown-nvim.lua
036.044  000.063  000.063: sourcing C:\Users\dahls\AppData\Local\nvim\plugin\treesitter-textobjects.lua
037.110  000.058  000.058: sourcing C:\Users\dahls\AppData\Local\nvim-data\site\pack\core\opt\which-key.nvim\plugin\which-key.lua
037.550  001.380  001.322: sourcing C:\Users\dahls\AppData\Local\nvim\plugin\which-key.lua
038.938  000.136  000.136: sourcing C:\Program Files\Neovim\share\nvim\runtime\plugin\gzip.vim
040.193  000.169  000.169: sourcing C:\Program Files\Neovim\share\nvim\runtime\pack\dist\opt\matchit\plugin\matchit.vim
040.278  001.231  001.062: sourcing C:\Program Files\Neovim\share\nvim\runtime\plugin\matchit.vim
040.506  000.124  000.124: sourcing C:\Program Files\Neovim\share\nvim\runtime\plugin\matchparen.vim
040.643  000.024  000.024: sourcing C:\Program Files\Neovim\share\nvim\runtime\plugin\netrwPlugin.vim
041.178  000.435  000.435: sourcing C:\Program Files\Neovim\share\nvim\runtime\plugin\rplugin.vim
041.366  000.083  000.083: sourcing C:\Program Files\Neovim\share\nvim\runtime\plugin\tarPlugin.vim
041.512  000.035  000.035: sourcing C:\Program Files\Neovim\share\nvim\runtime\plugin\tutor.vim
041.745  000.109  000.109: sourcing C:\Program Files\Neovim\share\nvim\runtime\plugin\zipPlugin.vim
041.938  000.068  000.068: sourcing C:\Program Files\Neovim\share\nvim\runtime\plugin\editorconfig.lua
042.126  000.079  000.079: sourcing C:\Program Files\Neovim\share\nvim\runtime\plugin\man.lua
042.366  000.120  000.120: sourcing C:\Program Files\Neovim\share\nvim\runtime\plugin\net.lua
042.569  000.092  000.092: sourcing C:\Program Files\Neovim\share\nvim\runtime\plugin\osc52.lua
043.401  000.413  000.413: sourcing C:\Program Files\Neovim\share\nvim\runtime\plugin\shada.lua
043.605  000.066  000.066: sourcing C:\Program Files\Neovim\share\nvim\runtime\plugin\spellfile.lua
043.651  006.800: loading rtp plugins
043.901  000.250: loading packages
043.926  000.025: loading after plugins
043.941  000.015: inits 3
047.030  003.089: reading ShaDa
047.101  000.072: opening buffers
047.244  000.107  000.107: require('plugin-loader')
048.603  000.402  000.402: require('mason-core.path')
049.328  000.202  000.202: require('mason-core.functional.data')
049.511  000.176  000.176: require('mason-core.functional.function')
049.733  000.215  000.215: require('mason-core.functional.list')
049.877  000.136  000.136: require('mason-core.functional.relation')
050.017  000.134  000.134: require('mason-core.functional.logic')
050.145  000.122  000.122: require('mason-core.functional.number')
050.310  000.158  000.158: require('mason-core.functional.string')
050.462  000.146  000.146: require('mason-core.functional.table')
050.585  000.117  000.117: require('mason-core.functional.type')
050.591  001.714  000.309: require('mason-core.functional')
050.635  002.026  000.312: require('mason-core.platform')
050.806  000.168  000.168: require('mason.settings')
050.811  002.759  000.163: require('mason-core.installer.InstallLocation')
051.428  000.251  000.251: require('mason-core.log')
051.433  000.394  000.143: require('mason-core.EventEmitter')
051.675  000.239  000.239: require('mason-registry.sources')
051.734  000.920  000.287: require('mason-registry')
051.737  003.871  000.192: require('mason')
052.104  000.299  000.299: require('mason.api.command')
052.955  000.191  000.191: sourcing C:\Users\dahls\AppData\Local\nvim-data\site\pack\core\opt\nvim-lspconfig\plugin\lspconfig.lua
053.242  000.082  000.082: require('lsp/configs/clangd')
053.341  000.093  000.093: require('lsp/configs/lua_ls')
055.625  000.938  000.938: require('vim.lsp.protocol')
055.683  001.317  000.379: require('vim.lsp.log')
056.932  000.052  000.052: require('vim._core.util')
056.969  001.280  001.229: require('vim.lsp.util')
057.888  000.411  000.411: require('vim.lsp.sync')
057.895  000.923  000.511: require('vim.lsp._changetracking')
058.624  000.296  000.296: require('vim.lsp._transport')
058.657  000.028  000.028: require('vim._core.stringbuffer')
058.717  000.818  000.494: require('vim.lsp.rpc')
058.762  005.416  001.077: require('vim.lsp')
058.887  000.105  000.105: require('lsp/configs/marksman')
058.982  000.089  000.089: require('lsp/configs/powershell_es')
059.121  000.093  000.093: require('lsp/configs/stylua')
061.179  003.732: BufEnter autocommands
061.184  000.005: editing files in windows
064.246  003.062: VimEnter autocommands
065.567  000.307  000.307: require('snacks')
065.572  000.631  000.324: sourcing C:\Users\dahls\AppData\Local\nvim-data\site\pack\core\opt\snacks.nvim\plugin\snacks.lua
066.003  000.202  000.202: require('snacks.picker')
066.325  000.316  000.316: require('snacks.picker.config')
066.848  000.346  000.346: require('snacks.util')
066.955  000.623  000.277: require('snacks.picker.config.highlights')
067.213  000.254  000.254: require('snacks.picker.config.defaults')
067.615  000.398  000.398: require('snacks.picker.config.sources')
067.794  000.174  000.174: require('snacks.picker.config.layouts')
069.644  000.419  000.419: require('vim.ui')
070.980  000.535  000.535: require('gitsigns')
073.351  000.283  000.283: require('gitsigns.debug.log')
074.007  000.333  000.333: require('gitsigns.util')
074.025  000.668  000.335: require('gitsigns.config')
074.283  001.626  000.676: require('gitsigns.highlight')
074.481  000.181  000.181: require('gitsigns.debounce')
074.498  004.109  001.766: sourcing C:\Users\dahls\AppData\Local\nvim-data\site\pack\core\opt\gitsigns.nvim\plugin\gitsigns.lua
077.121  001.896  001.896: require('mini.surround')
083.743  000.380  000.380: require('vim.treesitter.language')
084.065  000.316  000.316: require('vim.func')
084.443  000.373  000.373: require('vim.treesitter._range')
084.788  000.340  000.340: require('vim.func._memoize')
084.818  002.088  000.680: require('vim.treesitter.query')
084.828  003.299  001.211: require('vim.treesitter.languagetree')
084.832  003.886  000.588: require('vim.treesitter')
084.968  004.127  000.240: sourcing C:\Users\dahls\AppData\Local\nvim-data\site\pack\core\opt\nvim-treesitter\plugin\filetypes.lua
085.204  000.096  000.096: sourcing C:\Users\dahls\AppData\Local\nvim-data\site\pack\core\opt\nvim-treesitter\plugin\nvim-treesitter.lua
085.423  000.097  000.097: sourcing C:\Users\dahls\AppData\Local\nvim-data\site\pack\core\opt\nvim-treesitter\plugin\query_predicates.lua
085.758  000.133  000.133: require('nvim-treesitter')
086.406  000.306  000.306: require('nvim-treesitter.async')
086.611  000.200  000.200: require('nvim-treesitter.config')
086.770  000.155  000.155: require('nvim-treesitter.log')
087.668  000.892  000.892: require('nvim-treesitter.parsers')
087.840  000.166  000.166: require('nvim-treesitter.util')
087.850  002.086  000.366: require('nvim-treesitter.install')
088.417  000.562  000.562: require('nvim-treesitter.parsers')
089.225  000.145  000.145: require('nvim-treesitter-textobjects')
089.359  000.128  000.128: require('nvim-treesitter-textobjects.config')
089.438  008.797: UIEnter autocommands
089.938  000.499: before starting main loop
090.534  000.398  000.398: require('snacks.statuscolumn')
091.233  000.897: first screen update
091.236  000.004: --- NVIM STARTED ---

--- Startup times for process: Primary (or UI client) ---

times in msec
 clock   self+sourced   self:  sourced script
 clock   elapsed:              other lines

000.004  000.004: --- NVIM STARTING ---
000.033  000.029: event init
000.100  000.067: early init
012.003  011.903: locale set
012.031  000.028: init first window
012.592  000.561: inits 1
012.666  000.074: window checked
012.670  000.004: parsing arguments
013.396  000.371  000.371: require('vim._core.shared')
013.939  000.003  000.003: require('string.buffer')
013.967  000.180  000.176: require('vim.inspect')
014.142  000.168  000.168: require('vim._core.options')
014.145  000.743  000.396: require('vim._core.editor')
014.254  000.107  000.107: require('vim._core.system')
014.256  001.305  000.084: require('vim._init_packages')
014.260  000.285: init lua interpreter
020.942  006.681: nvim_ui_attach
021.151  000.210: nvim_set_client_info
021.154  000.003: --- NVIM STARTED ---

--- Startup times for process: Embedded ---

times in msec
 clock   self+sourced   self:  sourced script
 clock   elapsed:              other lines

000.002  000.002: --- NVIM STARTING ---
000.027  000.025: event init
000.095  000.068: early init
010.706  010.611: locale set
010.730  000.024: init first window
011.096  000.366: inits 1
011.108  000.012: window checked
011.112  000.003: parsing arguments
011.828  000.371  000.371: require('vim._core.shared')
012.424  000.004  000.004: require('string.buffer')
012.444  000.192  000.188: require('vim.inspect')
012.621  000.171  000.171: require('vim._core.options')
012.624  000.791  000.428: require('vim._core.editor')
012.732  000.106  000.106: require('vim._core.system')
012.735  001.331  000.062: require('vim._init_packages')
012.739  000.296: init lua interpreter
013.001  000.263: expanding arguments
013.017  000.015: inits 2
013.252  000.235: init highlight
013.254  000.002: waiting for UI
013.347  000.093: done waiting for UI
013.363  000.016: clear screen
013.839  000.031  000.031: require('vim.keymap')
014.354  000.113  000.113: sourcing nvim_exec2()
014.391  000.021  000.021: require('vim._core.log')
016.013  000.972  000.972: require('vim.tty')
016.092  000.063  000.063: require('vim.text')
019.056  005.691  004.490: require('vim._core.defaults')
019.062  000.009: init default mappings & autocommands
019.373  000.120  000.120: sourcing C:\Program Files\Neovim\share\nvim\runtime\ftplugin.vim
019.693  000.054  000.054: sourcing C:\Program Files\Neovim\share\nvim\runtime\indent.vim
021.462  000.015  000.015: require('vim.F')
021.495  001.094  001.079: require('vim.diagnostic')
021.504  001.542  000.448: require('general-options')
021.809  000.302  000.302: require('general-keymaps')
022.008  000.194  000.194: require('autocommands')
022.942  000.168  000.168: require('vim._async')
022.954  000.845  000.677: require('vim.pack')
023.216  000.254  000.254: require('vim.fs')
023.729  000.292  000.292: require('vim.version')
025.283  000.305  000.305: require('catppuccin')
025.529  000.134  000.134: require('catppuccin.lib.hashing')
026.680  001.797  001.358: sourcing C:\Users\dahls\AppData\Local\nvim-data\site\pack\core\opt\catppuccin-nvim\colors\catppuccin-mocha.lua
026.699  002.063  000.267: sourcing nvim_exec2() called at C:\Users\dahls\AppData\Local\nvim\init.lua:0
026.757  004.745  001.291: require('themes')
026.935  000.175  000.175: require('selection_expand_shrink')
027.084  000.144  000.144: require('note_buffers')
027.280  000.082  000.082: require('plugin-loader')
028.373  000.131  000.131: require('mason-core.path')
028.896  000.126  000.126: require('mason-core.functional.data')
029.060  000.158  000.158: require('mason-core.functional.function')
029.267  000.200  000.200: require('mason-core.functional.list')
029.408  000.133  000.133: require('mason-core.functional.relation')
029.542  000.128  000.128: require('mason-core.functional.logic')
029.665  000.118  000.118: require('mason-core.functional.number')
030.099  000.428  000.428: require('mason-core.functional.string')
030.314  000.188  000.188: require('mason-core.functional.table')
030.445  000.125  000.125: require('mason-core.functional.type')
030.451  001.874  000.271: require('mason-core.functional')
030.493  002.114  000.240: require('mason-core.platform')
030.922  000.427  000.427: require('mason.settings')
030.928  002.835  000.164: require('mason-core.installer.InstallLocation')
031.478  000.204  000.204: require('mason-core.log')
031.483  000.341  000.137: require('mason-core.EventEmitter')
031.713  000.226  000.226: require('mason-registry.sources')
031.790  000.860  000.292: require('mason-registry')
031.794  003.867  000.173: require('mason')
032.110  000.279  000.279: require('mason.api.command')
032.863  000.082  000.082: require('lsp/configs/clangd')
032.958  000.088  000.088: require('lsp/configs/lua_ls')
034.690  000.736  000.736: require('vim.lsp.protocol')
034.749  001.093  000.356: require('vim.lsp.log')
036.282  000.100  000.100: require('vim._core.util')
036.303  001.549  001.449: require('vim.lsp.util')
037.008  000.316  000.316: require('vim.lsp.sync')
037.015  000.709  000.392: require('vim.lsp._changetracking')
037.699  000.263  000.263: require('vim.lsp._transport')
037.737  000.034  000.034: require('vim._core.stringbuffer')
037.775  000.756  000.459: require('vim.lsp.rpc')
037.821  004.859  000.752: require('vim.lsp')
037.960  000.131  000.131: require('lsp/configs/marksman')
038.063  000.095  000.095: require('lsp/configs/powershell_es')
038.161  000.088  000.088: require('lsp/configs/stylua')
039.404  012.316  002.747: require('lsp.lsp_setup')
039.551  000.142  000.142: require('snacks-nvim')
039.556  019.651  000.090: sourcing C:\Users\dahls\AppData\Local\nvim\init.lua
039.584  000.697: sourcing vimrc file(s)
040.036  000.117  000.117: sourcing nvim_exec2() called at C:\Program Files\Neovim\share\nvim\runtime\filetype.lua:0
040.042  000.227  000.110: sourcing C:\Program Files\Neovim\share\nvim\runtime\filetype.lua
040.702  000.076  000.076: sourcing C:\Program Files\Neovim\share\nvim\runtime\syntax\synload.vim
040.791  000.389  000.313: sourcing C:\Program Files\Neovim\share/nvim/runtime/syntax/syntax.vim
043.991  000.735  000.735: require('alpha')
044.105  000.109  000.109: require('screen')
044.130  001.642  000.798: sourcing C:\Users\dahls\AppData\Local\nvim\plugin\alpha-nvim.lua
044.297  000.057  000.057: sourcing C:\Users\dahls\AppData\Local\nvim\plugin\autopairs.lua
044.478  000.075  000.075: sourcing C:\Users\dahls\AppData\Local\nvim\plugin\blink_completion.lua
044.638  000.058  000.058: sourcing C:\Users\dahls\AppData\Local\nvim\plugin\diffview.lua
044.796  000.051  000.051: sourcing C:\Users\dahls\AppData\Local\nvim\plugin\gitsigns.lua
044.956  000.060  000.060: sourcing C:\Users\dahls\AppData\Local\nvim\plugin\lualine.lua
045.111  000.051  000.051: sourcing C:\Users\dahls\AppData\Local\nvim\plugin\mini.nvim.lua
045.262  000.051  000.051: sourcing C:\Users\dahls\AppData\Local\nvim\plugin\nvim-scrollview.lua
045.427  000.055  000.055: sourcing C:\Users\dahls\AppData\Local\nvim\plugin\nvim-treesitter.lua
045.581  000.051  000.051: sourcing C:\Users\dahls\AppData\Local\nvim\plugin\oil-nvim.lua
045.736  000.053  000.053: sourcing C:\Users\dahls\AppData\Local\nvim\plugin\render-markdown-nvim.lua
045.905  000.064  000.064: sourcing C:\Users\dahls\AppData\Local\nvim\plugin\treesitter-textobjects.lua
047.568  000.315  000.315: sourcing C:\Users\dahls\AppData\Local\nvim-data\site\pack\core\opt\which-key.nvim\plugin\which-key.lua
047.725  001.720  001.405: sourcing C:\Users\dahls\AppData\Local\nvim\plugin\which-key.lua
048.213  000.170  000.170: sourcing C:\Users\dahls\AppData\Local\nvim-data\site\pack\core\opt\nvim-lspconfig\plugin\lspconfig.lua
049.559  000.135  000.135: sourcing C:\Program Files\Neovim\share\nvim\runtime\plugin\gzip.vim
050.889  000.170  000.170: sourcing C:\Program Files\Neovim\share\nvim\runtime\pack\dist\opt\matchit\plugin\matchit.vim
050.996  001.329  001.160: sourcing C:\Program Files\Neovim\share\nvim\runtime\plugin\matchit.vim
051.228  000.124  000.124: sourcing C:\Program Files\Neovim\share\nvim\runtime\plugin\matchparen.vim
051.373  000.025  000.025: sourcing C:\Program Files\Neovim\share\nvim\runtime\plugin\netrwPlugin.vim
051.921  000.446  000.446: sourcing C:\Program Files\Neovim\share\nvim\runtime\plugin\rplugin.vim
052.389  000.091  000.091: sourcing C:\Program Files\Neovim\share\nvim\runtime\plugin\tarPlugin.vim
052.589  000.037  000.037: sourcing C:\Program Files\Neovim\share\nvim\runtime\plugin\tutor.vim
052.818  000.124  000.124: sourcing C:\Program Files\Neovim\share\nvim\runtime\plugin\zipPlugin.vim
052.999  000.064  000.064: sourcing C:\Program Files\Neovim\share\nvim\runtime\plugin\editorconfig.lua
053.182  000.076  000.076: sourcing C:\Program Files\Neovim\share\nvim\runtime\plugin\man.lua
053.422  000.131  000.131: sourcing C:\Program Files\Neovim\share\nvim\runtime\plugin\net.lua
053.631  000.093  000.093: sourcing C:\Program Files\Neovim\share\nvim\runtime\plugin\osc52.lua
053.855  000.115  000.115: sourcing C:\Program Files\Neovim\share\nvim\runtime\plugin\shada.lua
054.101  000.063  000.063: sourcing C:\Program Files\Neovim\share\nvim\runtime\plugin\spellfile.lua
054.150  006.940: loading rtp plugins
054.390  000.240: loading packages
054.420  000.030: loading after plugins
054.435  000.014: inits 3
057.773  003.338: reading ShaDa
057.858  000.085: opening buffers
057.928  000.070: BufEnter autocommands
057.934  000.005: editing files in windows
061.010  003.076: VimEnter autocommands
061.983  000.247  000.247: require('snacks')
061.987  000.300  000.052: sourcing C:\Users\dahls\AppData\Local\nvim-data\site\pack\core\opt\snacks.nvim\plugin\snacks.lua
062.352  000.169  000.169: require('snacks.picker')
062.643  000.285  000.285: require('snacks.picker.config')
063.403  000.611  000.611: require('snacks.util')
063.509  000.861  000.249: require('snacks.picker.config.highlights')
063.803  000.290  000.290: require('snacks.picker.config.defaults')
064.444  000.635  000.635: require('snacks.picker.config.sources')
064.626  000.177  000.177: require('snacks.picker.config.layouts')
066.412  000.445  000.445: require('vim.ui')
067.460  000.251  000.251: require('gitsigns')
070.125  000.277  000.277: require('gitsigns.debug.log')
070.800  000.340  000.340: require('gitsigns.util')
070.816  000.685  000.345: require('gitsigns.config')
071.132  001.688  000.726: require('gitsigns.highlight')
071.354  000.203  000.203: require('gitsigns.debounce')
071.370  004.217  002.074: sourcing C:\Users\dahls\AppData\Local\nvim-data\site\pack\core\opt\gitsigns.nvim\plugin\gitsigns.lua
073.285  001.127  001.127: require('mini.surround')
080.350  000.372  000.372: require('vim.treesitter.language')
080.667  000.311  000.311: require('vim.func')
081.049  000.377  000.377: require('vim.treesitter._range')
081.393  000.337  000.337: require('vim.func._memoize')
081.433  002.085  000.687: require('vim.treesitter.query')
081.443  002.790  000.705: require('vim.treesitter.languagetree')
081.448  003.306  000.516: require('vim.treesitter')
081.537  003.545  000.240: sourcing C:\Users\dahls\AppData\Local\nvim-data\site\pack\core\opt\nvim-treesitter\plugin\filetypes.lua
081.773  000.097  000.097: sourcing C:\Users\dahls\AppData\Local\nvim-data\site\pack\core\opt\nvim-treesitter\plugin\nvim-treesitter.lua
081.966  000.067  000.067: sourcing C:\Users\dahls\AppData\Local\nvim-data\site\pack\core\opt\nvim-treesitter\plugin\query_predicates.lua
082.289  000.132  000.132: require('nvim-treesitter')
082.901  000.280  000.280: require('nvim-treesitter.async')
083.096  000.190  000.190: require('nvim-treesitter.config')
083.259  000.158  000.158: require('nvim-treesitter.log')
083.857  000.593  000.593: require('nvim-treesitter.parsers')
083.983  000.121  000.121: require('nvim-treesitter.util')
083.992  001.697  000.354: require('nvim-treesitter.install')
084.546  000.550  000.550: require('nvim-treesitter.parsers')
085.400  000.145  000.145: require('nvim-treesitter-textobjects')
085.536  000.129  000.129: require('nvim-treesitter-textobjects.config')
085.587  009.708: UIEnter autocommands
086.099  000.512: before starting main loop
086.693  000.394  000.394: require('snacks.statuscolumn')
087.551  001.058: first screen update
087.555  000.004: --- NVIM STARTED ---

--- Startup times for process: Primary (or UI client) ---

times in msec
 clock   self+sourced   self:  sourced script
 clock   elapsed:              other lines

000.003  000.003: --- NVIM STARTING ---
000.038  000.035: event init
000.100  000.062: early init
012.080  011.980: locale set
012.107  000.027: init first window
012.609  000.502: inits 1
012.693  000.084: window checked
012.700  000.007: parsing arguments
013.414  000.353  000.353: require('vim._core.shared')
013.928  000.003  000.003: require('string.buffer')
013.948  000.153  000.150: require('vim.inspect')
014.164  000.208  000.208: require('vim._core.options')
014.167  000.749  000.388: require('vim._core.editor')
014.278  000.109  000.109: require('vim._core.system')
014.281  001.283  000.071: require('vim._init_packages')
014.285  000.302: init lua interpreter
021.710  007.425: nvim_ui_attach
021.924  000.214: nvim_set_client_info
021.927  000.003: --- NVIM STARTED ---

--- Startup times for process: Embedded ---

times in msec
 clock   self+sourced   self:  sourced script
 clock   elapsed:              other lines

000.003  000.003: --- NVIM STARTING ---
000.027  000.025: event init
000.086  000.059: early init
010.675  010.589: locale set
010.702  000.027: init first window
011.072  000.370: inits 1
011.084  000.012: window checked
011.087  000.003: parsing arguments
011.788  000.373  000.373: require('vim._core.shared')
012.329  000.003  000.003: require('string.buffer')
012.356  000.178  000.175: require('vim.inspect')
012.529  000.165  000.165: require('vim._core.options')
012.531  000.738  000.396: require('vim._core.editor')
012.638  000.105  000.105: require('vim._core.system')
012.640  001.294  000.078: require('vim._init_packages')
012.644  000.263: init lua interpreter
012.951  000.307: expanding arguments
012.973  000.022: inits 2
013.216  000.244: init highlight
013.218  000.002: waiting for UI
013.310  000.092: done waiting for UI
013.323  000.013: clear screen
013.799  000.029  000.029: require('vim.keymap')
014.289  000.113  000.113: sourcing nvim_exec2()
014.319  000.016  000.016: require('vim._core.log')
016.215  000.901  000.901: require('vim.tty')
016.291  000.061  000.061: require('vim.text')
018.933  005.608  004.488: require('vim._core.defaults')
018.938  000.007: init default mappings & autocommands
019.153  000.063  000.063: sourcing C:\Program Files\Neovim\share\nvim\runtime\ftplugin.vim
019.367  000.045  000.045: sourcing C:\Program Files\Neovim\share\nvim\runtime\indent.vim
021.118  000.015  000.015: require('vim.F')
021.151  001.100  001.085: require('vim.diagnostic')
021.167  001.545  000.445: require('general-options')
021.425  000.255  000.255: require('general-keymaps')
021.625  000.196  000.196: require('autocommands')
022.517  000.162  000.162: require('vim._async')
022.529  000.803  000.641: require('vim.pack')
022.784  000.248  000.248: require('vim.fs')
023.332  000.297  000.297: require('vim.version')
024.516  000.287  000.287: require('catppuccin')
024.762  000.136  000.136: require('catppuccin.lib.hashing')
025.908  001.734  001.311: sourcing C:\Users\dahls\AppData\Local\nvim-data\site\pack\core\opt\catppuccin-nvim\colors\catppuccin-mocha.lua
025.928  001.984  000.251: sourcing nvim_exec2() called at C:\Users\dahls\AppData\Local\nvim\init.lua:0
025.977  004.347  001.015: require('themes')
026.150  000.171  000.171: require('selection_expand_shrink')
026.300  000.146  000.146: require('note_buffers')
026.496  000.084  000.084: require('plugin-loader')
027.544  000.132  000.132: require('mason-core.path')
028.044  000.121  000.121: require('mason-core.functional.data')
028.218  000.168  000.168: require('mason-core.functional.function')
028.424  000.200  000.200: require('mason-core.functional.list')
028.559  000.127  000.127: require('mason-core.functional.relation')
028.695  000.131  000.131: require('mason-core.functional.logic')
028.824  000.123  000.123: require('mason-core.functional.number')
028.991  000.161  000.161: require('mason-core.functional.string')
029.142  000.144  000.144: require('mason-core.functional.table')
029.267  000.120  000.120: require('mason-core.functional.type')
029.273  001.526  000.232: require('mason-core.functional')
029.316  001.767  000.241: require('mason-core.platform')
029.481  000.162  000.162: require('mason.settings')
029.486  002.226  000.166: require('mason-core.installer.InstallLocation')
030.026  000.204  000.204: require('mason-core.log')
030.032  000.340  000.136: require('mason-core.EventEmitter')
030.261  000.226  000.226: require('mason-registry.sources')
030.348  000.859  000.293: require('mason-registry')
030.352  003.247  000.162: require('mason')
030.663  000.274  000.274: require('mason.api.command')
031.416  000.083  000.083: require('lsp/configs/clangd')
031.515  000.092  000.092: require('lsp/configs/lua_ls')
033.179  000.737  000.737: require('vim.lsp.protocol')
033.236  001.049  000.312: require('vim.lsp.log')
034.337  000.041  000.041: require('vim._core.util')
034.355  001.114  001.073: require('vim.lsp.util')
035.067  000.316  000.316: require('vim.lsp.sync')
035.074  000.714  000.397: require('vim.lsp._changetracking')
035.768  000.266  000.266: require('vim.lsp._transport')
035.808  000.035  000.035: require('vim._core.stringbuffer')
035.846  000.769  000.468: require('vim.lsp.rpc')
035.886  004.365  000.720: require('vim.lsp')
035.995  000.102  000.102: require('lsp/configs/marksman')
036.092  000.091  000.091: require('lsp/configs/powershell_es')
036.189  000.087  000.087: require('lsp/configs/stylua')
037.431  011.127  002.702: require('lsp.lsp_setup')
037.594  000.157  000.157: require('snacks-nvim')
037.598  018.033  000.089: sourcing C:\Users\dahls\AppData\Local\nvim\init.lua
037.626  000.547: sourcing vimrc file(s)
038.061  000.116  000.116: sourcing nvim_exec2() called at C:\Program Files\Neovim\share\nvim\runtime\filetype.lua:0
038.066  000.210  000.094: sourcing C:\Program Files\Neovim\share\nvim\runtime\filetype.lua
038.701  000.073  000.073: sourcing C:\Program Files\Neovim\share\nvim\runtime\syntax\synload.vim
038.789  000.383  000.310: sourcing C:\Program Files\Neovim\share/nvim/runtime/syntax/syntax.vim
041.573  000.716  000.716: require('alpha')
041.701  000.122  000.122: require('screen')
041.735  001.616  000.777: sourcing C:\Users\dahls\AppData\Local\nvim\plugin\alpha-nvim.lua
041.901  000.054  000.054: sourcing C:\Users\dahls\AppData\Local\nvim\plugin\autopairs.lua
042.077  000.075  000.075: sourcing C:\Users\dahls\AppData\Local\nvim\plugin\blink_completion.lua
042.260  000.063  000.063: sourcing C:\Users\dahls\AppData\Local\nvim\plugin\diffview.lua
042.410  000.051  000.051: sourcing C:\Users\dahls\AppData\Local\nvim\plugin\gitsigns.lua
042.572  000.064  000.064: sourcing C:\Users\dahls\AppData\Local\nvim\plugin\lualine.lua
042.728  000.055  000.055: sourcing C:\Users\dahls\AppData\Local\nvim\plugin\mini.nvim.lua
042.884  000.056  000.056: sourcing C:\Users\dahls\AppData\Local\nvim\plugin\nvim-scrollview.lua
045.928  000.285  000.285: require('vim.treesitter.language')
046.156  000.222  000.222: require('vim.func')
046.442  000.282  000.282: require('vim.treesitter._range')
046.707  000.259  000.259: require('vim.func._memoize')
046.729  001.644  000.596: require('vim.treesitter.query')
046.739  002.254  000.611: require('vim.treesitter.languagetree')
046.744  002.659  000.405: require('vim.treesitter')
046.821  002.817  000.158: sourcing C:\Users\dahls\AppData\Local\nvim-data\site\pack\core\opt\nvim-treesitter\plugin\filetypes.lua
047.044  000.098  000.098: sourcing C:\Users\dahls\AppData\Local\nvim-data\site\pack\core\opt\nvim-treesitter\plugin\nvim-treesitter.lua
047.223  000.068  000.068: sourcing C:\Users\dahls\AppData\Local\nvim-data\site\pack\core\opt\nvim-treesitter\plugin\query_predicates.lua
047.503  000.126  000.126: require('nvim-treesitter')
048.120  000.282  000.282: require('nvim-treesitter.async')
048.305  000.180  000.180: require('nvim-treesitter.config')
048.460  000.150  000.150: require('nvim-treesitter.log')
049.093  000.628  000.628: require('nvim-treesitter.parsers')
049.219  000.122  000.122: require('nvim-treesitter.util')
049.229  001.721  000.358: require('nvim-treesitter.install')
050.029  000.796  000.796: require('nvim-treesitter.parsers')
050.184  007.193  001.567: sourcing C:\Users\dahls\AppData\Local\nvim\plugin\nvim-treesitter.lua
050.364  000.067  000.067: sourcing C:\Users\dahls\AppData\Local\nvim\plugin\oil-nvim.lua
050.536  000.061  000.061: sourcing C:\Users\dahls\AppData\Local\nvim\plugin\render-markdown-nvim.lua
050.718  000.074  000.074: sourcing C:\Users\dahls\AppData\Local\nvim\plugin\treesitter-textobjects.lua
051.754  000.059  000.059: sourcing C:\Users\dahls\AppData\Local\nvim-data\site\pack\core\opt\which-key.nvim\plugin\which-key.lua
051.901  001.077  001.018: sourcing C:\Users\dahls\AppData\Local\nvim\plugin\which-key.lua
052.388  000.199  000.199: sourcing C:\Users\dahls\AppData\Local\nvim-data\site\pack\core\opt\nvim-lspconfig\plugin\lspconfig.lua
053.726  000.137  000.137: sourcing C:\Program Files\Neovim\share\nvim\runtime\plugin\gzip.vim
055.130  000.179  000.179: sourcing C:\Program Files\Neovim\share\nvim\runtime\pack\dist\opt\matchit\plugin\matchit.vim
055.221  001.338  001.159: sourcing C:\Program Files\Neovim\share\nvim\runtime\plugin\matchit.vim
055.480  000.125  000.125: sourcing C:\Program Files\Neovim\share\nvim\runtime\plugin\matchparen.vim
055.620  000.025  000.025: sourcing C:\Program Files\Neovim\share\nvim\runtime\plugin\netrwPlugin.vim
056.167  000.445  000.445: sourcing C:\Program Files\Neovim\share\nvim\runtime\plugin\rplugin.vim
056.358  000.085  000.085: sourcing C:\Program Files\Neovim\share\nvim\runtime\plugin\tarPlugin.vim
056.503  000.036  000.036: sourcing C:\Program Files\Neovim\share\nvim\runtime\plugin\tutor.vim
056.742  000.134  000.134: sourcing C:\Program Files\Neovim\share\nvim\runtime\plugin\zipPlugin.vim
056.932  000.071  000.071: sourcing C:\Program Files\Neovim\share\nvim\runtime\plugin\editorconfig.lua
057.138  000.088  000.088: sourcing C:\Program Files\Neovim\share\nvim\runtime\plugin\man.lua
057.388  000.140  000.140: sourcing C:\Program Files\Neovim\share\nvim\runtime\plugin\net.lua
057.609  000.107  000.107: sourcing C:\Program Files\Neovim\share\nvim\runtime\plugin\osc52.lua
057.852  000.129  000.129: sourcing C:\Program Files\Neovim\share\nvim\runtime\plugin\shada.lua
058.046  000.067  000.067: sourcing C:\Program Files\Neovim\share\nvim\runtime\plugin\spellfile.lua
058.092  006.243: loading rtp plugins
058.334  000.242: loading packages
058.359  000.025: loading after plugins
058.374  000.015: inits 3
061.449  003.075: reading ShaDa
061.520  000.071: opening buffers
061.563  000.043: BufEnter autocommands
061.566  000.003: editing files in windows
064.812  003.246: VimEnter autocommands
065.914  000.305  000.305: require('snacks')
065.919  000.362  000.057: sourcing C:\Users\dahls\AppData\Local\nvim-data\site\pack\core\opt\snacks.nvim\plugin\snacks.lua
066.372  000.210  000.210: require('snacks.picker')
066.754  000.376  000.376: require('snacks.picker.config')
067.361  000.411  000.411: require('snacks.util')
067.465  000.704  000.293: require('snacks.picker.config.highlights')
067.721  000.253  000.253: require('snacks.picker.config.defaults')
068.122  000.395  000.395: require('snacks.picker.config.sources')
068.298  000.172  000.172: require('snacks.picker.config.layouts')
069.884  000.439  000.439: require('vim.ui')
070.679  000.155  000.155: require('nvim-treesitter-textobjects')
070.813  000.128  000.128: require('nvim-treesitter-textobjects.config')
070.865  002.858: UIEnter autocommands
071.360  000.495: before starting main loop
071.879  000.323  000.323: require('snacks.statuscolumn')
072.620  000.937: first screen update
072.623  000.004: --- NVIM STARTED ---

--- Startup times for process: Primary (or UI client) ---

times in msec
 clock   self+sourced   self:  sourced script
 clock   elapsed:              other lines

000.003  000.003: --- NVIM STARTING ---
000.038  000.035: event init
000.111  000.073: early init
011.117  011.005: locale set
011.144  000.027: init first window
011.696  000.553: inits 1
011.782  000.086: window checked
011.789  000.007: parsing arguments
012.526  000.365  000.365: require('vim._core.shared')
013.372  000.004  000.004: require('string.buffer')
013.392  000.185  000.181: require('vim.inspect')
013.579  000.181  000.181: require('vim._core.options')
013.582  001.051  000.685: require('vim._core.editor')
013.690  000.106  000.106: require('vim._core.system')
013.692  001.589  000.067: require('vim._init_packages')
013.696  000.318: init lua interpreter
021.536  007.840: nvim_ui_attach
021.753  000.216: nvim_set_client_info
021.756  000.003: --- NVIM STARTED ---

--- Startup times for process: Embedded ---

times in msec
 clock   self+sourced   self:  sourced script
 clock   elapsed:              other lines

000.003  000.003: --- NVIM STARTING ---
000.027  000.024: event init
000.082  000.055: early init
010.718  010.637: locale set
010.744  000.025: init first window
011.125  000.381: inits 1
011.138  000.013: window checked
011.141  000.003: parsing arguments
011.851  000.363  000.363: require('vim._core.shared')
012.401  000.003  000.003: require('string.buffer')
012.429  000.182  000.179: require('vim.inspect')
012.604  000.167  000.167: require('vim._core.options')
012.607  000.751  000.401: require('vim._core.editor')
012.713  000.105  000.105: require('vim._core.system')
012.716  001.299  000.081: require('vim._init_packages')
012.719  000.279: init lua interpreter
013.035  000.316: expanding arguments
013.053  000.018: inits 2
013.296  000.243: init highlight
013.300  000.003: waiting for UI
013.400  000.100: done waiting for UI
013.416  000.017: clear screen
013.900  000.030  000.030: require('vim.keymap')
014.413  000.114  000.114: sourcing nvim_exec2()
014.448  000.018  000.018: require('vim._core.log')
023.112  007.548  007.548: require('vim.tty')
023.191  000.063  000.063: require('vim.text')
026.070  012.651  004.878: require('vim._core.defaults')
026.075  000.008: init default mappings & autocommands
032.759  000.076  000.076: sourcing C:\Program Files\Neovim\share\nvim\runtime\ftplugin.vim
038.423  000.062  000.062: sourcing C:\Program Files\Neovim\share\nvim\runtime\indent.vim
056.751  000.016  000.016: require('vim.F')
056.785  007.204  007.189: require('vim.diagnostic')
056.796  013.486  006.281: require('general-options')
062.386  005.588  005.588: require('general-keymaps')
069.349  006.957  006.957: require('autocommands')
090.356  007.075  007.075: require('vim._async')
090.379  016.206  009.130: require('vim.pack')
090.760  000.370  000.370: require('vim.fs')
107.629  007.093  007.093: require('vim.version')
119.586  006.587  006.587: require('catppuccin')
129.509  005.891  005.891: require('catppuccin.lib.hashing')
135.771  022.872  010.395: sourcing C:\Users\dahls\AppData\Local\nvim-data\site\pack\core\opt\catppuccin-nvim\colors\catppuccin-mocha.lua
135.794  027.459  004.587: sourcing nvim_exec2() called at C:\Users\dahls\AppData\Local\nvim\init.lua:0
135.844  066.489  015.361: require('themes')
142.291  006.445  006.445: require('selection_expand_shrink')
147.446  005.150  005.150: require('note_buffers')
158.139  004.602  004.602: require('plugin-loader')
177.061  005.417  005.417: require('mason-core.path')
197.167  004.972  004.972: require('mason-core.functional.data')
205.672  008.497  008.497: require('mason-core.functional.function')
213.346  007.666  007.666: require('mason-core.functional.list')
219.547  006.187  006.187: require('mason-core.functional.relation')
225.417  005.863  005.863: require('mason-core.functional.logic')
230.962  005.538  005.538: require('mason-core.functional.number')
238.674  007.704  007.704: require('mason-core.functional.string')
245.478  006.796  006.796: require('mason-core.functional.table')
250.437  004.952  004.952: require('mason-core.functional.type')
250.444  066.158  007.983: require('mason-core.functional')
250.493  073.425  007.267: require('mason-core.platform')
257.064  006.568  006.568: require('mason.settings')
257.070  092.370  006.960: require('mason-core.installer.InstallLocation')
276.377  006.435  006.435: require('mason-core.log')
276.382  012.173  005.738: require('mason-core.EventEmitter')
283.627  007.241  007.241: require('mason-registry.sources')
283.719  026.646  007.232: require('mason-registry')
283.723  124.946  005.929: require('mason')
290.840  007.040  007.040: require('mason.api.command')
295.879  004.279  004.279: require('lsp/configs/clangd')
300.432  004.546  004.546: require('lsp/configs/lua_ls')
321.451  006.722  006.722: require('vim.lsp.protocol')
321.522  013.699  006.977: require('vim.lsp.log')
329.171  000.043  000.043: require('vim._core.util')
329.194  007.667  007.624: require('vim.lsp.util')
342.281  006.638  006.638: require('vim.lsp.sync')
342.289  013.092  006.454: require('vim.lsp._changetracking')
356.323  006.839  006.839: require('vim.lsp._transport')
356.366  000.038  000.038: require('vim._core.stringbuffer')
356.401  014.109  007.232: require('vim.lsp.rpc')
356.451  056.013  007.447: require('vim.lsp')
360.778  004.318  004.318: require('lsp/configs/marksman')
365.438  004.652  004.652: require('lsp/configs/powershell_es')
369.763  004.313  004.313: require('lsp/configs/stylua')
402.669  255.215  040.507: require('lsp.lsp_setup')
408.727  006.053  006.053: require('snacks-nvim')
408.733  365.528  000.146: sourcing C:\Users\dahls\AppData\Local\nvim\init.lua
408.766  017.025: sourcing vimrc file(s)
414.375  000.164  000.164: sourcing nvim_exec2() called at C:\Program Files\Neovim\share\nvim\runtime\filetype.lua:0
414.383  000.373  000.210: sourcing C:\Program Files\Neovim\share\nvim\runtime\filetype.lua
429.919  000.095  000.095: sourcing C:\Program Files\Neovim\share\nvim\runtime\syntax\synload.vim
430.034  009.309  009.214: sourcing C:\Program Files\Neovim\share/nvim/runtime/syntax/syntax.vim
444.053  007.191  007.191: require('alpha')
448.555  004.497  004.497: require('screen')
448.596  012.578  000.890: sourcing C:\Users\dahls\AppData\Local\nvim\plugin\alpha-nvim.lua
453.751  000.134  000.134: sourcing C:\Users\dahls\AppData\Local\nvim\plugin\autopairs.lua
459.438  000.122  000.122: sourcing C:\Users\dahls\AppData\Local\nvim\plugin\blink_completion.lua
464.747  000.108  000.108: sourcing C:\Users\dahls\AppData\Local\nvim\plugin\diffview.lua
469.777  000.104  000.104: sourcing C:\Users\dahls\AppData\Local\nvim\plugin\gitsigns.lua
475.651  000.113  000.113: sourcing C:\Users\dahls\AppData\Local\nvim\plugin\lualine.lua
480.868  000.100  000.100: sourcing C:\Users\dahls\AppData\Local\nvim\plugin\mini.nvim.lua
486.251  000.104  000.104: sourcing C:\Users\dahls\AppData\Local\nvim\plugin\nvim-scrollview.lua
523.749  006.172  006.172: require('vim.treesitter.language')
529.631  005.876  005.876: require('vim.func')
536.686  007.048  007.048: require('vim.treesitter._range')
543.142  006.447  006.447: require('vim.func._memoize')
543.177  032.223  006.679: require('vim.treesitter.query')
543.212  039.173  006.950: require('vim.treesitter.languagetree')
543.223  045.648  006.476: require('vim.treesitter')
543.354  045.908  000.260: sourcing C:\Users\dahls\AppData\Local\nvim-data\site\pack\core\opt\nvim-treesitter\plugin\filetypes.lua
550.073  000.161  000.161: sourcing C:\Users\dahls\AppData\Local\nvim-data\site\pack\core\opt\nvim-treesitter\plugin\nvim-treesitter.lua
555.222  000.143  000.143: sourcing C:\Users\dahls\AppData\Local\nvim-data\site\pack\core\opt\nvim-treesitter\plugin\query_predicates.lua
560.748  005.324  005.324: require('nvim-treesitter')
574.716  007.167  007.167: require('nvim-treesitter.async')
581.354  006.631  006.631: require('nvim-treesitter.config')
587.541  006.181  006.181: require('nvim-treesitter.log')
597.410  009.862  009.862: require('nvim-treesitter.parsers')
602.173  004.756  004.756: require('nvim-treesitter.util')
602.191  041.436  006.839: require('nvim-treesitter.install')
603.243  001.046  001.046: require('nvim-treesitter.parsers')
603.451  112.044  018.027: sourcing C:\Users\dahls\AppData\Local\nvim\plugin\nvim-treesitter.lua
608.357  000.121  000.121: sourcing C:\Users\dahls\AppData\Local\nvim\plugin\oil-nvim.lua
613.785  000.119  000.119: sourcing C:\Users\dahls\AppData\Local\nvim\plugin\render-markdown-nvim.lua
620.423  000.141  000.141: sourcing C:\Users\dahls\AppData\Local\nvim\plugin\treesitter-textobjects.lua
630.787  000.126  000.126: sourcing C:\Users\dahls\AppData\Local\nvim-data\site\pack\core\opt\which-key.nvim\plugin\which-key.lua
630.984  006.196  006.070: sourcing C:\Users\dahls\AppData\Local\nvim\plugin\which-key.lua
638.619  000.284  000.284: sourcing C:\Users\dahls\AppData\Local\nvim-data\site\pack\core\opt\nvim-lspconfig\plugin\lspconfig.lua
646.914  000.214  000.214: sourcing C:\Program Files\Neovim\share\nvim\runtime\plugin\gzip.vim
659.299  000.188  000.188: sourcing C:\Program Files\Neovim\share\nvim\runtime\pack\dist\opt\matchit\plugin\matchit.vim
659.402  008.117  007.929: sourcing C:\Program Files\Neovim\share\nvim\runtime\plugin\matchit.vim
665.924  000.171  000.171: sourcing C:\Program Files\Neovim\share\nvim\runtime\plugin\matchparen.vim
670.444  000.046  000.046: sourcing C:\Program Files\Neovim\share\nvim\runtime\plugin\netrwPlugin.vim
678.006  000.617  000.617: sourcing C:\Program Files\Neovim\share\nvim\runtime\plugin\rplugin.vim
684.535  000.126  000.126: sourcing C:\Program Files\Neovim\share\nvim\runtime\plugin\tarPlugin.vim
690.233  000.067  000.067: sourcing C:\Program Files\Neovim\share\nvim\runtime\plugin\tutor.vim
696.776  000.196  000.196: sourcing C:\Program Files\Neovim\share\nvim\runtime\plugin\zipPlugin.vim
701.706  000.153  000.153: sourcing C:\Program Files\Neovim\share\nvim\runtime\plugin\editorconfig.lua
707.036  000.159  000.159: sourcing C:\Program Files\Neovim\share\nvim\runtime\plugin\man.lua
714.578  000.227  000.227: sourcing C:\Program Files\Neovim\share\nvim\runtime\plugin\net.lua
720.495  000.146  000.146: sourcing C:\Program Files\Neovim\share\nvim\runtime\plugin\osc52.lua
726.935  000.252  000.252: sourcing C:\Program Files\Neovim\share\nvim\runtime\plugin\shada.lua
731.672  000.129  000.129: sourcing C:\Program Files\Neovim\share\nvim\runtime\plugin\spellfile.lua
731.738  170.401: loading rtp plugins
732.040  000.303: loading packages
732.072  000.032: loading after plugins
732.091  000.019: inits 3
742.245  010.154: reading ShaDa
742.334  000.089: opening buffers
742.381  000.047: BufEnter autocommands
742.384  000.003: editing files in windows
745.768  003.384: VimEnter autocommands
758.601  007.340  007.340: require('snacks')
758.606  007.469  000.129: sourcing C:\Users\dahls\AppData\Local\nvim-data\site\pack\core\opt\snacks.nvim\plugin\snacks.lua
765.200  006.371  006.371: require('snacks.picker')
772.183  006.976  006.976: require('snacks.picker.config')
785.117  007.257  007.257: require('snacks.util')
785.283  013.092  005.835: require('snacks.picker.config.highlights')
790.795  005.508  005.508: require('snacks.picker.config.defaults')
796.379  005.577  005.577: require('snacks.picker.config.sources')
801.363  004.978  004.978: require('snacks.picker.config.layouts')
809.612  006.894  006.894: require('vim.ui')
815.560  004.798  004.798: require('nvim-treesitter-textobjects')
821.763  006.196  006.196: require('nvim-treesitter-textobjects.config')
821.856  008.230: UIEnter autocommands
836.420  014.564: before starting main loop
843.401  006.776  006.776: require('snacks.statuscolumn')
844.366  001.170: first screen update
844.372  000.006: --- NVIM STARTED ---

--- Startup times for process: Primary (or UI client) ---

times in msec
 clock   self+sourced   self:  sourced script
 clock   elapsed:              other lines

000.003  000.003: --- NVIM STARTING ---
000.038  000.035: event init
000.105  000.067: early init
010.785  010.680: locale set
010.813  000.028: init first window
011.317  000.503: inits 1
011.397  000.080: window checked
011.404  000.007: parsing arguments
012.131  000.360  000.360: require('vim._core.shared')
012.648  000.003  000.003: require('string.buffer')
012.671  000.157  000.154: require('vim.inspect')
012.888  000.209  000.209: require('vim._core.options')
012.891  000.755  000.389: require('vim._core.editor')
013.001  000.108  000.108: require('vim._core.system')
013.004  001.295  000.072: require('vim._init_packages')
013.008  000.308: init lua interpreter
020.768  007.761: nvim_ui_attach
021.010  000.241: nvim_set_client_info
021.013  000.003: --- NVIM STARTED ---

--- Startup times for process: Embedded ---

times in msec
 clock   self+sourced   self:  sourced script
 clock   elapsed:              other lines

000.003  000.003: --- NVIM STARTING ---
000.032  000.029: event init
000.089  000.058: early init
012.350  012.261: locale set
012.376  000.026: init first window
012.748  000.372: inits 1
012.761  000.013: window checked
012.764  000.004: parsing arguments
013.495  000.357  000.357: require('vim._core.shared')
014.064  000.004  000.004: require('string.buffer')
014.082  000.179  000.175: require('vim.inspect')
014.256  000.168  000.168: require('vim._core.options')
014.259  000.760  000.413: require('vim._core.editor')
014.366  000.104  000.104: require('vim._core.system')
014.368  001.284  000.063: require('vim._init_packages')
014.372  000.323: init lua interpreter
014.771  000.399: expanding arguments
014.796  000.025: inits 2
015.158  000.362: init highlight
015.161  000.003: waiting for UI
015.290  000.130: done waiting for UI
015.309  000.019: clear screen
015.849  000.031  000.031: require('vim.keymap')
016.396  000.122  000.122: sourcing nvim_exec2()
016.433  000.022  000.022: require('vim._core.log')
018.672  001.042  001.042: require('vim.tty')
018.750  000.063  000.063: require('vim.text')
022.066  006.753  005.472: require('vim._core.defaults')
022.071  000.009: init default mappings & autocommands
022.285  000.064  000.064: sourcing C:\Program Files\Neovim\share\nvim\runtime\ftplugin.vim
022.502  000.048  000.048: sourcing C:\Program Files\Neovim\share\nvim\runtime\indent.vim
024.269  000.015  000.015: require('vim.F')
024.302  001.096  001.080: require('vim.diagnostic')
024.311  001.543  000.448: require('general-options')
024.869  000.555  000.555: require('general-keymaps')
025.083  000.209  000.209: require('autocommands')
026.043  000.169  000.169: require('vim._async')
026.059  000.833  000.663: require('vim.pack')
026.358  000.254  000.254: require('vim.fs')
026.868  000.291  000.291: require('vim.version')
028.207  000.298  000.298: require('catppuccin')
028.730  000.140  000.140: require('catppuccin.lib.hashing')
029.897  002.043  001.605: sourcing C:\Users\dahls\AppData\Local\nvim-data\site\pack\core\opt\catppuccin-nvim\colors\catppuccin-mocha.lua
029.917  002.295  000.251: sourcing nvim_exec2() called at C:\Users\dahls\AppData\Local\nvim\init.lua:0
030.140  005.020  001.348: require('themes')
030.324  000.181  000.181: require('selection_expand_shrink')
030.542  000.214  000.214: require('note_buffers')
030.747  000.084  000.084: require('plugin-loader')
031.854  000.149  000.149: require('mason-core.path')
032.381  000.125  000.125: require('mason-core.functional.data')
032.548  000.161  000.161: require('mason-core.functional.function')
032.760  000.205  000.205: require('mason-core.functional.list')
032.923  000.135  000.135: require('mason-core.functional.relation')
033.058  000.130  000.130: require('mason-core.functional.logic')
033.183  000.119  000.119: require('mason-core.functional.number')
033.338  000.149  000.149: require('mason-core.functional.string')
033.496  000.147  000.147: require('mason-core.functional.table')
033.618  000.116  000.116: require('mason-core.functional.type')
033.623  001.551  000.265: require('mason-core.functional')
033.666  001.807  000.256: require('mason-core.platform')
033.864  000.195  000.195: require('mason.settings')
033.870  002.341  000.189: require('mason-core.installer.InstallLocation')
034.449  000.230  000.230: require('mason-core.log')
034.454  000.367  000.137: require('mason-core.EventEmitter')
034.689  000.232  000.232: require('mason-registry.sources')
034.735  000.863  000.264: require('mason-registry')
034.738  003.390  000.187: require('mason')
035.045  000.271  000.271: require('mason.api.command')
036.033  000.138  000.138: require('lsp/configs/clangd')
036.132  000.092  000.092: require('lsp/configs/lua_ls')
038.031  000.783  000.783: require('vim.lsp.protocol')
038.088  001.110  000.327: require('vim.lsp.log')
039.212  000.040  000.040: require('vim._core.util')
039.234  001.141  001.101: require('vim.lsp.util')
039.916  000.302  000.302: require('vim.lsp.sync')
039.922  000.685  000.383: require('vim.lsp._changetracking')
040.636  000.294  000.294: require('vim.lsp._transport')
040.679  000.038  000.038: require('vim._core.stringbuffer')
040.721  000.796  000.464: require('vim.lsp.rpc')
040.762  004.625  000.893: require('vim.lsp')
040.907  000.108  000.108: require('lsp/configs/marksman')
041.005  000.092  000.092: require('lsp/configs/powershell_es')
041.345  000.108  000.108: require('lsp/configs/stylua')
042.795  012.248  003.341: require('lsp.lsp_setup')
042.938  000.137  000.137: require('snacks-nvim')
042.942  020.236  000.128: sourcing C:\Users\dahls\AppData\Local\nvim\init.lua
042.970  000.551: sourcing vimrc file(s)
043.424  000.140  000.140: sourcing nvim_exec2() called at C:\Program Files\Neovim\share\nvim\runtime\filetype.lua:0
043.430  000.237  000.096: sourcing C:\Program Files\Neovim\share\nvim\runtime\filetype.lua
044.080  000.072  000.072: sourcing C:\Program Files\Neovim\share\nvim\runtime\syntax\synload.vim
044.169  000.388  000.316: sourcing C:\Program Files\Neovim\share/nvim/runtime/syntax/syntax.vim
047.542  000.996  000.996: require('alpha')
047.710  000.162  000.162: require('screen')
047.737  001.937  000.780: sourcing C:\Users\dahls\AppData\Local\nvim\plugin\alpha-nvim.lua
047.998  000.061  000.061: sourcing C:\Users\dahls\AppData\Local\nvim\plugin\autopairs.lua
048.188  000.085  000.085: sourcing C:\Users\dahls\AppData\Local\nvim\plugin\blink_completion.lua
048.352  000.061  000.061: sourcing C:\Users\dahls\AppData\Local\nvim\plugin\diffview.lua
048.519  000.058  000.058: sourcing C:\Users\dahls\AppData\Local\nvim\plugin\gitsigns.lua
048.684  000.062  000.062: sourcing C:\Users\dahls\AppData\Local\nvim\plugin\lualine.lua
048.840  000.054  000.054: sourcing C:\Users\dahls\AppData\Local\nvim\plugin\mini.nvim.lua
049.003  000.055  000.055: sourcing C:\Users\dahls\AppData\Local\nvim\plugin\nvim-scrollview.lua
049.172  000.065  000.065: sourcing C:\Users\dahls\AppData\Local\nvim\plugin\nvim-treesitter.lua
049.330  000.056  000.056: sourcing C:\Users\dahls\AppData\Local\nvim\plugin\oil-nvim.lua
049.491  000.055  000.055: sourcing C:\Users\dahls\AppData\Local\nvim\plugin\render-markdown-nvim.lua
049.661  000.064  000.064: sourcing C:\Users\dahls\AppData\Local\nvim\plugin\treesitter-textobjects.lua
050.639  000.058  000.058: sourcing C:\Users\dahls\AppData\Local\nvim-data\site\pack\core\opt\which-key.nvim\plugin\which-key.lua
050.787  001.023  000.965: sourcing C:\Users\dahls\AppData\Local\nvim\plugin\which-key.lua
051.261  000.170  000.170: sourcing C:\Users\dahls\AppData\Local\nvim-data\site\pack\core\opt\nvim-lspconfig\plugin\lspconfig.lua
052.859  000.138  000.138: sourcing C:\Program Files\Neovim\share\nvim\runtime\plugin\gzip.vim
054.422  000.177  000.177: sourcing C:\Program Files\Neovim\share\nvim\runtime\pack\dist\opt\matchit\plugin\matchit.vim
054.519  001.493  001.316: sourcing C:\Program Files\Neovim\share\nvim\runtime\plugin\matchit.vim
054.754  000.126  000.126: sourcing C:\Program Files\Neovim\share\nvim\runtime\plugin\matchparen.vim
054.902  000.034  000.034: sourcing C:\Program Files\Neovim\share\nvim\runtime\plugin\netrwPlugin.vim
055.461  000.451  000.451: sourcing C:\Program Files\Neovim\share\nvim\runtime\plugin\rplugin.vim
055.651  000.085  000.085: sourcing C:\Program Files\Neovim\share\nvim\runtime\plugin\tarPlugin.vim
055.798  000.036  000.036: sourcing C:\Program Files\Neovim\share\nvim\runtime\plugin\tutor.vim
056.036  000.122  000.122: sourcing C:\Program Files\Neovim\share\nvim\runtime\plugin\zipPlugin.vim
056.218  000.065  000.065: sourcing C:\Program Files\Neovim\share\nvim\runtime\plugin\editorconfig.lua
056.410  000.084  000.084: sourcing C:\Program Files\Neovim\share\nvim\runtime\plugin\man.lua
056.644  000.121  000.121: sourcing C:\Program Files\Neovim\share\nvim\runtime\plugin\net.lua
056.859  000.094  000.094: sourcing C:\Program Files\Neovim\share\nvim\runtime\plugin\osc52.lua
057.105  000.118  000.118: sourcing C:\Program Files\Neovim\share\nvim\runtime\plugin\shada.lua
057.351  000.066  000.066: sourcing C:\Program Files\Neovim\share\nvim\runtime\plugin\spellfile.lua
057.401  006.965: loading rtp plugins
057.650  000.249: loading packages
057.676  000.025: loading after plugins
057.693  000.017: inits 3
061.204  003.511: reading ShaDa
061.285  000.081: opening buffers
061.313  000.028: BufEnter autocommands
061.316  000.003: editing files in windows
064.529  003.213: VimEnter autocommands
064.581  000.052: UIEnter autocommands
065.069  000.489: before starting main loop
065.567  000.497: first screen update
065.569  000.003: --- NVIM STARTED ---

--- Startup times for process: Primary (or UI client) ---

times in msec
 clock   self+sourced   self:  sourced script
 clock   elapsed:              other lines

000.003  000.003: --- NVIM STARTING ---
000.047  000.044: event init
000.145  000.098: early init
011.479  011.334: locale set
011.521  000.042: init first window
012.117  000.595: inits 1
012.222  000.106: window checked
012.237  000.015: parsing arguments
013.131  000.369  000.369: require('vim._core.shared')
013.698  000.003  000.003: require('string.buffer')
013.716  000.181  000.178: require('vim.inspect')
013.898  000.175  000.175: require('vim._core.options')
013.901  000.764  000.408: require('vim._core.editor')
014.061  000.159  000.159: require('vim._core.system')
014.067  001.368  000.076: require('vim._init_packages')
014.072  000.468: init lua interpreter
021.911  007.838: nvim_ui_attach
022.133  000.222: nvim_set_client_info
022.136  000.003: --- NVIM STARTED ---

--- Startup times for process: Embedded ---

times in msec
 clock   self+sourced   self:  sourced script
 clock   elapsed:              other lines

000.002  000.002: --- NVIM STARTING ---
000.027  000.025: event init
000.084  000.057: early init
010.909  010.825: locale set
010.934  000.024: init first window
011.302  000.368: inits 1
011.314  000.012: window checked
011.317  000.003: parsing arguments
012.019  000.357  000.357: require('vim._core.shared')
012.544  000.003  000.003: require('string.buffer')
012.564  000.157  000.154: require('vim.inspect')
012.782  000.210  000.210: require('vim._core.options')
012.785  000.762  000.395: require('vim._core.editor')
012.894  000.107  000.107: require('vim._core.system')
012.896  001.293  000.067: require('vim._init_packages')
012.900  000.290: init lua interpreter
013.261  000.361: expanding arguments
013.289  000.029: inits 2
013.662  000.372: init highlight
013.664  000.003: waiting for UI
013.810  000.145: done waiting for UI
013.836  000.026: clear screen
014.341  000.032  000.032: require('vim.keymap')
014.849  000.132  000.132: sourcing nvim_exec2()
014.917  000.041  000.041: require('vim._core.log')
016.908  000.883  000.883: require('vim.tty')
016.987  000.063  000.063: require('vim.text')
019.723  005.883  004.733: require('vim._core.defaults')
019.728  000.009: init default mappings & autocommands
019.962  000.076  000.076: sourcing C:\Program Files\Neovim\share\nvim\runtime\ftplugin.vim
020.182  000.046  000.046: sourcing C:\Program Files\Neovim\share\nvim\runtime\indent.vim
021.970  000.017  000.017: require('vim.F')
022.003  001.173  001.156: require('vim.diagnostic')
022.013  001.564  000.391: require('general-options')
022.272  000.257  000.257: require('general-keymaps')
022.466  000.190  000.190: require('autocommands')
023.378  000.165  000.165: require('vim._async')
023.391  000.822  000.657: require('vim.pack')
023.634  000.235  000.235: require('vim.fs')
024.144  000.286  000.286: require('vim.version')
025.361  000.290  000.290: require('catppuccin')
025.640  000.165  000.165: require('catppuccin.lib.hashing')
026.815  001.801  001.347: sourcing C:\Users\dahls\AppData\Local\nvim-data\site\pack\core\opt\catppuccin-nvim\colors\catppuccin-mocha.lua
026.835  002.062  000.261: sourcing nvim_exec2() called at C:\Users\dahls\AppData\Local\nvim\init.lua:0
026.884  004.413  001.007: require('themes')
027.061  000.175  000.175: require('selection_expand_shrink')
027.230  000.164  000.164: require('note_buffers')
027.430  000.085  000.085: require('plugin-loader')
028.484  000.135  000.135: require('mason-core.path')
028.989  000.120  000.120: require('mason-core.functional.data')
029.180  000.185  000.185: require('mason-core.functional.function')
029.422  000.235  000.235: require('mason-core.functional.list')
029.582  000.151  000.151: require('mason-core.functional.relation')
029.742  000.154  000.154: require('mason-core.functional.logic')
029.884  000.135  000.135: require('mason-core.functional.number')
030.088  000.195  000.195: require('mason-core.functional.string')
030.267  000.158  000.158: require('mason-core.functional.table')
030.412  000.128  000.128: require('mason-core.functional.type')
030.417  001.726  000.265: require('mason-core.functional')
030.465  001.976  000.250: require('mason-core.platform')
030.639  000.170  000.170: require('mason.settings')
030.645  002.447  000.166: require('mason-core.installer.InstallLocation')
031.251  000.260  000.260: require('mason-core.log')
031.257  000.402  000.141: require('mason-core.EventEmitter')
031.501  000.241  000.241: require('mason-registry.sources')
031.569  000.921  000.279: require('mason-registry')
031.572  003.534  000.165: require('mason')
031.934  000.279  000.279: require('mason.api.command')
032.698  000.087  000.087: require('lsp/configs/clangd')
032.800  000.095  000.095: require('lsp/configs/lua_ls')
034.514  000.773  000.773: require('vim.lsp.protocol')
034.570  001.102  000.328: require('vim.lsp.log')
035.683  000.040  000.040: require('vim._core.util')
035.702  001.127  001.086: require('vim.lsp.util')
036.381  000.308  000.308: require('vim.lsp.sync')
036.389  000.683  000.375: require('vim.lsp._changetracking')
037.079  000.264  000.264: require('vim.lsp._transport')
037.120  000.036  000.036: require('vim._core.stringbuffer')
037.130  000.739  000.438: require('vim.lsp.rpc')
037.176  004.371  000.721: require('vim.lsp')
037.288  000.104  000.104: require('lsp/configs/marksman')
037.386  000.092  000.092: require('lsp/configs/powershell_es')
037.490  000.093  000.093: require('lsp/configs/stylua')
038.744  011.509  002.770: require('lsp.lsp_setup')
038.882  000.133  000.133: require('snacks-nvim')
038.887  018.499  000.093: sourcing C:\Users\dahls\AppData\Local\nvim\init.lua
038.915  000.566: sourcing vimrc file(s)
039.353  000.122  000.122: sourcing nvim_exec2() called at C:\Program Files\Neovim\share\nvim\runtime\filetype.lua:0
039.359  000.217  000.095: sourcing C:\Program Files\Neovim\share\nvim\runtime\filetype.lua
040.036  000.079  000.079: sourcing C:\Program Files\Neovim\share\nvim\runtime\syntax\synload.vim
040.135  000.416  000.338: sourcing C:\Program Files\Neovim\share/nvim/runtime/syntax/syntax.vim
042.938  000.711  000.711: require('alpha')
043.079  000.135  000.135: require('screen')
043.114  001.642  000.796: sourcing C:\Users\dahls\AppData\Local\nvim\plugin\alpha-nvim.lua
043.286  000.057  000.057: sourcing C:\Users\dahls\AppData\Local\nvim\plugin\autopairs.lua
043.468  000.079  000.079: sourcing C:\Users\dahls\AppData\Local\nvim\plugin\blink_completion.lua
043.639  000.066  000.066: sourcing C:\Users\dahls\AppData\Local\nvim\plugin\diffview.lua
043.800  000.056  000.056: sourcing C:\Users\dahls\AppData\Local\nvim\plugin\gitsigns.lua
043.962  000.060  000.060: sourcing C:\Users\dahls\AppData\Local\nvim\plugin\lualine.lua
044.116  000.053  000.053: sourcing C:\Users\dahls\AppData\Local\nvim\plugin\mini.nvim.lua
044.270  000.053  000.053: sourcing C:\Users\dahls\AppData\Local\nvim\plugin\nvim-scrollview.lua
044.436  000.064  000.064: sourcing C:\Users\dahls\AppData\Local\nvim\plugin\nvim-treesitter.lua
044.606  000.068  000.068: sourcing C:\Users\dahls\AppData\Local\nvim\plugin\oil-nvim.lua
044.773  000.057  000.057: sourcing C:\Users\dahls\AppData\Local\nvim\plugin\render-markdown-nvim.lua
044.943  000.064  000.064: sourcing C:\Users\dahls\AppData\Local\nvim\plugin\treesitter-textobjects.lua
046.023  000.059  000.059: sourcing C:\Users\dahls\AppData\Local\nvim-data\site\pack\core\opt\which-key.nvim\plugin\which-key.lua
046.174  001.129  001.070: sourcing C:\Users\dahls\AppData\Local\nvim\plugin\which-key.lua
046.647  000.171  000.171: sourcing C:\Users\dahls\AppData\Local\nvim-data\site\pack\core\opt\nvim-lspconfig\plugin\lspconfig.lua
048.035  000.137  000.137: sourcing C:\Program Files\Neovim\share\nvim\runtime\plugin\gzip.vim
049.361  000.172  000.172: sourcing C:\Program Files\Neovim\share\nvim\runtime\pack\dist\opt\matchit\plugin\matchit.vim
049.451  001.306  001.133: sourcing C:\Program Files\Neovim\share\nvim\runtime\plugin\matchit.vim
049.699  000.139  000.139: sourcing C:\Program Files\Neovim\share\nvim\runtime\plugin\matchparen.vim
049.841  000.025  000.025: sourcing C:\Program Files\Neovim\share\nvim\runtime\plugin\netrwPlugin.vim
050.400  000.457  000.457: sourcing C:\Program Files\Neovim\share\nvim\runtime\plugin\rplugin.vim
050.587  000.083  000.083: sourcing C:\Program Files\Neovim\share\nvim\runtime\plugin\tarPlugin.vim
050.733  000.036  000.036: sourcing C:\Program Files\Neovim\share\nvim\runtime\plugin\tutor.vim
050.957  000.117  000.117: sourcing C:\Program Files\Neovim\share\nvim\runtime\plugin\zipPlugin.vim
051.144  000.069  000.069: sourcing C:\Program Files\Neovim\share\nvim\runtime\plugin\editorconfig.lua
051.331  000.079  000.079: sourcing C:\Program Files\Neovim\share\nvim\runtime\plugin\man.lua
051.565  000.125  000.125: sourcing C:\Program Files\Neovim\share\nvim\runtime\plugin\net.lua
051.781  000.096  000.096: sourcing C:\Program Files\Neovim\share\nvim\runtime\plugin\osc52.lua
052.012  000.116  000.116: sourcing C:\Program Files\Neovim\share\nvim\runtime\plugin\shada.lua
052.261  000.067  000.067: sourcing C:\Program Files\Neovim\share\nvim\runtime\plugin\spellfile.lua
052.308  006.287: loading rtp plugins
052.553  000.245: loading packages
052.579  000.026: loading after plugins
052.594  000.015: inits 3
055.658  003.064: reading ShaDa
055.735  000.077: opening buffers
055.763  000.027: BufEnter autocommands
055.767  000.004: editing files in windows
058.870  003.103: VimEnter autocommands
058.920  000.050: UIEnter autocommands
059.420  000.500: before starting main loop
059.868  000.448: first screen update
059.871  000.003: --- NVIM STARTED ---

--- Startup times for process: Primary (or UI client) ---

times in msec
 clock   self+sourced   self:  sourced script
 clock   elapsed:              other lines

000.003  000.003: --- NVIM STARTING ---
000.051  000.048: event init
000.135  000.084: early init
011.172  011.037: locale set
011.213  000.041: init first window
011.809  000.596: inits 1
011.878  000.070: window checked
011.888  000.010: parsing arguments
012.661  000.371  000.371: require('vim._core.shared')
013.236  000.003  000.003: require('string.buffer')
013.257  000.187  000.183: require('vim.inspect')
013.437  000.174  000.174: require('vim._core.options')
013.439  000.772  000.412: require('vim._core.editor')
013.560  000.118  000.118: require('vim._core.system')
013.562  001.333  000.071: require('vim._init_packages')
013.566  000.345: init lua interpreter
020.284  006.718: nvim_ui_attach
020.504  000.220: nvim_set_client_info
020.507  000.003: --- NVIM STARTED ---

--- Startup times for process: Embedded ---

times in msec
 clock   self+sourced   self:  sourced script
 clock   elapsed:              other lines

000.003  000.003: --- NVIM STARTING ---
000.030  000.027: event init
000.087  000.057: early init
011.984  011.897: locale set
012.010  000.026: init first window
012.402  000.392: inits 1
012.414  000.012: window checked
012.417  000.003: parsing arguments
013.119  000.365  000.365: require('vim._core.shared')
013.678  000.004  000.004: require('string.buffer')
013.700  000.181  000.177: require('vim.inspect')
013.873  000.167  000.167: require('vim._core.options')
013.876  000.752  000.405: require('vim._core.editor')
013.988  000.107  000.107: require('vim._core.system')
013.990  001.306  000.081: require('vim._init_packages')
013.994  000.271: init lua interpreter
014.270  000.275: expanding arguments
014.289  000.020: inits 2
014.543  000.253: init highlight
014.544  000.002: waiting for UI
014.703  000.158: done waiting for UI
014.720  000.017: clear screen
015.225  000.034  000.034: require('vim.keymap')
015.732  000.131  000.131: sourcing nvim_exec2()
015.774  000.016  000.016: require('vim._core.log')
017.520  000.991  000.991: require('vim.tty')
017.600  000.063  000.063: require('vim.text')
020.612  005.889  004.654: require('vim._core.defaults')
020.617  000.008: init default mappings & autocommands
020.855  000.077  000.077: sourcing C:\Program Files\Neovim\share\nvim\runtime\ftplugin.vim
021.087  000.048  000.048: sourcing C:\Program Files\Neovim\share\nvim\runtime\indent.vim
023.377  000.018  000.018: require('vim.F')
023.410  001.450  001.433: require('vim.diagnostic')
023.420  002.009  000.559: require('general-options')
023.724  000.301  000.301: require('general-keymaps')
024.208  000.218  000.218: require('autocommands')
025.193  000.180  000.180: require('vim._async')
025.212  000.888  000.708: require('vim.pack')
025.517  000.260  000.260: require('vim.fs')
026.093  000.306  000.306: require('vim.version')
027.436  000.322  000.322: require('catppuccin')
028.014  000.161  000.161: require('catppuccin.lib.hashing')
029.306  002.262  001.778: sourcing C:\Users\dahls\AppData\Local\nvim-data\site\pack\core\opt\catppuccin-nvim\colors\catppuccin-mocha.lua
029.326  002.547  000.285: sourcing nvim_exec2() called at C:\Users\dahls\AppData\Local\nvim\init.lua:0
029.376  005.163  001.161: require('themes')
029.589  000.211  000.211: require('selection_expand_shrink')
029.763  000.169  000.169: require('note_buffers')
030.004  000.109  000.109: require('plugin-loader')
031.092  000.150  000.150: require('mason-core.path')
031.681  000.137  000.137: require('mason-core.functional.data')
031.885  000.197  000.197: require('mason-core.functional.function')
032.112  000.220  000.220: require('mason-core.functional.list')
032.286  000.166  000.166: require('mason-core.functional.relation')
032.474  000.182  000.182: require('mason-core.functional.logic')
032.641  000.161  000.161: require('mason-core.functional.number')
032.810  000.162  000.162: require('mason-core.functional.string')
032.968  000.152  000.152: require('mason-core.functional.table')
033.102  000.128  000.128: require('mason-core.functional.type')
033.407  002.085  000.580: require('mason-core.functional')
033.479  002.381  000.297: require('mason-core.platform')
033.674  000.192  000.192: require('mason.settings')
033.680  002.908  000.185: require('mason-core.installer.InstallLocation')
034.292  000.223  000.223: require('mason-core.log')
034.298  000.392  000.170: require('mason-core.EventEmitter')
034.544  000.243  000.243: require('mason-registry.sources')
034.620  000.938  000.303: require('mason-registry')
034.623  004.028  000.182: require('mason')
034.982  000.304  000.304: require('mason.api.command')
035.730  000.096  000.096: require('lsp/configs/clangd')
035.838  000.102  000.102: require('lsp/configs/lua_ls')
037.570  000.762  000.762: require('vim.lsp.protocol')
037.627  001.093  000.331: require('vim.lsp.log')
039.011  000.040  000.040: require('vim._core.util')
039.033  001.401  001.361: require('vim.lsp.util')
039.737  000.320  000.320: require('vim.lsp.sync')
039.744  000.708  000.389: require('vim.lsp._changetracking')
040.721  000.544  000.544: require('vim.lsp._transport')
040.765  000.038  000.038: require('vim._core.stringbuffer')
040.800  001.052  000.470: require('vim.lsp.rpc')
040.838  004.995  000.741: require('vim.lsp')
040.972  000.113  000.113: require('lsp/configs/marksman')
041.085  000.107  000.107: require('lsp/configs/powershell_es')
041.195  000.099  000.099: require('lsp/configs/stylua')
042.625  012.857  002.904: require('lsp.lsp_setup')
042.769  000.139  000.139: require('snacks-nvim')
042.774  021.465  000.397: sourcing C:\Users\dahls\AppData\Local\nvim\init.lua
042.802  000.595: sourcing vimrc file(s)
043.260  000.124  000.124: sourcing nvim_exec2() called at C:\Program Files\Neovim\share\nvim\runtime\filetype.lua:0
043.266  000.233  000.109: sourcing C:\Program Files\Neovim\share\nvim\runtime\filetype.lua
043.927  000.076  000.076: sourcing C:\Program Files\Neovim\share\nvim\runtime\syntax\synload.vim
044.044  000.419  000.343: sourcing C:\Program Files\Neovim\share/nvim/runtime/syntax/syntax.vim
047.176  000.766  000.766: require('alpha')
047.337  000.155  000.155: require('screen')
047.364  001.687  000.765: sourcing C:\Users\dahls\AppData\Local\nvim\plugin\alpha-nvim.lua
047.545  000.069  000.069: sourcing C:\Users\dahls\AppData\Local\nvim\plugin\autopairs.lua
047.736  000.087  000.087: sourcing C:\Users\dahls\AppData\Local\nvim\plugin\blink_completion.lua
047.912  000.071  000.071: sourcing C:\Users\dahls\AppData\Local\nvim\plugin\diffview.lua
048.195  000.083  000.083: sourcing C:\Users\dahls\AppData\Local\nvim\plugin\gitsigns.lua
048.367  000.063  000.063: sourcing C:\Users\dahls\AppData\Local\nvim\plugin\lualine.lua
048.533  000.064  000.064: sourcing C:\Users\dahls\AppData\Local\nvim\plugin\mini.nvim.lua
048.700  000.060  000.060: sourcing C:\Users\dahls\AppData\Local\nvim\plugin\nvim-scrollview.lua
048.861  000.061  000.061: sourcing C:\Users\dahls\AppData\Local\nvim\plugin\nvim-treesitter.lua
049.040  000.064  000.064: sourcing C:\Users\dahls\AppData\Local\nvim\plugin\oil-nvim.lua
049.211  000.067  000.067: sourcing C:\Users\dahls\AppData\Local\nvim\plugin\render-markdown-nvim.lua
049.382  000.065  000.065: sourcing C:\Users\dahls\AppData\Local\nvim\plugin\treesitter-textobjects.lua
050.667  000.069  000.069: sourcing C:\Users\dahls\AppData\Local\nvim-data\site\pack\core\opt\which-key.nvim\plugin\which-key.lua
050.818  001.334  001.265: sourcing C:\Users\dahls\AppData\Local\nvim\plugin\which-key.lua
051.299  000.178  000.178: sourcing C:\Users\dahls\AppData\Local\nvim-data\site\pack\core\opt\nvim-lspconfig\plugin\lspconfig.lua
052.721  000.134  000.134: sourcing C:\Program Files\Neovim\share\nvim\runtime\plugin\gzip.vim
054.130  000.179  000.179: sourcing C:\Program Files\Neovim\share\nvim\runtime\pack\dist\opt\matchit\plugin\matchit.vim
054.240  001.399  001.220: sourcing C:\Program Files\Neovim\share\nvim\runtime\plugin\matchit.vim
054.482  000.125  000.125: sourcing C:\Program Files\Neovim\share\nvim\runtime\plugin\matchparen.vim
054.639  000.023  000.023: sourcing C:\Program Files\Neovim\share\nvim\runtime\plugin\netrwPlugin.vim
055.282  000.526  000.526: sourcing C:\Program Files\Neovim\share\nvim\runtime\plugin\rplugin.vim
055.811  000.084  000.084: sourcing C:\Program Files\Neovim\share\nvim\runtime\plugin\tarPlugin.vim
056.038  000.037  000.037: sourcing C:\Program Files\Neovim\share\nvim\runtime\plugin\tutor.vim
056.313  000.125  000.125: sourcing C:\Program Files\Neovim\share\nvim\runtime\plugin\zipPlugin.vim
056.513  000.073  000.073: sourcing C:\Program Files\Neovim\share\nvim\runtime\plugin\editorconfig.lua
056.714  000.092  000.092: sourcing C:\Program Files\Neovim\share\nvim\runtime\plugin\man.lua
056.952  000.126  000.126: sourcing C:\Program Files\Neovim\share\nvim\runtime\plugin\net.lua
057.481  000.105  000.105: sourcing C:\Program Files\Neovim\share\nvim\runtime\plugin\osc52.lua
057.715  000.123  000.123: sourcing C:\Program Files\Neovim\share\nvim\runtime\plugin\shada.lua
057.962  000.071  000.071: sourcing C:\Program Files\Neovim\share\nvim\runtime\plugin\spellfile.lua
058.019  007.570: loading rtp plugins
058.266  000.247: loading packages
058.291  000.025: loading after plugins
058.306  000.015: inits 3
061.476  003.170: reading ShaDa
061.576  000.100: opening buffers
061.616  000.040: BufEnter autocommands
061.620  000.004: editing files in windows
065.224  003.604: VimEnter autocommands
065.277  000.053: UIEnter autocommands
065.909  000.632: before starting main loop
066.505  000.596: first screen update
066.508  000.003: --- NVIM STARTED ---

--- Startup times for process: Primary (or UI client) ---

times in msec
 clock   self+sourced   self:  sourced script
 clock   elapsed:              other lines

000.002  000.002: --- NVIM STARTING ---
000.051  000.048: event init
000.146  000.095: early init
012.155  012.009: locale set
012.197  000.042: init first window
012.817  000.620: inits 1
012.910  000.093: window checked
012.920  000.010: parsing arguments
013.696  000.377  000.377: require('vim._core.shared')
014.255  000.003  000.003: require('string.buffer')
014.281  000.181  000.178: require('vim.inspect')
014.465  000.175  000.175: require('vim._core.options')
014.468  000.766  000.410: require('vim._core.editor')
014.592  000.122  000.122: require('vim._core.system')
014.594  001.354  000.088: require('vim._init_packages')
014.598  000.325: init lua interpreter
023.335  008.737: nvim_ui_attach
023.557  000.222: nvim_set_client_info
023.560  000.003: --- NVIM STARTED ---

--- Startup times for process: Embedded ---

times in msec
 clock   self+sourced   self:  sourced script
 clock   elapsed:              other lines

000.003  000.003: --- NVIM STARTING ---
000.028  000.025: event init
000.088  000.060: early init
010.696  010.608: locale set
010.732  000.037: init first window
011.130  000.398: inits 1
011.144  000.014: window checked
011.148  000.003: parsing arguments
011.848  000.362  000.362: require('vim._core.shared')
012.391  000.003  000.003: require('string.buffer')
012.418  000.178  000.175: require('vim.inspect')
012.595  000.170  000.170: require('vim._core.options')
012.598  000.746  000.398: require('vim._core.editor')
012.708  000.108  000.108: require('vim._core.system')
012.710  001.293  000.078: require('vim._init_packages')
012.714  000.273: init lua interpreter
013.013  000.299: expanding arguments
013.300  000.287: inits 2
013.560  000.259: init highlight
013.562  000.002: waiting for UI
013.667  000.105: done waiting for UI
013.683  000.016: clear screen
014.188  000.032  000.032: require('vim.keymap')
014.739  000.135  000.135: sourcing nvim_exec2()
014.783  000.017  000.017: require('vim._core.log')
016.982  001.130  001.130: require('vim.tty')
017.061  000.062  000.062: require('vim.text')
020.158  006.473  005.097: require('vim._core.defaults')
020.163  000.008: init default mappings & autocommands
020.415  000.080  000.080: sourcing C:\Program Files\Neovim\share\nvim\runtime\ftplugin.vim
020.656  000.051  000.051: sourcing C:\Program Files\Neovim\share\nvim\runtime\indent.vim
022.445  000.017  000.017: require('vim.F')
022.478  001.125  001.108: require('vim.diagnostic')
022.492  001.567  000.442: require('general-options')
022.832  000.337  000.337: require('general-keymaps')
023.064  000.227  000.227: require('autocommands')
024.017  000.191  000.191: require('vim._async')
024.031  000.854  000.664: require('vim.pack')
024.625  000.546  000.546: require('vim.fs')
025.369  000.331  000.331: require('vim.version')
027.109  000.708  000.708: require('catppuccin')
027.453  000.155  000.155: require('catppuccin.lib.hashing')
028.620  002.277  001.414: sourcing C:\Users\dahls\AppData\Local\nvim-data\site\pack\core\opt\catppuccin-nvim\colors\catppuccin-mocha.lua
028.640  002.564  000.286: sourcing nvim_exec2() called at C:\Users\dahls\AppData\Local\nvim\init.lua:0
028.688  005.620  001.326: require('themes')
028.879  000.188  000.188: require('selection_expand_shrink')
029.055  000.172  000.172: require('note_buffers')
029.285  000.098  000.098: require('plugin-loader')
030.750  000.151  000.151: require('mason-core.path')
031.313  000.137  000.137: require('mason-core.functional.data')
031.500  000.180  000.180: require('mason-core.functional.function')
031.727  000.220  000.220: require('mason-core.functional.list')
031.879  000.144  000.144: require('mason-core.functional.relation')
032.034  000.149  000.149: require('mason-core.functional.logic')
032.177  000.138  000.138: require('mason-core.functional.number')
032.349  000.165  000.165: require('mason-core.functional.string')
032.557  000.202  000.202: require('mason-core.functional.table')
032.697  000.133  000.133: require('mason-core.functional.type')
032.703  001.729  000.261: require('mason-core.functional')
032.756  001.999  000.270: require('mason-core.platform')
032.971  000.212  000.212: require('mason.settings')
032.977  002.559  000.197: require('mason-core.installer.InstallLocation')
033.724  000.346  000.346: require('mason-core.log')
033.730  000.501  000.155: require('mason-core.EventEmitter')
034.048  000.316  000.316: require('mason-registry.sources')
034.110  001.131  000.314: require('mason-registry')
034.114  003.883  000.193: require('mason')
034.535  000.353  000.353: require('mason.api.command')
035.637  000.422  000.422: require('lsp/configs/clangd')
035.750  000.106  000.106: require('lsp/configs/lua_ls')
037.534  000.804  000.804: require('vim.lsp.protocol')
037.602  001.154  000.349: require('vim.lsp.log')
038.733  000.040  000.040: require('vim._core.util')
038.753  001.145  001.105: require('vim.lsp.util')
039.459  000.322  000.322: require('vim.lsp.sync')
039.466  000.710  000.388: require('vim.lsp._changetracking')
040.202  000.291  000.291: require('vim.lsp._transport')
040.242  000.035  000.035: require('vim._core.stringbuffer')
040.286  000.817  000.491: require('vim.lsp.rpc')
040.308  004.553  000.728: require('vim.lsp')
040.474  000.116  000.116: require('lsp/configs/marksman')
040.592  000.112  000.112: require('lsp/configs/powershell_es')
040.770  000.111  000.111: require('lsp/configs/stylua')
042.538  013.478  003.724: require('lsp.lsp_setup')
042.706  000.162  000.162: require('snacks-nvim')
042.711  021.843  000.091: sourcing C:\Users\dahls\AppData\Local\nvim\init.lua
042.739  000.602: sourcing vimrc file(s)
043.188  000.121  000.121: sourcing nvim_exec2() called at C:\Program Files\Neovim\share\nvim\runtime\filetype.lua:0
043.194  000.220  000.098: sourcing C:\Program Files\Neovim\share\nvim\runtime\filetype.lua
044.172  000.079  000.079: sourcing C:\Program Files\Neovim\share\nvim\runtime\syntax\synload.vim
044.272  000.445  000.366: sourcing C:\Program Files\Neovim\share/nvim/runtime/syntax/syntax.vim
047.458  000.685  000.685: require('alpha')
047.638  000.174  000.174: require('screen')
047.670  001.889  001.030: sourcing C:\Users\dahls\AppData\Local\nvim\plugin\alpha-nvim.lua
047.854  000.071  000.071: sourcing C:\Users\dahls\AppData\Local\nvim\plugin\autopairs.lua
048.057  000.101  000.101: sourcing C:\Users\dahls\AppData\Local\nvim\plugin\blink_completion.lua
048.224  000.064  000.064: sourcing C:\Users\dahls\AppData\Local\nvim\plugin\diffview.lua
048.381  000.055  000.055: sourcing C:\Users\dahls\AppData\Local\nvim\plugin\gitsigns.lua
048.573  000.078  000.078: sourcing C:\Users\dahls\AppData\Local\nvim\plugin\lualine.lua
048.734  000.055  000.055: sourcing C:\Users\dahls\AppData\Local\nvim\plugin\mini.nvim.lua
048.903  000.067  000.067: sourcing C:\Users\dahls\AppData\Local\nvim\plugin\nvim-scrollview.lua
049.085  000.078  000.078: sourcing C:\Users\dahls\AppData\Local\nvim\plugin\nvim-treesitter.lua
049.247  000.056  000.056: sourcing C:\Users\dahls\AppData\Local\nvim\plugin\oil-nvim.lua
049.407  000.057  000.057: sourcing C:\Users\dahls\AppData\Local\nvim\plugin\render-markdown-nvim.lua
049.591  000.080  000.080: sourcing C:\Users\dahls\AppData\Local\nvim\plugin\treesitter-textobjects.lua
050.693  000.061  000.061: sourcing C:\Users\dahls\AppData\Local\nvim-data\site\pack\core\opt\which-key.nvim\plugin\which-key.lua
050.845  001.148  001.087: sourcing C:\Users\dahls\AppData\Local\nvim\plugin\which-key.lua
051.335  000.175  000.175: sourcing C:\Users\dahls\AppData\Local\nvim-data\site\pack\core\opt\nvim-lspconfig\plugin\lspconfig.lua
053.088  000.136  000.136: sourcing C:\Program Files\Neovim\share\nvim\runtime\plugin\gzip.vim
054.497  000.195  000.195: sourcing C:\Program Files\Neovim\share\nvim\runtime\pack\dist\opt\matchit\plugin\matchit.vim
054.595  001.397  001.202: sourcing C:\Program Files\Neovim\share\nvim\runtime\plugin\matchit.vim
054.832  000.127  000.127: sourcing C:\Program Files\Neovim\share\nvim\runtime\plugin\matchparen.vim
054.970  000.026  000.026: sourcing C:\Program Files\Neovim\share\nvim\runtime\plugin\netrwPlugin.vim
055.563  000.492  000.492: sourcing C:\Program Files\Neovim\share\nvim\runtime\plugin\rplugin.vim
055.771  000.086  000.086: sourcing C:\Program Files\Neovim\share\nvim\runtime\plugin\tarPlugin.vim
055.917  000.037  000.037: sourcing C:\Program Files\Neovim\share\nvim\runtime\plugin\tutor.vim
056.138  000.117  000.117: sourcing C:\Program Files\Neovim\share\nvim\runtime\plugin\zipPlugin.vim
056.318  000.067  000.067: sourcing C:\Program Files\Neovim\share\nvim\runtime\plugin\editorconfig.lua
056.507  000.083  000.083: sourcing C:\Program Files\Neovim\share\nvim\runtime\plugin\man.lua
056.779  000.132  000.132: sourcing C:\Program Files\Neovim\share\nvim\runtime\plugin\net.lua
056.989  000.098  000.098: sourcing C:\Program Files\Neovim\share\nvim\runtime\plugin\osc52.lua
057.319  000.156  000.156: sourcing C:\Program Files\Neovim\share\nvim\runtime\plugin\shada.lua
057.845  000.068  000.068: sourcing C:\Program Files\Neovim\share\nvim\runtime\plugin\spellfile.lua
057.895  007.494: loading rtp plugins
058.147  000.253: loading packages
058.172  000.025: loading after plugins
058.187  000.015: inits 3
061.563  003.376: reading ShaDa
061.641  000.078: opening buffers
061.668  000.027: BufEnter autocommands
061.672  000.004: editing files in windows
065.146  003.474: VimEnter autocommands
065.197  000.051: UIEnter autocommands
065.725  000.528: before starting main loop
066.164  000.439: first screen update
066.167  000.003: --- NVIM STARTED ---

--- Startup times for process: Primary (or UI client) ---

times in msec
 clock   self+sourced   self:  sourced script
 clock   elapsed:              other lines

000.003  000.003: --- NVIM STARTING ---
000.033  000.030: event init
000.106  000.072: early init
010.902  010.796: locale set
010.930  000.028: init first window
011.440  000.510: inits 1
011.531  000.091: window checked
011.541  000.010: parsing arguments
012.471  000.417  000.417: require('vim._core.shared')
013.025  000.003  000.003: require('string.buffer')
013.043  000.180  000.177: require('vim.inspect')
013.219  000.170  000.170: require('vim._core.options')
013.223  000.747  000.397: require('vim._core.editor')
013.405  000.180  000.180: require('vim._core.system')
013.413  001.463  000.119: require('vim._init_packages')
013.420  000.416: init lua interpreter
023.696  010.275: nvim_ui_attach
023.925  000.230: nvim_set_client_info
023.928  000.003: --- NVIM STARTED ---

--- Startup times for process: Embedded ---

times in msec
 clock   self+sourced   self:  sourced script
 clock   elapsed:              other lines

000.003  000.003: --- NVIM STARTING ---
000.028  000.025: event init
000.091  000.064: early init
011.338  011.247: locale set
011.363  000.025: init first window
011.741  000.378: inits 1
011.754  000.013: window checked
011.757  000.003: parsing arguments
012.454  000.360  000.360: require('vim._core.shared')
013.260  000.004  000.004: require('string.buffer')
013.289  000.180  000.176: require('vim.inspect')
013.467  000.171  000.171: require('vim._core.options')
013.470  001.011  000.661: require('vim._core.editor')
013.578  000.106  000.106: require('vim._core.system')
013.580  001.557  000.080: require('vim._init_packages')
013.584  000.270: init lua interpreter
013.883  000.299: expanding arguments
013.900  000.017: inits 2
014.139  000.239: init highlight
014.141  000.002: waiting for UI
014.249  000.108: done waiting for UI
014.261  000.013: clear screen
014.745  000.029  000.029: require('vim.keymap')
015.228  000.116  000.116: sourcing nvim_exec2()
015.260  000.016  000.016: require('vim._core.log')
019.096  004.832  004.670: require('vim._core.defaults')
019.102  000.009: init default mappings & autocommands
019.996  000.069  000.069: sourcing C:\Program Files\Neovim\share\nvim\runtime\ftplugin.vim
020.217  000.048  000.048: sourcing C:\Program Files\Neovim\share\nvim\runtime\indent.vim
022.142  000.059  000.059: require('vim.F')
022.177  001.242  001.183: require('vim.diagnostic')
022.187  001.696  000.454: require('general-options')
022.543  000.354  000.354: require('general-keymaps')
022.804  000.256  000.256: require('autocommands')
024.059  000.176  000.176: require('vim._async')
024.071  001.149  000.973: require('vim.pack')
024.346  000.266  000.266: require('vim.fs')
024.932  000.297  000.297: require('vim.version')
026.147  000.299  000.299: require('catppuccin')
026.426  000.137  000.137: require('catppuccin.lib.hashing')
027.578  001.783  001.347: sourcing C:\Users\dahls\AppData\Local\nvim-data\site\pack\core\opt\catppuccin-nvim\colors\catppuccin-mocha.lua
027.597  002.045  000.262: sourcing nvim_exec2() called at C:\Users\dahls\AppData\Local\nvim\init.lua:0
027.648  004.839  001.081: require('themes')
027.842  000.192  000.192: require('selection_expand_shrink')
028.023  000.176  000.176: require('note_buffers')
028.227  000.083  000.083: require('plugin-loader')
029.242  000.130  000.130: require('mason-core.path')
029.742  000.119  000.119: require('mason-core.functional.data')
029.913  000.165  000.165: require('mason-core.functional.function')
030.127  000.207  000.207: require('mason-core.functional.list')
030.263  000.128  000.128: require('mason-core.functional.relation')
030.396  000.128  000.128: require('mason-core.functional.logic')
030.520  000.118  000.118: require('mason-core.functional.number')
030.674  000.148  000.148: require('mason-core.functional.string')
030.826  000.146  000.146: require('mason-core.functional.table')
030.951  000.119  000.119: require('mason-core.functional.type')
030.956  001.509  000.231: require('mason-core.functional')
030.997  001.750  000.240: require('mason-core.platform')
031.200  000.200  000.200: require('mason.settings')
031.206  002.242  000.162: require('mason-core.installer.InstallLocation')
031.777  000.218  000.218: require('mason-core.log')
031.782  000.357  000.139: require('mason-core.EventEmitter')
032.021  000.236  000.236: require('mason-registry.sources')
032.054  000.845  000.252: require('mason-registry')
032.057  003.254  000.167: require('mason')
032.412  000.280  000.280: require('mason.api.command')
033.233  000.085  000.085: require('lsp/configs/clangd')
033.327  000.087  000.087: require('lsp/configs/lua_ls')
035.028  000.733  000.733: require('vim.lsp.protocol')
035.089  001.064  000.331: require('vim.lsp.log')
036.240  000.040  000.040: require('vim._core.util')
036.258  001.164  001.124: require('vim.lsp.util')
036.939  000.310  000.310: require('vim.lsp.sync')
036.946  000.685  000.375: require('vim.lsp._changetracking')
037.693  000.265  000.265: require('vim.lsp._transport')
037.737  000.039  000.039: require('vim._core.stringbuffer')
037.780  000.830  000.526: require('vim.lsp.rpc')
037.816  004.484  000.741: require('vim.lsp')
037.935  000.111  000.111: require('lsp/configs/marksman')
038.039  000.097  000.097: require('lsp/configs/powershell_es')
038.139  000.089  000.089: require('lsp/configs/stylua')
039.494  011.466  002.896: require('lsp.lsp_setup')
039.635  000.136  000.136: require('snacks-nvim')
039.639  019.211  000.095: sourcing C:\Users\dahls\AppData\Local\nvim\init.lua
039.667  001.236: sourcing vimrc file(s)
040.121  000.121  000.121: sourcing nvim_exec2() called at C:\Program Files\Neovim\share\nvim\runtime\filetype.lua:0
040.127  000.227  000.106: sourcing C:\Program Files\Neovim\share\nvim\runtime\filetype.lua
040.779  000.073  000.073: sourcing C:\Program Files\Neovim\share\nvim\runtime\syntax\synload.vim
040.873  000.396  000.324: sourcing C:\Program Files\Neovim\share/nvim/runtime/syntax/syntax.vim
043.704  000.710  000.710: require('alpha')
043.821  000.111  000.111: require('screen')
043.847  001.605  000.784: sourcing C:\Users\dahls\AppData\Local\nvim\plugin\alpha-nvim.lua
044.020  000.056  000.056: sourcing C:\Users\dahls\AppData\Local\nvim\plugin\autopairs.lua
044.203  000.076  000.076: sourcing C:\Users\dahls\AppData\Local\nvim\plugin\blink_completion.lua
044.370  000.061  000.061: sourcing C:\Users\dahls\AppData\Local\nvim\plugin\diffview.lua
044.527  000.057  000.057: sourcing C:\Users\dahls\AppData\Local\nvim\plugin\gitsigns.lua
044.691  000.062  000.062: sourcing C:\Users\dahls\AppData\Local\nvim\plugin\lualine.lua
044.848  000.056  000.056: sourcing C:\Users\dahls\AppData\Local\nvim\plugin\mini.nvim.lua
045.020  000.058  000.058: sourcing C:\Users\dahls\AppData\Local\nvim\plugin\nvim-scrollview.lua
045.208  000.087  000.087: sourcing C:\Users\dahls\AppData\Local\nvim\plugin\nvim-treesitter.lua
045.411  000.070  000.070: sourcing C:\Users\dahls\AppData\Local\nvim\plugin\oil-nvim.lua
045.573  000.057  000.057: sourcing C:\Users\dahls\AppData\Local\nvim\plugin\render-markdown-nvim.lua
045.750  000.065  000.065: sourcing C:\Users\dahls\AppData\Local\nvim\plugin\treesitter-textobjects.lua
046.839  000.061  000.061: sourcing C:\Users\dahls\AppData\Local\nvim-data\site\pack\core\opt\which-key.nvim\plugin\which-key.lua
046.992  001.137  001.077: sourcing C:\Users\dahls\AppData\Local\nvim\plugin\which-key.lua
047.455  000.171  000.171: sourcing C:\Users\dahls\AppData\Local\nvim-data\site\pack\core\opt\nvim-lspconfig\plugin\lspconfig.lua
048.844  000.139  000.139: sourcing C:\Program Files\Neovim\share\nvim\runtime\plugin\gzip.vim
050.186  000.174  000.174: sourcing C:\Program Files\Neovim\share\nvim\runtime\pack\dist\opt\matchit\plugin\matchit.vim
050.272  001.319  001.145: sourcing C:\Program Files\Neovim\share\nvim\runtime\plugin\matchit.vim
050.505  000.124  000.124: sourcing C:\Program Files\Neovim\share\nvim\runtime\plugin\matchparen.vim
050.645  000.027  000.027: sourcing C:\Program Files\Neovim\share\nvim\runtime\plugin\netrwPlugin.vim
051.233  000.483  000.483: sourcing C:\Program Files\Neovim\share\nvim\runtime\plugin\rplugin.vim
051.422  000.085  000.085: sourcing C:\Program Files\Neovim\share\nvim\runtime\plugin\tarPlugin.vim
051.571  000.037  000.037: sourcing C:\Program Files\Neovim\share\nvim\runtime\plugin\tutor.vim
051.786  000.110  000.110: sourcing C:\Program Files\Neovim\share\nvim\runtime\plugin\zipPlugin.vim
051.978  000.070  000.070: sourcing C:\Program Files\Neovim\share\nvim\runtime\plugin\editorconfig.lua
052.189  000.099  000.099: sourcing C:\Program Files\Neovim\share\nvim\runtime\plugin\man.lua
052.428  000.125  000.125: sourcing C:\Program Files\Neovim\share\nvim\runtime\plugin\net.lua
052.665  000.098  000.098: sourcing C:\Program Files\Neovim\share\nvim\runtime\plugin\osc52.lua
052.897  000.121  000.121: sourcing C:\Program Files\Neovim\share\nvim\runtime\plugin\shada.lua
053.089  000.067  000.067: sourcing C:\Program Files\Neovim\share\nvim\runtime\plugin\spellfile.lua
053.180  006.370: loading rtp plugins
053.429  000.250: loading packages
053.456  000.026: loading after plugins
053.471  000.015: inits 3
056.870  003.399: reading ShaDa
056.942  000.072: opening buffers
056.968  000.026: BufEnter autocommands
056.970  000.003: editing files in windows
059.986  003.015: VimEnter autocommands
060.041  000.055: UIEnter autocommands
061.059  001.018: before starting main loop
061.613  000.554: first screen update
061.616  000.003: --- NVIM STARTED ---

--- Startup times for process: Primary (or UI client) ---

times in msec
 clock   self+sourced   self:  sourced script
 clock   elapsed:              other lines

000.003  000.003: --- NVIM STARTING ---
000.037  000.034: event init
000.103  000.066: early init
011.597  011.494: locale set
011.623  000.026: init first window
012.172  000.550: inits 1
012.251  000.078: window checked
012.257  000.007: parsing arguments
012.993  000.376  000.376: require('vim._core.shared')
013.854  000.005  000.005: require('string.buffer')
013.886  000.222  000.218: require('vim.inspect')
014.065  000.170  000.170: require('vim._core.options')
014.068  001.068  000.676: require('vim._core.editor')
014.176  000.106  000.106: require('vim._core.system')
014.178  001.635  000.085: require('vim._init_packages')
014.182  000.290: init lua interpreter
022.055  007.872: nvim_ui_attach
022.267  000.212: nvim_set_client_info
022.270  000.003: --- NVIM STARTED ---

--- Startup times for process: Embedded ---

times in msec
 clock   self+sourced   self:  sourced script
 clock   elapsed:              other lines

000.002  000.002: --- NVIM STARTING ---
000.030  000.028: event init
000.089  000.059: early init
011.146  011.057: locale set
011.178  000.032: init first window
011.733  000.555: inits 1
011.747  000.013: window checked
011.750  000.003: parsing arguments
012.621  000.365  000.365: require('vim._core.shared')
013.182  000.004  000.004: require('string.buffer')
013.199  000.182  000.178: require('vim.inspect')
013.372  000.167  000.167: require('vim._core.options')
013.375  000.748  000.399: require('vim._core.editor')
013.484  000.107  000.107: require('vim._core.system')
013.486  001.348  000.128: require('vim._init_packages')
013.490  000.392: init lua interpreter
013.771  000.281: expanding arguments
013.787  000.016: inits 2
014.026  000.239: init highlight
014.028  000.002: waiting for UI
014.149  000.121: done waiting for UI
014.165  000.016: clear screen
014.655  000.034  000.034: require('vim.keymap')
015.125  000.106  000.106: sourcing nvim_exec2()
015.163  000.021  000.021: require('vim._core.log')
017.117  000.884  000.884: require('vim.tty')
017.191  000.059  000.059: require('vim.text')
019.967  005.798  004.694: require('vim._core.defaults')
019.972  000.008: init default mappings & autocommands
020.191  000.065  000.065: sourcing C:\Program Files\Neovim\share\nvim\runtime\ftplugin.vim
020.425  000.050  000.050: sourcing C:\Program Files\Neovim\share\nvim\runtime\indent.vim
022.198  000.015  000.015: require('vim.F')
022.229  001.075  001.060: require('vim.diagnostic')
022.238  001.549  000.475: require('general-options')
022.585  000.344  000.344: require('general-keymaps')
022.792  000.202  000.202: require('autocommands')
023.726  000.171  000.171: require('vim._async')
023.740  000.841  000.670: require('vim.pack')
024.041  000.256  000.256: require('vim.fs')
024.559  000.294  000.294: require('vim.version')
025.833  000.294  000.294: require('catppuccin')
026.130  000.137  000.137: require('catppuccin.lib.hashing')
027.235  001.750  001.320: sourcing C:\Users\dahls\AppData\Local\nvim-data\site\pack\core\opt\catppuccin-nvim\colors\catppuccin-mocha.lua
027.254  002.007  000.257: sourcing nvim_exec2() called at C:\Users\dahls\AppData\Local\nvim\init.lua:0
027.305  004.509  001.112: require('themes')
027.478  000.171  000.171: require('selection_expand_shrink')
027.635  000.153  000.153: require('note_buffers')
027.834  000.084  000.084: require('plugin-loader')
028.908  000.134  000.134: require('mason-core.path')
029.418  000.121  000.121: require('mason-core.functional.data')
029.585  000.161  000.161: require('mason-core.functional.function')
029.795  000.203  000.203: require('mason-core.functional.list')
029.941  000.138  000.138: require('mason-core.functional.relation')
030.079  000.133  000.133: require('mason-core.functional.logic')
030.206  000.122  000.122: require('mason-core.functional.number')
030.394  000.161  000.161: require('mason-core.functional.string')
030.543  000.142  000.142: require('mason-core.functional.table')
030.669  000.120  000.120: require('mason-core.functional.type')
030.674  001.558  000.258: require('mason-core.functional')
030.718  001.804  000.246: require('mason-core.platform')
030.887  000.167  000.167: require('mason.settings')
030.893  002.273  000.168: require('mason-core.installer.InstallLocation')
031.479  000.243  000.243: require('mason-core.log')
031.484  000.383  000.140: require('mason-core.EventEmitter')
031.727  000.240  000.240: require('mason-registry.sources')
031.784  000.889  000.266: require('mason-registry')
031.788  003.341  000.179: require('mason')
032.154  000.289  000.289: require('mason.api.command')
032.885  000.087  000.087: require('lsp/configs/clangd')
032.989  000.098  000.098: require('lsp/configs/lua_ls')
034.746  000.805  000.805: require('vim.lsp.protocol')
034.803  001.131  000.326: require('vim.lsp.log')
035.943  000.041  000.041: require('vim._core.util')
035.961  001.153  001.112: require('vim.lsp.util')
036.642  000.310  000.310: require('vim.lsp.sync')
036.650  000.686  000.376: require('vim.lsp._changetracking')
037.346  000.270  000.270: require('vim.lsp._transport')
037.386  000.035  000.035: require('vim._core.stringbuffer')
037.421  000.768  000.463: require('vim.lsp.rpc')
037.456  004.462  000.724: require('vim.lsp')
037.585  000.102  000.102: require('lsp/configs/marksman')
037.681  000.090  000.090: require('lsp/configs/powershell_es')
037.803  000.110  000.110: require('lsp/configs/stylua')
039.124  011.485  002.823: require('lsp.lsp_setup')
039.290  000.161  000.161: require('snacks-nvim')
039.295  018.663  000.090: sourcing C:\Users\dahls\AppData\Local\nvim\init.lua
039.324  000.573: sourcing vimrc file(s)
039.773  000.119  000.119: sourcing nvim_exec2() called at C:\Program Files\Neovim\share\nvim\runtime\filetype.lua:0
039.779  000.219  000.100: sourcing C:\Program Files\Neovim\share\nvim\runtime\filetype.lua
040.436  000.073  000.073: sourcing C:\Program Files\Neovim\share\nvim\runtime\syntax\synload.vim
040.525  000.394  000.322: sourcing C:\Program Files\Neovim\share/nvim/runtime/syntax/syntax.vim
043.317  000.727  000.727: require('alpha')
043.470  000.148  000.148: require('screen')
043.499  001.632  000.757: sourcing C:\Users\dahls\AppData\Local\nvim\plugin\alpha-nvim.lua
043.671  000.059  000.059: sourcing C:\Users\dahls\AppData\Local\nvim\plugin\autopairs.lua
043.856  000.081  000.081: sourcing C:\Users\dahls\AppData\Local\nvim\plugin\blink_completion.lua
044.032  000.064  000.064: sourcing C:\Users\dahls\AppData\Local\nvim\plugin\diffview.lua
044.190  000.055  000.055: sourcing C:\Users\dahls\AppData\Local\nvim\plugin\gitsigns.lua
044.353  000.062  000.062: sourcing C:\Users\dahls\AppData\Local\nvim\plugin\lualine.lua
044.510  000.055  000.055: sourcing C:\Users\dahls\AppData\Local\nvim\plugin\mini.nvim.lua
044.668  000.055  000.055: sourcing C:\Users\dahls\AppData\Local\nvim\plugin\nvim-scrollview.lua
044.834  000.064  000.064: sourcing C:\Users\dahls\AppData\Local\nvim\plugin\nvim-treesitter.lua
044.993  000.055  000.055: sourcing C:\Users\dahls\AppData\Local\nvim\plugin\oil-nvim.lua
045.170  000.066  000.066: sourcing C:\Users\dahls\AppData\Local\nvim\plugin\render-markdown-nvim.lua
045.340  000.065  000.065: sourcing C:\Users\dahls\AppData\Local\nvim\plugin\treesitter-textobjects.lua
046.387  000.059  000.059: sourcing C:\Users\dahls\AppData\Local\nvim-data\site\pack\core\opt\which-key.nvim\plugin\which-key.lua
046.539  001.095  001.035: sourcing C:\Users\dahls\AppData\Local\nvim\plugin\which-key.lua
047.004  000.170  000.170: sourcing C:\Users\dahls\AppData\Local\nvim-data\site\pack\core\opt\nvim-lspconfig\plugin\lspconfig.lua
048.364  000.138  000.138: sourcing C:\Program Files\Neovim\share\nvim\runtime\plugin\gzip.vim
049.738  000.171  000.171: sourcing C:\Program Files\Neovim\share\nvim\runtime\pack\dist\opt\matchit\plugin\matchit.vim
049.834  001.359  001.188: sourcing C:\Program Files\Neovim\share\nvim\runtime\plugin\matchit.vim
050.082  000.132  000.132: sourcing C:\Program Files\Neovim\share\nvim\runtime\plugin\matchparen.vim
050.231  000.025  000.025: sourcing C:\Program Files\Neovim\share\nvim\runtime\plugin\netrwPlugin.vim
050.815  000.477  000.477: sourcing C:\Program Files\Neovim\share\nvim\runtime\plugin\rplugin.vim
051.006  000.086  000.086: sourcing C:\Program Files\Neovim\share\nvim\runtime\plugin\tarPlugin.vim
051.153  000.036  000.036: sourcing C:\Program Files\Neovim\share\nvim\runtime\plugin\tutor.vim
051.377  000.119  000.119: sourcing C:\Program Files\Neovim\share\nvim\runtime\plugin\zipPlugin.vim
051.559  000.068  000.068: sourcing C:\Program Files\Neovim\share\nvim\runtime\plugin\editorconfig.lua
051.748  000.080  000.080: sourcing C:\Program Files\Neovim\share\nvim\runtime\plugin\man.lua
051.985  000.126  000.126: sourcing C:\Program Files\Neovim\share\nvim\runtime\plugin\net.lua
052.196  000.097  000.097: sourcing C:\Program Files\Neovim\share\nvim\runtime\plugin\osc52.lua
052.430  000.123  000.123: sourcing C:\Program Files\Neovim\share\nvim\runtime\plugin\shada.lua
052.678  000.065  000.065: sourcing C:\Program Files\Neovim\share\nvim\runtime\plugin\spellfile.lua
052.725  006.283: loading rtp plugins
052.971  000.246: loading packages
052.999  000.028: loading after plugins
053.014  000.014: inits 3
056.126  003.113: reading ShaDa
056.204  000.078: opening buffers
056.229  000.025: BufEnter autocommands
056.232  000.003: editing files in windows
059.203  002.971: VimEnter autocommands
059.255  000.053: UIEnter autocommands
059.757  000.502: before starting main loop
060.353  000.595: first screen update
060.356  000.003: --- NVIM STARTED ---

--- Startup times for process: Embedded ---

times in msec
 clock   self+sourced   self:  sourced script
 clock   elapsed:              other lines

000.003  000.003: --- NVIM STARTING ---
000.054  000.052: event init
000.115  000.061: early init
010.700  010.585: locale set
010.727  000.027: init first window
011.128  000.401: inits 1
011.142  000.014: window checked
011.146  000.004: parsing arguments
011.860  000.363  000.363: require('vim._core.shared')
012.401  000.004  000.004: require('string.buffer')
012.428  000.179  000.176: require('vim.inspect')
012.605  000.169  000.169: require('vim._core.options')
012.607  000.742  000.394: require('vim._core.editor')
012.714  000.105  000.105: require('vim._core.system')
012.716  001.289  000.079: require('vim._init_packages')
012.720  000.285: init lua interpreter
031.261  018.541: expanding arguments
031.276  000.016: inits 2
031.516  000.239: init highlight
031.518  000.002: waiting for UI
052.317  020.799: done waiting for UI
052.335  000.018: clear screen
052.880  000.030  000.030: require('vim.keymap')
053.445  000.106  000.106: sourcing nvim_exec2()
053.483  000.023  000.023: require('vim._core.log')
055.652  001.311  001.311: require('vim.tty')
055.757  000.086  000.086: require('vim.text')
059.326  006.986  005.430: require('vim._core.defaults')
059.331  000.010: init default mappings & autocommands
059.562  000.075  000.075: sourcing C:\Program Files\Neovim\share\nvim\runtime\ftplugin.vim
059.796  000.050  000.050: sourcing C:\Program Files\Neovim\share\nvim\runtime\indent.vim
061.570  000.016  000.016: require('vim.F')
061.610  001.123  001.107: require('vim.diagnostic')
061.620  001.593  000.470: require('general-options')
061.970  000.348  000.348: require('general-keymaps')
062.173  000.199  000.199: require('autocommands')
063.092  000.170  000.170: require('vim._async')
063.105  000.820  000.650: require('vim.pack')
063.365  000.253  000.253: require('vim.fs')
063.878  000.299  000.299: require('vim.version')
065.109  000.299  000.299: require('catppuccin')
065.364  000.139  000.139: require('catppuccin.lib.hashing')
066.484  001.731  001.293: sourcing C:\Users\dahls\AppData\Local\nvim-data\site\pack\core\opt\catppuccin-nvim\colors\catppuccin-mocha.lua
066.504  001.984  000.253: sourcing nvim_exec2() called at C:\Users\dahls\AppData\Local\nvim\init.lua:0
066.556  004.378  001.022: require('themes')
066.734  000.176  000.176: require('selection_expand_shrink')
066.890  000.151  000.151: require('note_buffers')
067.096  000.086  000.086: require('plugin-loader')
068.144  000.135  000.135: require('mason-core.path')
068.664  000.123  000.123: require('mason-core.functional.data')
068.848  000.178  000.178: require('mason-core.functional.function')
069.073  000.218  000.218: require('mason-core.functional.list')
069.214  000.133  000.133: require('mason-core.functional.relation')
069.356  000.137  000.137: require('mason-core.functional.logic')
069.484  000.122  000.122: require('mason-core.functional.number')
069.642  000.151  000.151: require('mason-core.functional.string')
069.803  000.155  000.155: require('mason-core.functional.table')
069.930  000.121  000.121: require('mason-core.functional.type')
069.935  001.577  000.237: require('mason-core.functional')
069.978  001.828  000.251: require('mason-core.platform')
070.149  000.168  000.168: require('mason.settings')
070.154  002.298  000.168: require('mason-core.installer.InstallLocation')
070.784  000.280  000.280: require('mason-core.log')
070.790  000.424  000.143: require('mason-core.EventEmitter')
071.035  000.243  000.243: require('mason-registry.sources')
071.194  001.038  000.371: require('mason-registry')
071.198  003.503  000.167: require('mason')
071.531  000.287  000.287: require('mason.api.command')
072.307  000.086  000.086: require('lsp/configs/clangd')
072.404  000.090  000.090: require('lsp/configs/lua_ls')
074.028  000.686  000.686: require('vim.lsp.protocol')
074.102  001.020  000.334: require('vim.lsp.log')
075.218  000.039  000.039: require('vim._core.util')
075.236  001.129  001.090: require('vim.lsp.util')
075.919  000.313  000.313: require('vim.lsp.sync')
075.926  000.687  000.374: require('vim.lsp._changetracking')
076.620  000.268  000.268: require('vim.lsp._transport')
076.659  000.035  000.035: require('vim._core.stringbuffer')
076.694  000.764  000.461: require('vim.lsp.rpc')
076.734  004.326  000.726: require('vim.lsp')
076.844  000.100  000.100: require('lsp/configs/marksman')
076.942  000.093  000.093: require('lsp/configs/powershell_es')
077.039  000.086  000.086: require('lsp/configs/stylua')
078.341  011.447  002.790: require('lsp.lsp_setup')
078.486  000.140  000.140: require('snacks-nvim')
078.490  018.525  000.093: sourcing C:\Users\dahls\AppData\Local\nvim\init.lua
078.523  000.543: sourcing vimrc file(s)
078.960  000.120  000.120: sourcing nvim_exec2() called at C:\Program Files\Neovim\share\nvim\runtime\filetype.lua:0
078.966  000.220  000.100: sourcing C:\Program Files\Neovim\share\nvim\runtime\filetype.lua
079.609  000.075  000.075: sourcing C:\Program Files\Neovim\share\nvim\runtime\syntax\synload.vim
079.707  000.399  000.325: sourcing C:\Program Files\Neovim\share/nvim/runtime/syntax/syntax.vim
082.547  000.719  000.719: require('alpha')
082.691  000.138  000.138: require('screen')
082.721  001.673  000.816: sourcing C:\Users\dahls\AppData\Local\nvim\plugin\alpha-nvim.lua
082.894  000.060  000.060: sourcing C:\Users\dahls\AppData\Local\nvim\plugin\autopairs.lua
083.077  000.080  000.080: sourcing C:\Users\dahls\AppData\Local\nvim\plugin\blink_completion.lua
083.243  000.064  000.064: sourcing C:\Users\dahls\AppData\Local\nvim\plugin\diffview.lua
083.401  000.056  000.056: sourcing C:\Users\dahls\AppData\Local\nvim\plugin\gitsigns.lua
083.567  000.066  000.066: sourcing C:\Users\dahls\AppData\Local\nvim\plugin\lualine.lua
083.731  000.062  000.062: sourcing C:\Users\dahls\AppData\Local\nvim\plugin\mini.nvim.lua
083.909  000.068  000.068: sourcing C:\Users\dahls\AppData\Local\nvim\plugin\nvim-scrollview.lua
084.083  000.067  000.067: sourcing C:\Users\dahls\AppData\Local\nvim\plugin\nvim-treesitter.lua
084.245  000.057  000.057: sourcing C:\Users\dahls\AppData\Local\nvim\plugin\oil-nvim.lua
084.413  000.064  000.064: sourcing C:\Users\dahls\AppData\Local\nvim\plugin\render-markdown-nvim.lua
084.585  000.067  000.067: sourcing C:\Users\dahls\AppData\Local\nvim\plugin\treesitter-textobjects.lua
085.668  000.061  000.061: sourcing C:\Users\dahls\AppData\Local\nvim-data\site\pack\core\opt\which-key.nvim\plugin\which-key.lua
085.824  001.135  001.074: sourcing C:\Users\dahls\AppData\Local\nvim\plugin\which-key.lua
086.322  000.175  000.175: sourcing C:\Users\dahls\AppData\Local\nvim-data\site\pack\core\opt\nvim-lspconfig\plugin\lspconfig.lua
087.688  000.144  000.144: sourcing C:\Program Files\Neovim\share\nvim\runtime\plugin\gzip.vim
089.035  000.172  000.172: sourcing C:\Program Files\Neovim\share\nvim\runtime\pack\dist\opt\matchit\plugin\matchit.vim
089.131  001.319  001.147: sourcing C:\Program Files\Neovim\share\nvim\runtime\plugin\matchit.vim
089.368  000.127  000.127: sourcing C:\Program Files\Neovim\share\nvim\runtime\plugin\matchparen.vim
089.518  000.026  000.026: sourcing C:\Program Files\Neovim\share\nvim\runtime\plugin\netrwPlugin.vim
090.076  000.454  000.454: sourcing C:\Program Files\Neovim\share\nvim\runtime\plugin\rplugin.vim
090.265  000.085  000.085: sourcing C:\Program Files\Neovim\share\nvim\runtime\plugin\tarPlugin.vim
090.412  000.037  000.037: sourcing C:\Program Files\Neovim\share\nvim\runtime\plugin\tutor.vim
090.645  000.127  000.127: sourcing C:\Program Files\Neovim\share\nvim\runtime\plugin\zipPlugin.vim
090.835  000.067  000.067: sourcing C:\Program Files\Neovim\share\nvim\runtime\plugin\editorconfig.lua
091.026  000.082  000.082: sourcing C:\Program Files\Neovim\share\nvim\runtime\plugin\man.lua
091.262  000.127  000.127: sourcing C:\Program Files\Neovim\share\nvim\runtime\plugin\net.lua
091.471  000.096  000.096: sourcing C:\Program Files\Neovim\share\nvim\runtime\plugin\osc52.lua
091.716  000.133  000.133: sourcing C:\Program Files\Neovim\share\nvim\runtime\plugin\shada.lua
091.973  000.065  000.065: sourcing C:\Program Files\Neovim\share\nvim\runtime\plugin\spellfile.lua
092.022  006.300: loading rtp plugins
092.271  000.248: loading packages
092.296  000.025: loading after plugins
092.311  000.015: inits 3
095.352  003.041: reading ShaDa
095.430  000.079: opening buffers
095.457  000.027: BufEnter autocommands
095.460  000.003: editing files in windows
098.366  002.906: VimEnter autocommands
098.416  000.050: UIEnter autocommands
099.191  000.774: before starting main loop
099.725  000.535: first screen update
099.728  000.003: --- NVIM STARTED ---

--- Startup times for process: Embedded ---

times in msec
 clock   self+sourced   self:  sourced script
 clock   elapsed:              other lines

000.003  000.003: --- NVIM STARTING ---
000.036  000.033: event init
000.097  000.060: early init
012.238  012.141: locale set
012.266  000.028: init first window
012.694  000.428: inits 1
012.707  000.014: window checked
012.711  000.004: parsing arguments
013.699  000.630  000.630: require('vim._core.shared')
014.293  000.004  000.004: require('string.buffer')
014.322  000.188  000.184: require('vim.inspect')
014.494  000.165  000.165: require('vim._core.options')
014.497  000.792  000.439: require('vim._core.editor')
014.605  000.106  000.106: require('vim._core.system')
014.608  001.605  000.077: require('vim._init_packages')
014.612  000.295: init lua interpreter
033.089  018.477: expanding arguments
033.108  000.019: inits 2
033.349  000.241: init highlight
033.351  000.002: waiting for UI
3542.212  3508.861: done waiting for UI
3542.237  000.025: clear screen
3542.941  000.030  000.030: require('vim.keymap')
3543.887  000.418  000.418: sourcing nvim_exec2()
3543.936  000.029  000.029: require('vim._core.log')
3545.776  001.114  001.114: require('vim.tty')
3545.903  000.110  000.110: require('vim.text')
3549.614  007.369  005.668: require('vim._core.defaults')
3549.619  000.013: init default mappings & autocommands
3549.893  000.070  000.070: sourcing C:\Program Files\Neovim\share\nvim\runtime\ftplugin.vim
3550.155  000.055  000.055: sourcing C:\Program Files\Neovim\share\nvim\runtime\indent.vim
3552.055  000.019  000.019: require('vim.F')
3552.090  001.180  001.161: require('vim.diagnostic')
3552.099  001.699  000.519: require('general-options')
3552.500  000.397  000.397: require('general-keymaps')
3552.742  000.237  000.237: require('autocommands')
3553.780  000.231  000.231: require('vim._async')
3553.800  000.944  000.714: require('vim.pack')
3554.137  000.325  000.325: require('vim.fs')
3555.241  000.745  000.745: require('vim.version')
3556.376  000.247  000.247: require('utils')
3557.360  000.354  000.354: require('catppuccin')
3557.691  000.176  000.176: require('catppuccin.lib.hashing')
3558.890  001.975  001.445: sourcing C:\Users\dahls\AppData\Local\nvim-data\site\pack\core\opt\catppuccin-nvim\colors\catppuccin-mocha.lua
3558.911  002.525  000.550: sourcing nvim_exec2() called at C:\Users\dahls\AppData\Local\nvim\init.lua:0
3558.964  006.218  001.431: require('themes')
3559.184  000.217  000.217: require('selection_expand_shrink')
3559.378  000.190  000.190: require('note_buffers')
3559.634  000.106  000.106: require('plugin-loader')
3561.287  000.173  000.173: require('mason-core.path')
3561.921  000.159  000.159: require('mason-core.functional.data')
3562.124  000.196  000.196: require('mason-core.functional.function')
3562.377  000.246  000.246: require('mason-core.functional.list')
3562.554  000.168  000.168: require('mason-core.functional.relation')
3562.725  000.165  000.165: require('mason-core.functional.logic')
3562.885  000.154  000.154: require('mason-core.functional.number')
3563.081  000.189  000.189: require('mason-core.functional.string')
3563.263  000.176  000.176: require('mason-core.functional.table')
3563.418  000.149  000.149: require('mason-core.functional.type')
3563.424  001.891  000.290: require('mason-core.functional')
3563.471  002.178  000.287: require('mason-core.platform')
3563.701  000.228  000.228: require('mason.settings')
3563.708  002.845  000.267: require('mason-core.installer.InstallLocation')
3564.378  000.248  000.248: require('mason-core.log')
3564.384  000.421  000.173: require('mason-core.EventEmitter')
3564.657  000.270  000.270: require('mason-registry.sources')
3564.687  000.977  000.286: require('mason-registry')
3564.690  004.032  000.210: require('mason')
3565.088  000.312  000.312: require('mason.api.command')
3566.271  000.172  000.172: require('lsp/configs/clangd')
3566.437  000.159  000.159: require('lsp/configs/lua_ls')
3568.185  000.709  000.709: require('vim.lsp.protocol')
3568.242  001.070  000.361: require('vim.lsp.log')
3569.384  000.040  000.040: require('vim._core.util')
3569.403  001.155  001.115: require('vim.lsp.util')
3570.146  000.336  000.336: require('vim.lsp.sync')
3570.153  000.747  000.412: require('vim.lsp._changetracking')
3570.923  000.311  000.311: require('vim.lsp._transport')
3570.965  000.037  000.037: require('vim._core.stringbuffer')
3571.006  000.849  000.501: require('vim.lsp.rpc')
3571.045  004.603  000.781: require('vim.lsp')
3571.187  000.133  000.133: require('lsp/configs/marksman')
3571.588  000.395  000.395: require('lsp/configs/powershell_es')
3571.720  000.120  000.120: require('lsp/configs/stylua')
3573.210  013.827  003.795: require('lsp.lsp_setup')
3573.373  000.158  000.158: require('snacks-nvim')
3573.378  023.038  000.095: sourcing C:\Users\dahls\AppData\Local\nvim\init.lua
3573.408  000.627: sourcing vimrc file(s)
3573.878  000.121  000.121: sourcing nvim_exec2() called at C:\Program Files\Neovim\share\nvim\runtime\filetype.lua:0
3573.884  000.234  000.113: sourcing C:\Program Files\Neovim\share\nvim\runtime\filetype.lua
3574.581  000.088  000.088: sourcing C:\Program Files\Neovim\share\nvim\runtime\syntax\synload.vim
3574.686  000.444  000.355: sourcing C:\Program Files\Neovim\share/nvim/runtime/syntax/syntax.vim
3578.034  000.735  000.735: require('alpha')
3578.216  000.176  000.176: require('screen')
3578.252  002.068  001.158: sourcing C:\Users\dahls\AppData\Local\nvim\plugin\alpha-nvim.lua
3578.454  000.081  000.081: sourcing C:\Users\dahls\AppData\Local\nvim\plugin\autopairs.lua
3578.724  000.159  000.159: sourcing C:\Users\dahls\AppData\Local\nvim\plugin\blink_completion.lua
3578.914  000.082  000.082: sourcing C:\Users\dahls\AppData\Local\nvim\plugin\diffview.lua
3579.102  000.079  000.079: sourcing C:\Users\dahls\AppData\Local\nvim\plugin\gitsigns.lua
3579.289  000.082  000.082: sourcing C:\Users\dahls\AppData\Local\nvim\plugin\lualine.lua
3579.446  000.053  000.053: sourcing C:\Users\dahls\AppData\Local\nvim\plugin\matchparen.lua
3579.612  000.069  000.069: sourcing C:\Users\dahls\AppData\Local\nvim\plugin\mini.nvim.lua
3579.779  000.061  000.061: sourcing C:\Users\dahls\AppData\Local\nvim\plugin\nvim-scrollview.lua
3579.966  000.084  000.084: sourcing C:\Users\dahls\AppData\Local\nvim\plugin\nvim-treesitter.lua
3580.138  000.068  000.068: sourcing C:\Users\dahls\AppData\Local\nvim\plugin\oil-nvim.lua
3580.311  000.064  000.064: sourcing C:\Users\dahls\AppData\Local\nvim\plugin\render-markdown-nvim.lua
3580.493  000.070  000.070: sourcing C:\Users\dahls\AppData\Local\nvim\plugin\treesitter-textobjects.lua
3581.626  000.072  000.072: sourcing C:\Users\dahls\AppData\Local\nvim-data\site\pack\core\opt\which-key.nvim\plugin\which-key.lua
3581.780  001.183  001.111: sourcing C:\Users\dahls\AppData\Local\nvim\plugin\which-key.lua
3582.291  000.184  000.184: sourcing C:\Users\dahls\AppData\Local\nvim-data\site\pack\core\opt\nvim-lspconfig\plugin\lspconfig.lua
3584.097  000.145  000.145: sourcing C:\Program Files\Neovim\share\nvim\runtime\plugin\gzip.vim
3585.505  000.177  000.177: sourcing C:\Program Files\Neovim\share\nvim\runtime\pack\dist\opt\matchit\plugin\matchit.vim
3585.635  001.414  001.237: sourcing C:\Program Files\Neovim\share\nvim\runtime\plugin\matchit.vim
3585.897  000.136  000.136: sourcing C:\Program Files\Neovim\share\nvim\runtime\plugin\matchparen.vim
3586.062  000.028  000.028: sourcing C:\Program Files\Neovim\share\nvim\runtime\plugin\netrwPlugin.vim
3586.654  000.469  000.469: sourcing C:\Program Files\Neovim\share\nvim\runtime\plugin\rplugin.vim
3586.857  000.089  000.089: sourcing C:\Program Files\Neovim\share\nvim\runtime\plugin\tarPlugin.vim
3587.023  000.041  000.041: sourcing C:\Program Files\Neovim\share\nvim\runtime\plugin\tutor.vim
3587.263  000.124  000.124: sourcing C:\Program Files\Neovim\share\nvim\runtime\plugin\zipPlugin.vim
3587.471  000.081  000.081: sourcing C:\Program Files\Neovim\share\nvim\runtime\plugin\editorconfig.lua
3587.678  000.096  000.096: sourcing C:\Program Files\Neovim\share\nvim\runtime\plugin\man.lua
3587.923  000.132  000.132: sourcing C:\Program Files\Neovim\share\nvim\runtime\plugin\net.lua
3588.558  000.154  000.154: sourcing C:\Program Files\Neovim\share\nvim\runtime\plugin\osc52.lua
3588.809  000.129  000.129: sourcing C:\Program Files\Neovim\share\nvim\runtime\plugin\shada.lua
3589.016  000.078  000.078: sourcing C:\Program Files\Neovim\share\nvim\runtime\plugin\spellfile.lua
3589.072  007.486: loading rtp plugins
3589.320  000.248: loading packages
3589.345  000.025: loading after plugins
3589.361  000.015: inits 3
3592.510  003.149: reading ShaDa
3592.587  000.077: opening buffers
3592.613  000.026: BufEnter autocommands
3592.616  000.003: editing files in windows
3596.011  003.395: VimEnter autocommands
3596.067  000.056: UIEnter autocommands
3596.747  000.680: before starting main loop
3597.293  000.546: first screen update
3597.296  000.003: --- NVIM STARTED ---

--- Startup times for process: Embedded ---

times in msec
 clock   self+sourced   self:  sourced script
 clock   elapsed:              other lines

000.003  000.003: --- NVIM STARTING ---
000.032  000.029: event init
000.097  000.065: early init
010.814  010.717: locale set
010.841  000.027: init first window
011.237  000.396: inits 1
011.250  000.013: window checked
011.254  000.004: parsing arguments
011.967  000.356  000.356: require('vim._core.shared')
012.481  000.003  000.003: require('string.buffer')
012.499  000.152  000.149: require('vim.inspect')
012.716  000.210  000.210: require('vim._core.options')
012.719  000.748  000.386: require('vim._core.editor')
012.828  000.106  000.106: require('vim._core.system')
012.830  001.279  000.068: require('vim._init_packages')
012.834  000.302: init lua interpreter
030.619  017.785: expanding arguments
030.637  000.018: inits 2
030.884  000.248: init highlight
030.886  000.002: waiting for UI
057.675  026.789: done waiting for UI
057.691  000.015: clear screen
058.257  000.030  000.030: require('vim.keymap')
058.747  000.111  000.111: sourcing nvim_exec2()
058.782  000.019  000.019: require('vim._core.log')
060.338  000.878  000.878: require('vim.tty')
060.418  000.065  000.065: require('vim.text')
063.537  005.841  004.739: require('vim._core.defaults')
063.542  000.010: init default mappings & autocommands
063.766  000.071  000.071: sourcing C:\Program Files\Neovim\share\nvim\runtime\ftplugin.vim
064.003  000.049  000.049: sourcing C:\Program Files\Neovim\share\nvim\runtime\indent.vim
065.727  000.015  000.015: require('vim.F')
065.775  001.184  001.169: require('vim.diagnostic')
065.785  001.558  000.375: require('general-options')
066.091  000.304  000.304: require('general-keymaps')
066.293  000.198  000.198: require('autocommands')
067.223  000.187  000.187: require('vim._async')
067.235  000.832  000.646: require('vim.pack')
067.476  000.234  000.234: require('vim.fs')
067.980  000.287  000.287: require('vim.version')
068.707  000.088  000.088: require('utils')
069.338  000.308  000.308: require('catppuccin')
069.611  000.161  000.161: require('catppuccin.lib.hashing')
070.782  001.805  001.336: sourcing C:\Users\dahls\AppData\Local\nvim-data\site\pack\core\opt\catppuccin-nvim\colors\catppuccin-mocha.lua
070.801  002.086  000.281: sourcing nvim_exec2() called at C:\Users\dahls\AppData\Local\nvim\init.lua:0
070.854  004.556  001.030: require('themes')
071.053  000.197  000.197: require('selection_expand_shrink')
071.257  000.200  000.200: require('note_buffers')
071.480  000.089  000.089: require('plugin-loader')
072.507  000.131  000.131: require('mason-core.path')
073.015  000.122  000.122: require('mason-core.functional.data')
073.191  000.169  000.169: require('mason-core.functional.function')
073.402  000.204  000.204: require('mason-core.functional.list')
073.567  000.137  000.137: require('mason-core.functional.relation')
073.707  000.134  000.134: require('mason-core.functional.logic')
073.834  000.122  000.122: require('mason-core.functional.number')
073.991  000.150  000.150: require('mason-core.functional.string')
074.142  000.145  000.145: require('mason-core.functional.table')
074.269  000.121  000.121: require('mason-core.functional.type')
074.275  001.562  000.256: require('mason-core.functional')
074.330  001.818  000.256: require('mason-core.platform')
074.500  000.167  000.167: require('mason.settings')
074.506  002.280  000.164: require('mason-core.installer.InstallLocation')
075.112  000.263  000.263: require('mason-core.log')
075.118  000.404  000.141: require('mason-core.EventEmitter')
075.375  000.254  000.254: require('mason-registry.sources')
075.437  000.928  000.270: require('mason-registry')
075.440  003.368  000.159: require('mason')
075.746  000.270  000.270: require('mason.api.command')
076.499  000.093  000.093: require('lsp/configs/clangd')
076.596  000.090  000.090: require('lsp/configs/lua_ls')
078.176  000.641  000.641: require('vim.lsp.protocol')
078.231  000.957  000.315: require('vim.lsp.log')
079.340  000.040  000.040: require('vim._core.util')
079.359  001.122  001.083: require('vim.lsp.util')
080.043  000.307  000.307: require('vim.lsp.sync')
080.050  000.688  000.381: require('vim.lsp._changetracking')
080.735  000.265  000.265: require('vim.lsp._transport')
080.774  000.034  000.034: require('vim._core.stringbuffer')
080.784  000.731  000.431: require('vim.lsp.rpc')
080.831  004.230  000.733: require('vim.lsp')
080.963  000.101  000.101: require('lsp/configs/marksman')
081.062  000.093  000.093: require('lsp/configs/powershell_es')
081.163  000.090  000.090: require('lsp/configs/stylua')
082.391  011.129  002.705: require('lsp.lsp_setup')
082.527  000.131  000.131: require('snacks-nvim')
082.531  018.362  000.090: sourcing C:\Users\dahls\AppData\Local\nvim\init.lua
082.558  000.535: sourcing vimrc file(s)
082.992  000.118  000.118: sourcing nvim_exec2() called at C:\Program Files\Neovim\share\nvim\runtime\filetype.lua:0
082.999  000.215  000.097: sourcing C:\Program Files\Neovim\share\nvim\runtime\filetype.lua
083.650  000.073  000.073: sourcing C:\Program Files\Neovim\share\nvim\runtime\syntax\synload.vim
083.738  000.389  000.316: sourcing C:\Program Files\Neovim\share/nvim/runtime/syntax/syntax.vim
086.568  000.662  000.662: require('alpha')
086.731  000.157  000.157: require('screen')
086.769  001.610  000.792: sourcing C:\Users\dahls\AppData\Local\nvim\plugin\alpha-nvim.lua
086.939  000.060  000.060: sourcing C:\Users\dahls\AppData\Local\nvim\plugin\autopairs.lua
087.143  000.100  000.100: sourcing C:\Users\dahls\AppData\Local\nvim\plugin\blink_completion.lua
087.312  000.065  000.065: sourcing C:\Users\dahls\AppData\Local\nvim\plugin\diffview.lua
087.467  000.053  000.053: sourcing C:\Users\dahls\AppData\Local\nvim\plugin\gitsigns.lua
087.624  000.058  000.058: sourcing C:\Users\dahls\AppData\Local\nvim\plugin\lualine.lua
087.773  000.049  000.049: sourcing C:\Users\dahls\AppData\Local\nvim\plugin\matchparen.lua
087.921  000.049  000.049: sourcing C:\Users\dahls\AppData\Local\nvim\plugin\mini.nvim.lua
088.079  000.057  000.057: sourcing C:\Users\dahls\AppData\Local\nvim\plugin\nvim-scrollview.lua
088.244  000.064  000.064: sourcing C:\Users\dahls\AppData\Local\nvim\plugin\nvim-treesitter.lua
088.400  000.054  000.054: sourcing C:\Users\dahls\AppData\Local\nvim\plugin\oil-nvim.lua
088.562  000.059  000.059: sourcing C:\Users\dahls\AppData\Local\nvim\plugin\render-markdown-nvim.lua
088.733  000.069  000.069: sourcing C:\Users\dahls\AppData\Local\nvim\plugin\treesitter-textobjects.lua
089.759  000.057  000.057: sourcing C:\Users\dahls\AppData\Local\nvim-data\site\pack\core\opt\which-key.nvim\plugin\which-key.lua
089.911  001.075  001.019: sourcing C:\Users\dahls\AppData\Local\nvim\plugin\which-key.lua
090.373  000.167  000.167: sourcing C:\Users\dahls\AppData\Local\nvim-data\site\pack\core\opt\nvim-lspconfig\plugin\lspconfig.lua
091.740  000.136  000.136: sourcing C:\Program Files\Neovim\share\nvim\runtime\plugin\gzip.vim
093.047  000.166  000.166: sourcing C:\Program Files\Neovim\share\nvim\runtime\pack\dist\opt\matchit\plugin\matchit.vim
093.167  001.317  001.150: sourcing C:\Program Files\Neovim\share\nvim\runtime\plugin\matchit.vim
093.404  000.129  000.129: sourcing C:\Program Files\Neovim\share\nvim\runtime\plugin\matchparen.vim
093.549  000.026  000.026: sourcing C:\Program Files\Neovim\share\nvim\runtime\plugin\netrwPlugin.vim
094.101  000.449  000.449: sourcing C:\Program Files\Neovim\share\nvim\runtime\plugin\rplugin.vim
094.290  000.084  000.084: sourcing C:\Program Files\Neovim\share\nvim\runtime\plugin\tarPlugin.vim
094.440  000.038  000.038: sourcing C:\Program Files\Neovim\share\nvim\runtime\plugin\tutor.vim
094.668  000.124  000.124: sourcing C:\Program Files\Neovim\share\nvim\runtime\plugin\zipPlugin.vim
094.849  000.067  000.067: sourcing C:\Program Files\Neovim\share\nvim\runtime\plugin\editorconfig.lua
095.041  000.078  000.078: sourcing C:\Program Files\Neovim\share\nvim\runtime\plugin\man.lua
095.290  000.134  000.134: sourcing C:\Program Files\Neovim\share\nvim\runtime\plugin\net.lua
095.509  000.100  000.100: sourcing C:\Program Files\Neovim\share\nvim\runtime\plugin\osc52.lua
095.799  000.134  000.134: sourcing C:\Program Files\Neovim\share\nvim\runtime\plugin\shada.lua
096.005  000.064  000.064: sourcing C:\Program Files\Neovim\share\nvim\runtime\plugin\spellfile.lua
096.051  006.423: loading rtp plugins
096.295  000.244: loading packages
096.320  000.025: loading after plugins
096.336  000.015: inits 3
099.346  003.011: reading ShaDa
099.425  000.078: opening buffers
099.451  000.026: BufEnter autocommands
099.453  000.002: editing files in windows
102.476  003.022: VimEnter autocommands
102.531  000.055: UIEnter autocommands
103.232  000.701: before starting main loop
104.008  000.776: first screen update
104.012  000.004: --- NVIM STARTED ---

--- Startup times for process: Embedded ---

times in msec
 clock   self+sourced   self:  sourced script
 clock   elapsed:              other lines

000.003  000.003: --- NVIM STARTING ---
000.040  000.037: event init
000.100  000.060: early init
010.709  010.609: locale set
010.737  000.028: init first window
011.132  000.395: inits 1
011.151  000.019: window checked
011.156  000.005: parsing arguments
011.876  000.362  000.362: require('vim._core.shared')
012.421  000.004  000.004: require('string.buffer')
012.448  000.180  000.177: require('vim.inspect')
012.624  000.168  000.168: require('vim._core.options')
012.627  000.746  000.397: require('vim._core.editor')
012.735  000.106  000.106: require('vim._core.system')
012.737  001.293  000.079: require('vim._init_packages')
012.741  000.292: init lua interpreter
030.741  018.000: expanding arguments
030.757  000.016: inits 2
030.997  000.240: init highlight
030.999  000.002: waiting for UI
051.188  020.189: done waiting for UI
051.218  000.031: clear screen
051.908  000.040  000.040: require('vim.keymap')
052.682  000.168  000.168: sourcing nvim_exec2()
052.735  000.032  000.032: require('vim._core.log')
054.397  000.910  000.910: require('vim.tty')
054.478  000.065  000.065: require('vim.text')
057.722  006.498  005.284: require('vim._core.defaults')
057.728  000.011: init default mappings & autocommands
057.951  000.069  000.069: sourcing C:\Program Files\Neovim\share\nvim\runtime\ftplugin.vim
058.185  000.054  000.054: sourcing C:\Program Files\Neovim\share\nvim\runtime\indent.vim
059.982  000.015  000.015: require('vim.F')
060.015  001.134  001.119: require('vim.diagnostic')
060.024  001.610  000.476: require('general-options')
060.398  000.371  000.371: require('general-keymaps')
060.617  000.214  000.214: require('autocommands')
061.540  000.169  000.169: require('vim._async')
061.555  000.823  000.654: require('vim.pack')
061.813  000.251  000.251: require('vim.fs')
062.359  000.298  000.298: require('vim.version')
063.075  000.090  000.090: require('utils')
063.704  000.300  000.300: require('catppuccin')
063.964  000.144  000.144: require('catppuccin.lib.hashing')
065.085  001.740  001.296: sourcing C:\Users\dahls\AppData\Local\nvim-data\site\pack\core\opt\catppuccin-nvim\colors\catppuccin-mocha.lua
065.104  002.022  000.282: sourcing nvim_exec2() called at C:\Users\dahls\AppData\Local\nvim\init.lua:0
065.157  004.535  001.052: require('themes')
065.338  000.178  000.178: require('selection_expand_shrink')
065.496  000.154  000.154: require('note_buffers')
065.700  000.086  000.086: require('plugin-loader')
066.763  000.140  000.140: require('mason-core.path')
067.289  000.128  000.128: require('mason-core.functional.data')
067.467  000.171  000.171: require('mason-core.functional.function')
067.682  000.208  000.208: require('mason-core.functional.list')
067.826  000.136  000.136: require('mason-core.functional.relation')
067.965  000.134  000.134: require('mason-core.functional.logic')
068.094  000.123  000.123: require('mason-core.functional.number')
068.252  000.152  000.152: require('mason-core.functional.string')
068.402  000.144  000.144: require('mason-core.functional.table')
068.528  000.120  000.120: require('mason-core.functional.type')
068.533  001.558  000.241: require('mason-core.functional')
068.615  001.846  000.289: require('mason-core.platform')
068.797  000.179  000.179: require('mason.settings')
068.803  002.340  000.175: require('mason-core.installer.InstallLocation')
069.424  000.264  000.264: require('mason-core.log')
069.430  000.409  000.145: require('mason-core.EventEmitter')
069.672  000.240  000.240: require('mason-registry.sources')
069.832  001.027  000.379: require('mason-registry')
069.836  003.533  000.166: require('mason')
070.150  000.275  000.275: require('mason.api.command')
070.938  000.089  000.089: require('lsp/configs/clangd')
071.036  000.092  000.092: require('lsp/configs/lua_ls')
072.653  000.678  000.678: require('vim.lsp.protocol')
072.709  001.000  000.322: require('vim.lsp.log')
073.820  000.039  000.039: require('vim._core.util')
073.837  001.123  001.085: require('vim.lsp.util')
074.522  000.307  000.307: require('vim.lsp.sync')
074.529  000.688  000.381: require('vim.lsp._changetracking')
075.238  000.270  000.270: require('vim.lsp._transport')
075.279  000.036  000.036: require('vim._core.stringbuffer')
075.313  000.781  000.475: require('vim.lsp.rpc')
075.335  004.294  000.701: require('vim.lsp')
075.444  000.102  000.102: require('lsp/configs/marksman')
075.544  000.095  000.095: require('lsp/configs/powershell_es')
075.647  000.092  000.092: require('lsp/configs/stylua')
076.847  011.346  002.689: require('lsp.lsp_setup')
076.993  000.141  000.141: require('snacks-nvim')
076.997  018.644  000.094: sourcing C:\Users\dahls\AppData\Local\nvim\init.lua
077.025  000.531: sourcing vimrc file(s)
077.463  000.119  000.119: sourcing nvim_exec2() called at C:\Program Files\Neovim\share\nvim\runtime\filetype.lua:0
077.469  000.219  000.100: sourcing C:\Program Files\Neovim\share\nvim\runtime\filetype.lua
078.121  000.075  000.075: sourcing C:\Program Files\Neovim\share\nvim\runtime\syntax\synload.vim
078.211  000.397  000.322: sourcing C:\Program Files\Neovim\share/nvim/runtime/syntax/syntax.vim
081.098  000.704  000.704: require('alpha')
081.256  000.152  000.152: require('screen')
081.283  001.649  000.793: sourcing C:\Users\dahls\AppData\Local\nvim\plugin\alpha-nvim.lua
081.457  000.063  000.063: sourcing C:\Users\dahls\AppData\Local\nvim\plugin\autopairs.lua
081.647  000.085  000.085: sourcing C:\Users\dahls\AppData\Local\nvim\plugin\blink_completion.lua
081.820  000.067  000.067: sourcing C:\Users\dahls\AppData\Local\nvim\plugin\diffview.lua
082.020  000.059  000.059: sourcing C:\Users\dahls\AppData\Local\nvim\plugin\gitsigns.lua
082.185  000.063  000.063: sourcing C:\Users\dahls\AppData\Local\nvim\plugin\lualine.lua
082.339  000.052  000.052: sourcing C:\Users\dahls\AppData\Local\nvim\plugin\matchparen.lua
082.496  000.055  000.055: sourcing C:\Users\dahls\AppData\Local\nvim\plugin\mini.nvim.lua
082.662  000.063  000.063: sourcing C:\Users\dahls\AppData\Local\nvim\plugin\nvim-scrollview.lua
082.838  000.069  000.069: sourcing C:\Users\dahls\AppData\Local\nvim\plugin\nvim-treesitter.lua
083.004  000.060  000.060: sourcing C:\Users\dahls\AppData\Local\nvim\plugin\oil-nvim.lua
083.187  000.065  000.065: sourcing C:\Users\dahls\AppData\Local\nvim\plugin\render-markdown-nvim.lua
083.367  000.073  000.073: sourcing C:\Users\dahls\AppData\Local\nvim\plugin\treesitter-textobjects.lua
084.406  000.059  000.059: sourcing C:\Users\dahls\AppData\Local\nvim-data\site\pack\core\opt\which-key.nvim\plugin\which-key.lua
084.558  001.084  001.025: sourcing C:\Users\dahls\AppData\Local\nvim\plugin\which-key.lua
085.060  000.173  000.173: sourcing C:\Users\dahls\AppData\Local\nvim-data\site\pack\core\opt\nvim-lspconfig\plugin\lspconfig.lua
086.419  000.140  000.140: sourcing C:\Program Files\Neovim\share\nvim\runtime\plugin\gzip.vim
087.759  000.173  000.173: sourcing C:\Program Files\Neovim\share\nvim\runtime\pack\dist\opt\matchit\plugin\matchit.vim
087.849  001.318  001.145: sourcing C:\Program Files\Neovim\share\nvim\runtime\plugin\matchit.vim
088.088  000.128  000.128: sourcing C:\Program Files\Neovim\share\nvim\runtime\plugin\matchparen.vim
088.232  000.028  000.028: sourcing C:\Program Files\Neovim\share\nvim\runtime\plugin\netrwPlugin.vim
088.809  000.472  000.472: sourcing C:\Program Files\Neovim\share\nvim\runtime\plugin\rplugin.vim
089.019  000.090  000.090: sourcing C:\Program Files\Neovim\share\nvim\runtime\plugin\tarPlugin.vim
089.172  000.039  000.039: sourcing C:\Program Files\Neovim\share\nvim\runtime\plugin\tutor.vim
089.398  000.117  000.117: sourcing C:\Program Files\Neovim\share\nvim\runtime\plugin\zipPlugin.vim
089.594  000.070  000.070: sourcing C:\Program Files\Neovim\share\nvim\runtime\plugin\editorconfig.lua
089.789  000.084  000.084: sourcing C:\Program Files\Neovim\share\nvim\runtime\plugin\man.lua
090.024  000.125  000.125: sourcing C:\Program Files\Neovim\share\nvim\runtime\plugin\net.lua
090.233  000.097  000.097: sourcing C:\Program Files\Neovim\share\nvim\runtime\plugin\osc52.lua
090.520  000.145  000.145: sourcing C:\Program Files\Neovim\share\nvim\runtime\plugin\shada.lua
090.727  000.069  000.069: sourcing C:\Program Files\Neovim\share\nvim\runtime\plugin\spellfile.lua
090.777  006.532: loading rtp plugins
091.024  000.247: loading packages
091.050  000.026: loading after plugins
091.064  000.015: inits 3
094.018  002.954: reading ShaDa
094.103  000.085: opening buffers
094.129  000.026: BufEnter autocommands
094.131  000.002: editing files in windows
097.047  002.916: VimEnter autocommands
097.101  000.054: UIEnter autocommands
097.706  000.606: before starting main loop
098.237  000.531: first screen update
098.240  000.003: --- NVIM STARTED ---

--- Startup times for process: Embedded ---

times in msec
 clock   self+sourced   self:  sourced script
 clock   elapsed:              other lines

000.003  000.003: --- NVIM STARTING ---
000.036  000.033: event init
000.097  000.061: early init
011.710  011.613: locale set
011.739  000.029: init first window
012.163  000.424: inits 1
012.177  000.014: window checked
012.180  000.004: parsing arguments
012.893  000.356  000.356: require('vim._core.shared')
013.517  000.005  000.005: require('string.buffer')
013.548  000.208  000.204: require('vim.inspect')
013.725  000.169  000.169: require('vim._core.options')
013.728  000.830  000.452: require('vim._core.editor')
013.875  000.145  000.145: require('vim._core.system')
013.878  001.411  000.080: require('vim._init_packages')
013.882  000.291: init lua interpreter
031.109  017.227: expanding arguments
031.127  000.018: inits 2
031.367  000.240: init highlight
031.369  000.002: waiting for UI
054.398  023.030: done waiting for UI
054.425  000.027: clear screen
055.080  000.030  000.030: require('vim.keymap')
055.557  000.113  000.113: sourcing nvim_exec2()
055.589  000.017  000.017: require('vim._core.log')
057.761  001.268  001.268: require('vim.tty')
057.864  000.085  000.085: require('vim.text')
061.754  007.317  005.804: require('vim._core.defaults')
061.759  000.017: init default mappings & autocommands
061.982  000.070  000.070: sourcing C:\Program Files\Neovim\share\nvim\runtime\ftplugin.vim
062.218  000.054  000.054: sourcing C:\Program Files\Neovim\share\nvim\runtime\indent.vim
063.938  000.016  000.016: require('vim.F')
063.970  001.106  001.091: require('vim.diagnostic')
063.980  001.532  000.426: require('general-options')
064.325  000.342  000.342: require('general-keymaps')
064.531  000.202  000.202: require('autocommands')
065.441  000.168  000.168: require('vim._async')
065.456  000.814  000.646: require('vim.pack')
065.755  000.251  000.251: require('vim.fs')
066.277  000.299  000.299: require('vim.version')
067.037  000.094  000.094: require('utils')
067.652  000.295  000.295: require('catppuccin')
067.953  000.143  000.143: require('catppuccin.lib.hashing')
069.068  001.769  001.331: sourcing C:\Users\dahls\AppData\Local\nvim-data\site\pack\core\opt\catppuccin-nvim\colors\catppuccin-mocha.lua
069.087  002.042  000.273: sourcing nvim_exec2() called at C:\Users\dahls\AppData\Local\nvim\init.lua:0
069.140  004.604  001.103: require('themes')
069.320  000.178  000.178: require('selection_expand_shrink')
069.478  000.154  000.154: require('note_buffers')
069.690  000.090  000.090: require('plugin-loader')
070.759  000.137  000.137: require('mason-core.path')
071.299  000.131  000.131: require('mason-core.functional.data')
071.474  000.169  000.169: require('mason-core.functional.function')
071.696  000.215  000.215: require('mason-core.functional.list')
071.841  000.137  000.137: require('mason-core.functional.relation')
071.985  000.138  000.138: require('mason-core.functional.logic')
072.121  000.131  000.131: require('mason-core.functional.number')
072.288  000.160  000.160: require('mason-core.functional.string')
072.474  000.158  000.158: require('mason-core.functional.table')
072.605  000.124  000.124: require('mason-core.functional.type')
072.610  001.641  000.277: require('mason-core.functional')
072.660  001.896  000.255: require('mason-core.platform')
072.838  000.174  000.174: require('mason.settings')
072.844  002.379  000.171: require('mason-core.installer.InstallLocation')
073.446  000.249  000.249: require('mason-core.log')
073.452  000.395  000.145: require('mason-core.EventEmitter')
073.701  000.245  000.245: require('mason-registry.sources')
073.817  000.971  000.331: require('mason-registry')
073.822  003.518  000.168: require('mason')
074.146  000.287  000.287: require('mason.api.command')
074.891  000.091  000.091: require('lsp/configs/clangd')
074.991  000.092  000.092: require('lsp/configs/lua_ls')
076.770  000.788  000.788: require('vim.lsp.protocol')
076.830  001.125  000.337: require('vim.lsp.log')
077.944  000.040  000.040: require('vim._core.util')
077.964  001.129  001.089: require('vim.lsp.util')
078.653  000.312  000.312: require('vim.lsp.sync')
078.661  000.693  000.382: require('vim.lsp._changetracking')
079.364  000.274  000.274: require('vim.lsp._transport')
079.404  000.035  000.035: require('vim._core.stringbuffer')
079.447  000.783  000.474: require('vim.lsp.rpc')
079.472  004.477  000.747: require('vim.lsp')
079.613  000.104  000.104: require('lsp/configs/marksman')
079.715  000.096  000.096: require('lsp/configs/powershell_es')
079.817  000.091  000.091: require('lsp/configs/stylua')
081.173  011.691  002.845: require('lsp.lsp_setup')
081.319  000.140  000.140: require('snacks-nvim')
081.324  018.937  000.094: sourcing C:\Users\dahls\AppData\Local\nvim\init.lua
081.353  000.533: sourcing vimrc file(s)
081.794  000.121  000.121: sourcing nvim_exec2() called at C:\Program Files\Neovim\share\nvim\runtime\filetype.lua:0
081.800  000.221  000.100: sourcing C:\Program Files\Neovim\share\nvim\runtime\filetype.lua
082.459  000.075  000.075: sourcing C:\Program Files\Neovim\share\nvim\runtime\syntax\synload.vim
082.549  000.396  000.321: sourcing C:\Program Files\Neovim\share/nvim/runtime/syntax/syntax.vim
085.383  000.708  000.708: require('alpha')
085.531  000.142  000.142: require('screen')
085.570  001.609  000.760: sourcing C:\Users\dahls\AppData\Local\nvim\plugin\alpha-nvim.lua
085.746  000.063  000.063: sourcing C:\Users\dahls\AppData\Local\nvim\plugin\autopairs.lua
085.942  000.081  000.081: sourcing C:\Users\dahls\AppData\Local\nvim\plugin\blink_completion.lua
086.135  000.087  000.087: sourcing C:\Users\dahls\AppData\Local\nvim\plugin\diffview.lua
086.306  000.063  000.063: sourcing C:\Users\dahls\AppData\Local\nvim\plugin\gitsigns.lua
086.474  000.066  000.066: sourcing C:\Users\dahls\AppData\Local\nvim\plugin\lualine.lua
086.631  000.055  000.055: sourcing C:\Users\dahls\AppData\Local\nvim\plugin\matchparen.lua
086.800  000.057  000.057: sourcing C:\Users\dahls\AppData\Local\nvim\plugin\mini.nvim.lua
086.956  000.055  000.055: sourcing C:\Users\dahls\AppData\Local\nvim\plugin\nvim-scrollview.lua
087.124  000.066  000.066: sourcing C:\Users\dahls\AppData\Local\nvim\plugin\nvim-treesitter.lua
087.285  000.058  000.058: sourcing C:\Users\dahls\AppData\Local\nvim\plugin\oil-nvim.lua
087.450  000.061  000.061: sourcing C:\Users\dahls\AppData\Local\nvim\plugin\render-markdown-nvim.lua
087.620  000.068  000.068: sourcing C:\Users\dahls\AppData\Local\nvim\plugin\treesitter-textobjects.lua
088.706  000.071  000.071: sourcing C:\Users\dahls\AppData\Local\nvim-data\site\pack\core\opt\which-key.nvim\plugin\which-key.lua
088.882  001.159  001.089: sourcing C:\Users\dahls\AppData\Local\nvim\plugin\which-key.lua
089.350  000.173  000.173: sourcing C:\Users\dahls\AppData\Local\nvim-data\site\pack\core\opt\nvim-lspconfig\plugin\lspconfig.lua
090.720  000.137  000.137: sourcing C:\Program Files\Neovim\share\nvim\runtime\plugin\gzip.vim
092.072  000.175  000.175: sourcing C:\Program Files\Neovim\share\nvim\runtime\pack\dist\opt\matchit\plugin\matchit.vim
092.182  001.353  001.177: sourcing C:\Program Files\Neovim\share\nvim\runtime\plugin\matchit.vim
092.419  000.127  000.127: sourcing C:\Program Files\Neovim\share\nvim\runtime\plugin\matchparen.vim
092.559  000.027  000.027: sourcing C:\Program Files\Neovim\share\nvim\runtime\plugin\netrwPlugin.vim
093.109  000.445  000.445: sourcing C:\Program Files\Neovim\share\nvim\runtime\plugin\rplugin.vim
093.303  000.086  000.086: sourcing C:\Program Files\Neovim\share\nvim\runtime\plugin\tarPlugin.vim
093.454  000.039  000.039: sourcing C:\Program Files\Neovim\share\nvim\runtime\plugin\tutor.vim
093.678  000.118  000.118: sourcing C:\Program Files\Neovim\share\nvim\runtime\plugin\zipPlugin.vim
093.862  000.068  000.068: sourcing C:\Program Files\Neovim\share\nvim\runtime\plugin\editorconfig.lua
094.055  000.086  000.086: sourcing C:\Program Files\Neovim\share\nvim\runtime\plugin\man.lua
094.313  000.137  000.137: sourcing C:\Program Files\Neovim\share\nvim\runtime\plugin\net.lua
094.525  000.098  000.098: sourcing C:\Program Files\Neovim\share\nvim\runtime\plugin\osc52.lua
094.848  000.126  000.126: sourcing C:\Program Files\Neovim\share\nvim\runtime\plugin\shada.lua
095.043  000.067  000.067: sourcing C:\Program Files\Neovim\share\nvim\runtime\plugin\spellfile.lua
095.092  006.487: loading rtp plugins
095.337  000.245: loading packages
095.363  000.026: loading after plugins
095.378  000.015: inits 3
098.394  003.017: reading ShaDa
098.471  000.076: opening buffers
098.497  000.026: BufEnter autocommands
098.499  000.002: editing files in windows
101.425  002.926: VimEnter autocommands
101.480  000.055: UIEnter autocommands
102.049  000.569: before starting main loop
102.585  000.537: first screen update
102.588  000.003: --- NVIM STARTED ---

--- Startup times for process: Embedded ---

times in msec
 clock   self+sourced   self:  sourced script
 clock   elapsed:              other lines

000.003  000.003: --- NVIM STARTING ---
000.033  000.030: event init
000.094  000.061: early init
010.695  010.601: locale set
010.726  000.031: init first window
011.120  000.394: inits 1
011.134  000.013: window checked
011.137  000.004: parsing arguments
011.887  000.387  000.387: require('vim._core.shared')
012.439  000.004  000.004: require('string.buffer')
012.469  000.187  000.183: require('vim.inspect')
012.648  000.171  000.171: require('vim._core.options')
012.651  000.758  000.401: require('vim._core.editor')
012.758  000.105  000.105: require('vim._core.system')
012.761  001.332  000.081: require('vim._init_packages')
012.764  000.295: init lua interpreter
030.238  017.474: expanding arguments
030.255  000.017: inits 2
030.494  000.239: init highlight
030.496  000.002: waiting for UI
063.557  033.061: done waiting for UI
063.579  000.022: clear screen
064.275  000.029  000.029: require('vim.keymap')
064.737  000.104  000.104: sourcing nvim_exec2()
064.769  000.018  000.018: require('vim._core.log')
066.575  000.902  000.902: require('vim.tty')
066.654  000.064  000.064: require('vim.text')
070.160  006.574  005.456: require('vim._core.defaults')
070.165  000.012: init default mappings & autocommands
070.391  000.070  000.070: sourcing C:\Program Files\Neovim\share\nvim\runtime\ftplugin.vim
070.620  000.052  000.052: sourcing C:\Program Files\Neovim\share\nvim\runtime\indent.vim
072.427  000.016  000.016: require('vim.F')
072.504  001.177  001.161: require('vim.diagnostic')
072.514  001.621  000.444: require('general-options')
072.825  000.308  000.308: require('general-keymaps')
073.031  000.201  000.201: require('autocommands')
074.010  000.180  000.180: require('vim._async')
074.021  000.882  000.702: require('vim.pack')
074.280  000.251  000.251: require('vim.fs')
074.796  000.301  000.301: require('vim.version')
075.573  000.095  000.095: require('utils.highlights')
076.206  000.303  000.303: require('catppuccin')
076.606  000.155  000.155: require('catppuccin.lib.hashing')
077.718  001.875  001.417: sourcing C:\Users\dahls\AppData\Local\nvim-data\site\pack\core\opt\catppuccin-nvim\colors\catppuccin-mocha.lua
077.736  002.156  000.281: sourcing nvim_exec2() called at C:\Users\dahls\AppData\Local\nvim\init.lua:0
077.790  004.754  001.069: require('themes')
077.973  000.181  000.181: require('selection_expand_shrink')
078.132  000.154  000.154: require('note_buffers')
078.341  000.088  000.088: require('plugin-loader')
079.394  000.137  000.137: require('mason-core.path')
079.921  000.126  000.126: require('mason-core.functional.data')
080.099  000.171  000.171: require('mason-core.functional.function')
080.318  000.213  000.213: require('mason-core.functional.list')
080.467  000.140  000.140: require('mason-core.functional.relation')
080.615  000.142  000.142: require('mason-core.functional.logic')
080.748  000.128  000.128: require('mason-core.functional.number')
080.912  000.157  000.157: require('mason-core.functional.string')
081.064  000.147  000.147: require('mason-core.functional.table')
081.220  000.131  000.131: require('mason-core.functional.type')
081.226  001.616  000.260: require('mason-core.functional')
081.269  001.869  000.253: require('mason-core.platform')
081.453  000.181  000.181: require('mason.settings')
081.458  002.357  000.170: require('mason-core.installer.InstallLocation')
082.067  000.248  000.248: require('mason-core.log')
082.073  000.395  000.147: require('mason-core.EventEmitter')
082.317  000.241  000.241: require('mason-registry.sources')
082.374  000.913  000.278: require('mason-registry')
082.377  003.435  000.165: require('mason')
082.734  000.287  000.287: require('mason.api.command')
083.495  000.089  000.089: require('lsp/configs/clangd')
083.596  000.094  000.094: require('lsp/configs/lua_ls')
085.316  000.775  000.775: require('vim.lsp.protocol')
085.374  001.100  000.325: require('vim.lsp.log')
086.489  000.043  000.043: require('vim._core.util')
086.506  001.127  001.083: require('vim.lsp.util')
087.200  000.313  000.313: require('vim.lsp.sync')
087.207  000.698  000.385: require('vim.lsp._changetracking')
087.915  000.277  000.277: require('vim.lsp._transport')
087.956  000.036  000.036: require('vim._core.stringbuffer')
087.990  000.780  000.467: require('vim.lsp.rpc')
088.013  004.412  000.708: require('vim.lsp')
088.140  000.106  000.106: require('lsp/configs/marksman')
088.243  000.097  000.097: require('lsp/configs/powershell_es')
088.415  000.104  000.104: require('lsp/configs/stylua')
089.792  011.656  002.943: require('lsp.lsp_setup')
089.937  000.140  000.140: require('snacks-nvim')
089.941  019.135  000.119: sourcing C:\Users\dahls\AppData\Local\nvim\init.lua
089.969  000.547: sourcing vimrc file(s)
090.421  000.121  000.121: sourcing nvim_exec2() called at C:\Program Files\Neovim\share\nvim\runtime\filetype.lua:0
090.427  000.224  000.103: sourcing C:\Program Files\Neovim\share\nvim\runtime\filetype.lua
091.095  000.078  000.078: sourcing C:\Program Files\Neovim\share\nvim\runtime\syntax\synload.vim
091.185  000.404  000.326: sourcing C:\Program Files\Neovim\share/nvim/runtime/syntax/syntax.vim
093.963  000.648  000.648: require('alpha')
094.115  000.146  000.146: require('screen')
094.179  001.575  000.781: sourcing C:\Users\dahls\AppData\Local\nvim\plugin\alpha-nvim.lua
094.385  000.077  000.077: sourcing C:\Users\dahls\AppData\Local\nvim\plugin\autopairs.lua
094.628  000.137  000.137: sourcing C:\Users\dahls\AppData\Local\nvim\plugin\blink_completion.lua
094.830  000.095  000.095: sourcing C:\Users\dahls\AppData\Local\nvim\plugin\diffview.lua
095.001  000.062  000.062: sourcing C:\Users\dahls\AppData\Local\nvim\plugin\gitsigns.lua
095.171  000.068  000.068: sourcing C:\Users\dahls\AppData\Local\nvim\plugin\lualine.lua
095.330  000.056  000.056: sourcing C:\Users\dahls\AppData\Local\nvim\plugin\matchparen.lua
095.486  000.055  000.055: sourcing C:\Users\dahls\AppData\Local\nvim\plugin\mini.nvim.lua
095.646  000.057  000.057: sourcing C:\Users\dahls\AppData\Local\nvim\plugin\nvim-scrollview.lua
095.818  000.068  000.068: sourcing C:\Users\dahls\AppData\Local\nvim\plugin\nvim-treesitter.lua
095.983  000.061  000.061: sourcing C:\Users\dahls\AppData\Local\nvim\plugin\oil-nvim.lua
096.154  000.065  000.065: sourcing C:\Users\dahls\AppData\Local\nvim\plugin\render-markdown-nvim.lua
096.329  000.069  000.069: sourcing C:\Users\dahls\AppData\Local\nvim\plugin\treesitter-textobjects.lua
097.400  000.061  000.061: sourcing C:\Users\dahls\AppData\Local\nvim-data\site\pack\core\opt\which-key.nvim\plugin\which-key.lua
097.554  001.120  001.059: sourcing C:\Users\dahls\AppData\Local\nvim\plugin\which-key.lua
098.032  000.176  000.176: sourcing C:\Users\dahls\AppData\Local\nvim-data\site\pack\core\opt\nvim-lspconfig\plugin\lspconfig.lua
099.437  000.141  000.141: sourcing C:\Program Files\Neovim\share\nvim\runtime\plugin\gzip.vim
100.782  000.173  000.173: sourcing C:\Program Files\Neovim\share\nvim\runtime\pack\dist\opt\matchit\plugin\matchit.vim
100.873  001.325  001.152: sourcing C:\Program Files\Neovim\share\nvim\runtime\plugin\matchit.vim
101.121  000.138  000.138: sourcing C:\Program Files\Neovim\share\nvim\runtime\plugin\matchparen.vim
101.267  000.028  000.028: sourcing C:\Program Files\Neovim\share\nvim\runtime\plugin\netrwPlugin.vim
101.834  000.460  000.460: sourcing C:\Program Files\Neovim\share\nvim\runtime\plugin\rplugin.vim
102.027  000.088  000.088: sourcing C:\Program Files\Neovim\share\nvim\runtime\plugin\tarPlugin.vim
102.180  000.038  000.038: sourcing C:\Program Files\Neovim\share\nvim\runtime\plugin\tutor.vim
102.407  000.120  000.120: sourcing C:\Program Files\Neovim\share\nvim\runtime\plugin\zipPlugin.vim
102.595  000.073  000.073: sourcing C:\Program Files\Neovim\share\nvim\runtime\plugin\editorconfig.lua
102.788  000.083  000.083: sourcing C:\Program Files\Neovim\share\nvim\runtime\plugin\man.lua
103.020  000.122  000.122: sourcing C:\Program Files\Neovim\share\nvim\runtime\plugin\net.lua
103.234  000.101  000.101: sourcing C:\Program Files\Neovim\share\nvim\runtime\plugin\osc52.lua
103.501  000.126  000.126: sourcing C:\Program Files\Neovim\share\nvim\runtime\plugin\shada.lua
103.696  000.066  000.066: sourcing C:\Program Files\Neovim\share\nvim\runtime\plugin\spellfile.lua
103.742  006.494: loading rtp plugins
103.989  000.247: loading packages
104.015  000.025: loading after plugins
104.030  000.015: inits 3
107.027  002.997: reading ShaDa
107.103  000.076: opening buffers
107.130  000.026: BufEnter autocommands
107.132  000.002: editing files in windows
110.144  003.012: VimEnter autocommands
110.197  000.053: UIEnter autocommands
110.782  000.585: before starting main loop
111.346  000.564: first screen update
111.351  000.005: --- NVIM STARTED ---

--- Startup times for process: Primary (or UI client) ---

times in msec
 clock   self+sourced   self:  sourced script
 clock   elapsed:              other lines

000.003  000.003: --- NVIM STARTING ---
000.047  000.043: event init
000.146  000.099: early init
010.922  010.776: locale set
010.963  000.042: init first window
011.550  000.587: inits 1
011.637  000.087: window checked
011.647  000.009: parsing arguments
012.427  000.367  000.367: require('vim._core.shared')
013.001  000.004  000.004: require('string.buffer')
013.019  000.182  000.178: require('vim.inspect')
013.199  000.173  000.173: require('vim._core.options')
013.202  000.769  000.413: require('vim._core.editor')
013.325  000.121  000.121: require('vim._core.system')
013.327  001.331  000.074: require('vim._init_packages')
013.331  000.354: init lua interpreter
030.147  016.816: nvim_ui_attach
030.371  000.224: nvim_set_client_info
030.374  000.003: --- NVIM STARTED ---

--- Startup times for process: Embedded ---

times in msec
 clock   self+sourced   self:  sourced script
 clock   elapsed:              other lines

000.003  000.003: --- NVIM STARTING ---
000.028  000.025: event init
000.087  000.059: early init
010.639  010.552: locale set
010.662  000.023: init first window
011.056  000.394: inits 1
011.069  000.013: window checked
011.072  000.003: parsing arguments
011.778  000.357  000.357: require('vim._core.shared')
012.326  000.003  000.003: require('string.buffer')
012.354  000.179  000.176: require('vim.inspect')
012.528  000.167  000.167: require('vim._core.options')
012.531  000.748  000.402: require('vim._core.editor')
012.640  000.107  000.107: require('vim._core.system')
012.642  001.297  000.085: require('vim._init_packages')
012.646  000.276: init lua interpreter
012.937  000.292: expanding arguments
012.964  000.027: inits 2
013.334  000.370: init highlight
013.337  000.003: waiting for UI
013.519  000.182: done waiting for UI
013.540  000.021: clear screen
014.183  000.032  000.032: require('vim.keymap')
014.807  000.133  000.133: sourcing nvim_exec2()
014.852  000.018  000.018: require('vim._core.log')
016.881  001.004  001.004: require('vim.tty')
016.991  000.069  000.069: require('vim.text')
019.834  006.290  005.035: require('vim._core.defaults')
019.839  000.010: init default mappings & autocommands
020.079  000.077  000.077: sourcing C:\Program Files\Neovim\share\nvim\runtime\ftplugin.vim
020.301  000.050  000.050: sourcing C:\Program Files\Neovim\share\nvim\runtime\indent.vim
022.143  000.017  000.017: require('vim.F')
022.175  001.115  001.098: require('vim.diagnostic')
022.186  001.610  000.495: require('general-options')
022.512  000.324  000.324: require('general-keymaps')
022.715  000.198  000.198: require('autocommands')
023.640  000.169  000.169: require('vim._async')
023.655  000.822  000.652: require('vim.pack')
023.934  000.272  000.272: require('vim.fs')
024.454  000.289  000.289: require('vim.version')
025.177  000.092  000.092: require('utils.highlights')
025.795  000.298  000.298: require('catppuccin')
026.061  000.140  000.140: require('catppuccin.lib.hashing')
027.195  001.752  001.315: sourcing C:\Users\dahls\AppData\Local\nvim-data\site\pack\core\opt\catppuccin-nvim\colors\catppuccin-mocha.lua
027.215  002.031  000.278: sourcing nvim_exec2() called at C:\Users\dahls\AppData\Local\nvim\init.lua:0
027.268  004.548  001.043: require('themes')
027.446  000.176  000.176: require('selection_expand_shrink')
027.613  000.162  000.162: require('note_buffers')
027.834  000.099  000.099: require('plugin-loader')
028.890  000.141  000.141: require('mason-core.path')
029.411  000.122  000.122: require('mason-core.functional.data')
029.578  000.161  000.161: require('mason-core.functional.function')
029.793  000.208  000.208: require('mason-core.functional.list')
029.940  000.138  000.138: require('mason-core.functional.relation')
030.076  000.131  000.131: require('mason-core.functional.logic')
030.203  000.121  000.121: require('mason-core.functional.number')
030.358  000.149  000.149: require('mason-core.functional.string')
030.504  000.140  000.140: require('mason-core.functional.table')
030.627  000.117  000.117: require('mason-core.functional.type')
030.632  001.529  000.241: require('mason-core.functional')
030.679  001.783  000.255: require('mason-core.platform')
030.903  000.220  000.220: require('mason.settings')
030.909  002.314  000.168: require('mason-core.installer.InstallLocation')
031.503  000.234  000.234: require('mason-core.log')
031.508  000.373  000.139: require('mason-core.EventEmitter')
031.749  000.238  000.238: require('mason-registry.sources')
031.785  000.873  000.263: require('mason-registry')
031.788  003.360  000.173: require('mason')
032.108  000.275  000.275: require('mason.api.command')
032.898  000.114  000.114: require('lsp/configs/clangd')
033.043  000.136  000.136: require('lsp/configs/lua_ls')
034.718  000.713  000.713: require('vim.lsp.protocol')
034.777  001.054  000.340: require('vim.lsp.log')
035.901  000.040  000.040: require('vim._core.util')
035.921  001.138  001.098: require('vim.lsp.util')
036.633  000.336  000.336: require('vim.lsp.sync')
036.640  000.717  000.380: require('vim.lsp._changetracking')
037.333  000.268  000.268: require('vim.lsp._transport')
037.382  000.042  000.042: require('vim._core.stringbuffer')
037.416  000.772  000.462: require('vim.lsp.rpc')
037.454  004.406  000.726: require('vim.lsp')
037.588  000.106  000.106: require('lsp/configs/marksman')
037.689  000.094  000.094: require('lsp/configs/powershell_es')
037.797  000.098  000.098: require('lsp/configs/stylua')
039.060  011.443  002.756: require('lsp.lsp_setup')
039.219  000.153  000.153: require('snacks-nvim')
039.223  018.709  000.093: sourcing C:\Users\dahls\AppData\Local\nvim\init.lua
039.252  000.576: sourcing vimrc file(s)
039.694  000.121  000.121: sourcing nvim_exec2() called at C:\Program Files\Neovim\share\nvim\runtime\filetype.lua:0
039.700  000.220  000.099: sourcing C:\Program Files\Neovim\share\nvim\runtime\filetype.lua
040.378  000.080  000.080: sourcing C:\Program Files\Neovim\share\nvim\runtime\syntax\synload.vim
040.477  000.409  000.329: sourcing C:\Program Files\Neovim\share/nvim/runtime/syntax/syntax.vim
043.369  000.712  000.712: require('alpha')
043.520  000.146  000.146: require('screen')
043.550  001.647  000.790: sourcing C:\Users\dahls\AppData\Local\nvim\plugin\alpha-nvim.lua
043.721  000.059  000.059: sourcing C:\Users\dahls\AppData\Local\nvim\plugin\autopairs.lua
043.921  000.086  000.086: sourcing C:\Users\dahls\AppData\Local\nvim\plugin\blink_completion.lua
044.099  000.064  000.064: sourcing C:\Users\dahls\AppData\Local\nvim\plugin\diffview.lua
044.256  000.054  000.054: sourcing C:\Users\dahls\AppData\Local\nvim\plugin\gitsigns.lua
044.432  000.075  000.075: sourcing C:\Users\dahls\AppData\Local\nvim\plugin\lualine.lua
044.594  000.055  000.055: sourcing C:\Users\dahls\AppData\Local\nvim\plugin\matchparen.lua
044.749  000.054  000.054: sourcing C:\Users\dahls\AppData\Local\nvim\plugin\mini.nvim.lua
044.928  000.068  000.068: sourcing C:\Users\dahls\AppData\Local\nvim\plugin\nvim-scrollview.lua
045.128  000.085  000.085: sourcing C:\Users\dahls\AppData\Local\nvim\plugin\nvim-treesitter.lua
045.303  000.068  000.068: sourcing C:\Users\dahls\AppData\Local\nvim\plugin\oil-nvim.lua
045.479  000.066  000.066: sourcing C:\Users\dahls\AppData\Local\nvim\plugin\render-markdown-nvim.lua
045.673  000.081  000.081: sourcing C:\Users\dahls\AppData\Local\nvim\plugin\treesitter-textobjects.lua
046.759  000.059  000.059: sourcing C:\Users\dahls\AppData\Local\nvim-data\site\pack\core\opt\which-key.nvim\plugin\which-key.lua
046.908  001.100  001.041: sourcing C:\Users\dahls\AppData\Local\nvim\plugin\which-key.lua
047.378  000.171  000.171: sourcing C:\Users\dahls\AppData\Local\nvim-data\site\pack\core\opt\nvim-lspconfig\plugin\lspconfig.lua
048.749  000.137  000.137: sourcing C:\Program Files\Neovim\share\nvim\runtime\plugin\gzip.vim
050.106  000.175  000.175: sourcing C:\Program Files\Neovim\share\nvim\runtime\pack\dist\opt\matchit\plugin\matchit.vim
050.204  001.344  001.170: sourcing C:\Program Files\Neovim\share\nvim\runtime\plugin\matchit.vim
050.438  000.124  000.124: sourcing C:\Program Files\Neovim\share\nvim\runtime\plugin\matchparen.vim
050.577  000.025  000.025: sourcing C:\Program Files\Neovim\share\nvim\runtime\plugin\netrwPlugin.vim
051.137  000.456  000.456: sourcing C:\Program Files\Neovim\share\nvim\runtime\plugin\rplugin.vim
051.328  000.084  000.084: sourcing C:\Program Files\Neovim\share\nvim\runtime\plugin\tarPlugin.vim
051.477  000.036  000.036: sourcing C:\Program Files\Neovim\share\nvim\runtime\plugin\tutor.vim
051.683  000.100  000.100: sourcing C:\Program Files\Neovim\share\nvim\runtime\plugin\zipPlugin.vim
051.871  000.072  000.072: sourcing C:\Program Files\Neovim\share\nvim\runtime\plugin\editorconfig.lua
052.070  000.079  000.079: sourcing C:\Program Files\Neovim\share\nvim\runtime\plugin\man.lua
052.298  000.119  000.119: sourcing C:\Program Files\Neovim\share\nvim\runtime\plugin\net.lua
052.507  000.097  000.097: sourcing C:\Program Files\Neovim\share\nvim\runtime\plugin\osc52.lua
052.776  000.113  000.113: sourcing C:\Program Files\Neovim\share\nvim\runtime\plugin\shada.lua
052.967  000.067  000.067: sourcing C:\Program Files\Neovim\share\nvim\runtime\plugin\spellfile.lua
053.014  006.548: loading rtp plugins
053.257  000.242: loading packages
053.282  000.025: loading after plugins
053.297  000.015: inits 3
056.459  003.163: reading ShaDa
056.539  000.080: opening buffers
056.567  000.027: BufEnter autocommands
056.571  000.004: editing files in windows
059.561  002.990: VimEnter autocommands
059.612  000.050: UIEnter autocommands
060.225  000.613: before starting main loop
060.760  000.535: first screen update
060.763  000.003: --- NVIM STARTED ---

--- Startup times for process: Embedded ---

times in msec
 clock   self+sourced   self:  sourced script
 clock   elapsed:              other lines

000.003  000.003: --- NVIM STARTING ---
000.033  000.030: event init
000.093  000.059: early init
010.886  010.793: locale set
010.910  000.025: init first window
011.311  000.401: inits 1
011.324  000.013: window checked
011.328  000.004: parsing arguments
012.037  000.361  000.361: require('vim._core.shared')
012.577  000.004  000.004: require('string.buffer')
012.604  000.178  000.174: require('vim.inspect')
012.778  000.166  000.166: require('vim._core.options')
012.781  000.739  000.395: require('vim._core.editor')
012.889  000.106  000.106: require('vim._core.system')
012.891  001.285  000.079: require('vim._init_packages')
012.895  000.282: init lua interpreter
035.454  022.559: expanding arguments
035.472  000.018: inits 2
035.714  000.242: init highlight
035.716  000.002: waiting for UI
1368.910  1333.195: done waiting for UI
1368.935  000.024: clear screen
1369.708  000.043  000.043: require('vim.keymap')
1370.204  000.111  000.111: sourcing nvim_exec2()
1370.239  000.017  000.017: require('vim._core.log')
1378.069  006.947  006.947: require('vim.tty')
1378.149  000.065  000.065: require('vim.text')
1381.034  012.092  004.910: require('vim._core.defaults')
1381.039  000.012: init default mappings & autocommands
1387.416  000.108  000.108: sourcing C:\Program Files\Neovim\share\nvim\runtime\ftplugin.vim
1393.253  000.056  000.056: sourcing C:\Program Files\Neovim\share\nvim\runtime\indent.vim
1410.586  000.016  000.016: require('vim.F')
1410.619  006.771  006.756: require('vim.diagnostic')
1410.629  012.824  006.053: require('general-options')
1416.005  005.374  005.374: require('general-keymaps')
1416.217  000.207  000.207: require('autocommands')
1435.756  006.800  006.800: require('vim._async')
1435.769  014.851  008.052: require('vim.pack')
1436.039  000.260  000.260: require('vim.fs')
1453.091  007.201  007.201: require('vim.version')
1453.882  000.095  000.095: require('utils.highlights')
1464.971  006.422  006.422: require('catppuccin')
1474.384  005.436  005.436: require('catppuccin.lib.hashing')
1480.545  022.070  010.212: sourcing C:\Users\dahls\AppData\Local\nvim-data\site\pack\core\opt\catppuccin-nvim\colors\catppuccin-mocha.lua
1480.565  026.675  004.605: sourcing nvim_exec2() called at C:\Users\dahls\AppData\Local\nvim\init.lua:0
1480.619  064.397  015.314: require('themes')
1487.039  006.417  006.417: require('selection_expand_shrink')
1492.029  004.985  004.985: require('note_buffers')
1502.501  004.444  004.444: require('plugin-loader')
1521.475  005.582  005.582: require('mason-core.path')
1541.494  005.076  005.076: require('mason-core.functional.data')
1550.080  008.575  008.575: require('mason-core.functional.function')
1557.628  007.535  007.535: require('mason-core.functional.list')
1563.682  006.024  006.024: require('mason-core.functional.relation')
1569.484  005.794  005.794: require('mason-core.functional.logic')
1574.990  005.496  005.496: require('mason-core.functional.number')
1582.543  007.544  007.544: require('mason-core.functional.string')
1589.542  006.991  006.991: require('mason-core.functional.table')
1594.563  005.009  005.009: require('mason-core.functional.type')
1594.571  065.881  007.836: require('mason-core.functional')
1594.661  073.180  007.299: require('mason-core.platform')
1600.969  006.304  006.304: require('mason.settings')
1600.976  092.356  007.289: require('mason-core.installer.InstallLocation')
1619.998  006.379  006.379: require('mason-core.log')
1620.005  011.998  005.618: require('mason-core.EventEmitter')
1627.257  007.249  007.249: require('mason-registry.sources')
1627.378  026.399  007.152: require('mason-registry')
1627.382  124.150  005.395: require('mason')
1634.513  007.077  007.077: require('mason.api.command')
1639.461  004.192  004.192: require('lsp/configs/clangd')
1643.851  004.383  004.383: require('lsp/configs/lua_ls')
1664.171  006.203  006.203: require('vim.lsp.protocol')
1664.231  012.959  006.755: require('vim.lsp.log')
1672.069  000.042  000.042: require('vim._core.util')
1672.088  007.852  007.810: require('vim.lsp.util')
1685.185  006.501  006.501: require('vim.lsp.sync')
1685.195  013.103  006.603: require('vim.lsp._changetracking')
1699.242  006.748  006.748: require('vim.lsp._transport')
1699.301  000.051  000.051: require('vim._core.stringbuffer')
1699.351  014.151  007.352: require('vim.lsp.rpc')
1699.380  055.522  007.456: require('vim.lsp')
1703.806  004.414  004.414: require('lsp/configs/marksman')
1708.236  004.421  004.421: require('lsp/configs/powershell_es')
1712.771  004.518  004.518: require('lsp/configs/stylua')
1745.168  253.134  040.014: require('lsp.lsp_setup')
1751.366  006.192  006.192: require('snacks-nvim')
1751.372  353.662  000.131: sourcing C:\Users\dahls\AppData\Local\nvim\init.lua
1751.412  016.548: sourcing vimrc file(s)
1756.881  000.156  000.156: sourcing nvim_exec2() called at C:\Program Files\Neovim\share\nvim\runtime\filetype.lua:0
1756.887  000.300  000.145: sourcing C:\Program Files\Neovim\share\nvim\runtime\filetype.lua
1771.488  000.106  000.106: sourcing C:\Program Files\Neovim\share\nvim\runtime\syntax\synload.vim
1771.604  008.910  008.805: sourcing C:\Program Files\Neovim\share/nvim/runtime/syntax/syntax.vim
1785.569  007.003  007.003: require('alpha')
1789.834  004.256  004.256: require('screen')
1789.871  012.261  001.002: sourcing C:\Users\dahls\AppData\Local\nvim\plugin\alpha-nvim.lua
1794.624  000.118  000.118: sourcing C:\Users\dahls\AppData\Local\nvim\plugin\autopairs.lua
1794.934  000.171  000.171: sourcing C:\Users\dahls\AppData\Local\nvim\plugin\blink_completion.lua
1799.956  000.104  000.104: sourcing C:\Users\dahls\AppData\Local\nvim\plugin\diffview.lua
1804.699  000.084  000.084: sourcing C:\Users\dahls\AppData\Local\nvim\plugin\gitsigns.lua
1810.317  000.110  000.110: sourcing C:\Users\dahls\AppData\Local\nvim\plugin\lualine.lua
1815.261  000.085  000.085: sourcing C:\Users\dahls\AppData\Local\nvim\plugin\matchparen.lua
1820.136  000.085  000.085: sourcing C:\Users\dahls\AppData\Local\nvim\plugin\mini.nvim.lua
1825.211  000.110  000.110: sourcing C:\Users\dahls\AppData\Local\nvim\plugin\nvim-scrollview.lua
1831.347  000.134  000.134: sourcing C:\Users\dahls\AppData\Local\nvim\plugin\nvim-treesitter.lua
1836.213  000.095  000.095: sourcing C:\Users\dahls\AppData\Local\nvim\plugin\oil-nvim.lua
1842.326  000.125  000.125: sourcing C:\Users\dahls\AppData\Local\nvim\plugin\render-markdown-nvim.lua
1849.821  000.136  000.136: sourcing C:\Users\dahls\AppData\Local\nvim\plugin\treesitter-textobjects.lua
1859.728  000.080  000.080: sourcing C:\Users\dahls\AppData\Local\nvim-data\site\pack\core\opt\which-key.nvim\plugin\which-key.lua
1859.907  005.639  005.559: sourcing C:\Users\dahls\AppData\Local\nvim\plugin\which-key.lua
1867.247  000.234  000.234: sourcing C:\Users\dahls\AppData\Local\nvim-data\site\pack\core\opt\nvim-lspconfig\plugin\lspconfig.lua
1875.815  000.184  000.184: sourcing C:\Program Files\Neovim\share\nvim\runtime\plugin\gzip.vim
1887.518  000.219  000.219: sourcing C:\Program Files\Neovim\share\nvim\runtime\pack\dist\opt\matchit\plugin\matchit.vim
1887.634  007.709  007.489: sourcing C:\Program Files\Neovim\share\nvim\runtime\plugin\matchit.vim
1893.954  000.168  000.168: sourcing C:\Program Files\Neovim\share\nvim\runtime\plugin\matchparen.vim
1898.126  000.040  000.040: sourcing C:\Program Files\Neovim\share\nvim\runtime\plugin\netrwPlugin.vim
1904.916  000.663  000.663: sourcing C:\Program Files\Neovim\share\nvim\runtime\plugin\rplugin.vim
1911.189  000.115  000.115: sourcing C:\Program Files\Neovim\share\nvim\runtime\plugin\tarPlugin.vim
1916.032  000.050  000.050: sourcing C:\Program Files\Neovim\share\nvim\runtime\plugin\tutor.vim
1921.943  000.154  000.154: sourcing C:\Program Files\Neovim\share\nvim\runtime\plugin\zipPlugin.vim
1926.370  000.114  000.114: sourcing C:\Program Files\Neovim\share\nvim\runtime\plugin\editorconfig.lua
1931.129  000.124  000.124: sourcing C:\Program Files\Neovim\share\nvim\runtime\plugin\man.lua
1938.259  000.192  000.192: sourcing C:\Program Files\Neovim\share\nvim\runtime\plugin\net.lua
1944.108  000.174  000.174: sourcing C:\Program Files\Neovim\share\nvim\runtime\plugin\osc52.lua
1950.305  000.179  000.179: sourcing C:\Program Files\Neovim\share\nvim\runtime\plugin\shada.lua
1954.730  000.097  000.097: sourcing C:\Program Files\Neovim\share\nvim\runtime\plugin\spellfile.lua
1954.790  164.716: loading rtp plugins
1955.092  000.303: loading packages
1955.122  000.030: loading after plugins
1955.158  000.036: inits 3
1958.440  003.282: reading ShaDa
1958.524  000.084: opening buffers
1958.565  000.042: BufEnter autocommands
1958.568  000.003: editing files in windows
1961.464  002.895: VimEnter autocommands
1961.522  000.059: UIEnter autocommands
1975.866  014.344: before starting main loop
1976.378  000.511: first screen update
1976.380  000.003: --- NVIM STARTED ---

--- Startup times for process: Embedded ---

times in msec
 clock   self+sourced   self:  sourced script
 clock   elapsed:              other lines

000.003  000.003: --- NVIM STARTING ---
000.030  000.027: event init
000.089  000.059: early init
010.934  010.846: locale set
010.961  000.027: init first window
011.340  000.379: inits 1
011.353  000.013: window checked
011.357  000.004: parsing arguments
012.071  000.360  000.360: require('vim._core.shared')
012.616  000.003  000.003: require('string.buffer')
012.644  000.180  000.177: require('vim.inspect')
012.819  000.168  000.168: require('vim._core.options')
012.822  000.746  000.398: require('vim._core.editor')
012.930  000.105  000.105: require('vim._core.system')
012.932  001.295  000.083: require('vim._init_packages')
012.936  000.284: init lua interpreter
030.220  017.284: expanding arguments
030.237  000.017: inits 2
030.476  000.239: init highlight
030.478  000.002: waiting for UI
1630.587  1600.109: done waiting for UI
1630.611  000.025: clear screen
1631.403  000.044  000.044: require('vim.keymap')
1631.973  000.144  000.144: sourcing nvim_exec2()
1632.026  000.022  000.022: require('vim._core.log')
1634.122  001.215  001.215: require('vim.tty')
1634.220  000.077  000.077: require('vim.text')
1638.346  007.726  006.224: require('vim._core.defaults')
1638.352  000.015: init default mappings & autocommands
1638.668  000.079  000.079: sourcing C:\Program Files\Neovim\share\nvim\runtime\ftplugin.vim
1638.980  000.064  000.064: sourcing C:\Program Files\Neovim\share\nvim\runtime\indent.vim
1641.480  000.020  000.020: require('vim.F')
1641.521  001.592  001.571: require('vim.diagnostic')
1641.532  002.189  000.597: require('general-options')
1642.084  000.548  000.548: require('general-keymaps')
1642.346  000.256  000.256: require('autocommands')
1643.555  000.221  000.221: require('vim._async')
1643.572  001.089  000.868: require('vim.pack')
1643.907  000.325  000.325: require('vim.fs')
1644.546  000.360  000.360: require('vim.version')
1645.523  000.112  000.112: require('utils.highlights')
1646.329  000.371  000.371: require('catppuccin')
1646.638  000.171  000.171: require('catppuccin.lib.hashing')
1647.980  002.087  001.546: sourcing C:\Users\dahls\AppData\Local\nvim-data\site\pack\core\opt\catppuccin-nvim\colors\catppuccin-mocha.lua
1648.002  002.470  000.383: sourcing nvim_exec2() called at C:\Users\dahls\AppData\Local\nvim\init.lua:0
1648.078  005.726  001.369: require('themes')
1648.289  000.208  000.208: require('selection_expand_shrink')
1648.447  000.154  000.154: require('note_buffers')
1648.651  000.087  000.087: require('plugin-loader')
1649.700  000.134  000.134: require('mason-core.path')
1650.216  000.131  000.131: require('mason-core.functional.data')
1650.385  000.163  000.163: require('mason-core.functional.function')
1650.596  000.204  000.204: require('mason-core.functional.list')
1650.776  000.152  000.152: require('mason-core.functional.relation')
1650.926  000.138  000.138: require('mason-core.functional.logic')
1651.056  000.124  000.124: require('mason-core.functional.number')
1651.214  000.150  000.150: require('mason-core.functional.string')
1651.362  000.142  000.142: require('mason-core.functional.table')
1651.485  000.117  000.117: require('mason-core.functional.type')
1651.491  001.584  000.264: require('mason-core.functional')
1651.534  001.828  000.244: require('mason-core.platform')
1651.716  000.179  000.179: require('mason.settings')
1651.722  002.310  000.168: require('mason-core.installer.InstallLocation')
1652.281  000.215  000.215: require('mason-core.log')
1652.287  000.355  000.140: require('mason-core.EventEmitter')
1652.523  000.233  000.233: require('mason-registry.sources')
1652.553  000.829  000.241: require('mason-registry')
1652.557  003.306  000.167: require('mason')
1652.925  000.280  000.280: require('mason.api.command')
1653.673  000.092  000.092: require('lsp/configs/clangd')
1653.772  000.092  000.092: require('lsp/configs/lua_ls')
1655.437  000.702  000.702: require('vim.lsp.protocol')
1655.493  001.045  000.343: require('vim.lsp.log')
1656.604  000.040  000.040: require('vim._core.util')
1656.622  001.124  001.084: require('vim.lsp.util')
1657.303  000.305  000.305: require('vim.lsp.sync')
1657.310  000.685  000.380: require('vim.lsp._changetracking')
1658.009  000.270  000.270: require('vim.lsp._transport')
1658.049  000.035  000.035: require('vim._core.stringbuffer')
1658.060  000.747  000.442: require('vim.lsp.rpc')
1658.107  004.330  000.730: require('vim.lsp')
1658.218  000.103  000.103: require('lsp/configs/marksman')
1658.315  000.091  000.091: require('lsp/configs/powershell_es')
1658.443  000.097  000.097: require('lsp/configs/stylua')
1659.743  011.291  002.813: require('lsp.lsp_setup')
1659.881  000.133  000.133: require('snacks-nvim')
1659.885  020.616  000.112: sourcing C:\Users\dahls\AppData\Local\nvim\init.lua
1659.913  000.801: sourcing vimrc file(s)
1660.364  000.122  000.122: sourcing nvim_exec2() called at C:\Program Files\Neovim\share\nvim\runtime\filetype.lua:0
1660.370  000.231  000.109: sourcing C:\Program Files\Neovim\share\nvim\runtime\filetype.lua
1661.039  000.075  000.075: sourcing C:\Program Files\Neovim\share\nvim\runtime\syntax\synload.vim
1661.129  000.395  000.320: sourcing C:\Program Files\Neovim\share/nvim/runtime/syntax/syntax.vim
1664.362  000.634  000.634: require('alpha')
1664.518  000.150  000.150: require('screen')
1664.551  001.613  000.829: sourcing C:\Users\dahls\AppData\Local\nvim\plugin\alpha-nvim.lua
1664.728  000.067  000.067: sourcing C:\Users\dahls\AppData\Local\nvim\plugin\autopairs.lua
1665.235  000.403  000.403: sourcing C:\Users\dahls\AppData\Local\nvim\plugin\blink_completion.lua
1665.413  000.067  000.067: sourcing C:\Users\dahls\AppData\Local\nvim\plugin\diffview.lua
1665.596  000.074  000.074: sourcing C:\Users\dahls\AppData\Local\nvim\plugin\gitsigns.lua
1665.768  000.070  000.070: sourcing C:\Users\dahls\AppData\Local\nvim\plugin\lualine.lua
1665.922  000.051  000.051: sourcing C:\Users\dahls\AppData\Local\nvim\plugin\matchparen.lua
1666.077  000.053  000.053: sourcing C:\Users\dahls\AppData\Local\nvim\plugin\mini.nvim.lua
1666.238  000.058  000.058: sourcing C:\Users\dahls\AppData\Local\nvim\plugin\nvim-scrollview.lua
1666.408  000.066  000.066: sourcing C:\Users\dahls\AppData\Local\nvim\plugin\nvim-treesitter.lua
1666.572  000.054  000.054: sourcing C:\Users\dahls\AppData\Local\nvim\plugin\oil-nvim.lua
1666.736  000.059  000.059: sourcing C:\Users\dahls\AppData\Local\nvim\plugin\render-markdown-nvim.lua
1666.907  000.066  000.066: sourcing C:\Users\dahls\AppData\Local\nvim\plugin\treesitter-textobjects.lua
1667.947  000.058  000.058: sourcing C:\Users\dahls\AppData\Local\nvim-data\site\pack\core\opt\which-key.nvim\plugin\which-key.lua
1668.099  001.089  001.032: sourcing C:\Users\dahls\AppData\Local\nvim\plugin\which-key.lua
1668.574  000.183  000.183: sourcing C:\Users\dahls\AppData\Local\nvim-data\site\pack\core\opt\nvim-lspconfig\plugin\lspconfig.lua
1669.950  000.138  000.138: sourcing C:\Program Files\Neovim\share\nvim\runtime\plugin\gzip.vim
1671.570  000.175  000.175: sourcing C:\Program Files\Neovim\share\nvim\runtime\pack\dist\opt\matchit\plugin\matchit.vim
1671.679  001.620  001.445: sourcing C:\Program Files\Neovim\share\nvim\runtime\plugin\matchit.vim
1671.921  000.124  000.124: sourcing C:\Program Files\Neovim\share\nvim\runtime\plugin\matchparen.vim
1672.060  000.024  000.024: sourcing C:\Program Files\Neovim\share\nvim\runtime\plugin\netrwPlugin.vim
1672.643  000.475  000.475: sourcing C:\Program Files\Neovim\share\nvim\runtime\plugin\rplugin.vim
1672.832  000.085  000.085: sourcing C:\Program Files\Neovim\share\nvim\runtime\plugin\tarPlugin.vim
1672.980  000.037  000.037: sourcing C:\Program Files\Neovim\share\nvim\runtime\plugin\tutor.vim
1673.203  000.118  000.118: sourcing C:\Program Files\Neovim\share\nvim\runtime\plugin\zipPlugin.vim
1673.385  000.067  000.067: sourcing C:\Program Files\Neovim\share\nvim\runtime\plugin\editorconfig.lua
1673.571  000.078  000.078: sourcing C:\Program Files\Neovim\share\nvim\runtime\plugin\man.lua
1673.804  000.124  000.124: sourcing C:\Program Files\Neovim\share\nvim\runtime\plugin\net.lua
1674.072  000.097  000.097: sourcing C:\Program Files\Neovim\share\nvim\runtime\plugin\osc52.lua
1674.305  000.122  000.122: sourcing C:\Program Files\Neovim\share\nvim\runtime\plugin\shada.lua
1674.498  000.068  000.068: sourcing C:\Program Files\Neovim\share\nvim\runtime\plugin\spellfile.lua
1674.545  006.857: loading rtp plugins
1674.786  000.241: loading packages
1674.811  000.025: loading after plugins
1674.826  000.015: inits 3
1678.370  003.543: reading ShaDa
1678.446  000.076: opening buffers
1678.516  000.070: BufEnter autocommands
1678.519  000.003: editing files in windows
1681.467  002.948: VimEnter autocommands
1681.520  000.053: UIEnter autocommands
1682.141  000.621: before starting main loop
1682.625  000.484: first screen update
1682.628  000.003: --- NVIM STARTED ---

--- Startup times for process: Embedded ---

times in msec
 clock   self+sourced   self:  sourced script
 clock   elapsed:              other lines

000.003  000.003: --- NVIM STARTING ---
000.034  000.031: event init
000.092  000.059: early init
011.253  011.161: locale set
011.282  000.029: init first window
011.671  000.389: inits 1
011.685  000.014: window checked
011.688  000.004: parsing arguments
012.409  000.362  000.362: require('vim._core.shared')
012.963  000.004  000.004: require('string.buffer')
012.993  000.182  000.178: require('vim.inspect')
013.172  000.171  000.171: require('vim._core.options')
013.175  000.761  000.409: require('vim._core.editor')
013.284  000.106  000.106: require('vim._core.system')
013.286  001.311  000.082: require('vim._init_packages')
013.290  000.290: init lua interpreter
031.044  017.755: expanding arguments
031.062  000.018: inits 2
031.303  000.241: init highlight
031.305  000.002: waiting for UI
063.494  032.189: done waiting for UI
063.514  000.020: clear screen
064.052  000.030  000.030: require('vim.keymap')
064.570  000.113  000.113: sourcing nvim_exec2()
064.607  000.021  000.021: require('vim._core.log')
066.351  000.983  000.983: require('vim.tty')
066.434  000.067  000.067: require('vim.text')
069.617  006.099  004.885: require('vim._core.defaults')
069.622  000.010: init default mappings & autocommands
069.890  000.069  000.069: sourcing C:\Program Files\Neovim\share\nvim\runtime\ftplugin.vim
070.120  000.047  000.047: sourcing C:\Program Files\Neovim\share\nvim\runtime\indent.vim
072.445  000.016  000.016: require('vim.F')
072.544  001.249  001.233: require('vim.diagnostic')
072.555  001.909  000.660: require('general-options')
072.848  000.290  000.290: require('general-keymaps')
073.052  000.199  000.199: require('autocommands')
073.977  000.167  000.167: require('vim._async')
073.989  000.827  000.660: require('vim.pack')
074.250  000.252  000.252: require('vim.fs')
074.760  000.294  000.294: require('vim.version')
075.466  000.093  000.093: require('utils.highlights')
076.439  000.620  000.620: require('catppuccin')
076.769  000.217  000.217: require('catppuccin.lib.hashing')
077.940  002.176  001.339: sourcing C:\Users\dahls\AppData\Local\nvim-data\site\pack\core\opt\catppuccin-nvim\colors\catppuccin-mocha.lua
077.960  002.487  000.310: sourcing nvim_exec2() called at C:\Users\dahls\AppData\Local\nvim\init.lua:0
078.013  004.957  001.004: require('themes')
078.193  000.178  000.178: require('selection_expand_shrink')
078.347  000.149  000.149: require('note_buffers')
078.548  000.085  000.085: require('plugin-loader')
079.594  000.143  000.143: require('mason-core.path')
080.110  000.125  000.125: require('mason-core.functional.data')
080.311  000.194  000.194: require('mason-core.functional.function')
080.525  000.207  000.207: require('mason-core.functional.list')
080.663  000.130  000.130: require('mason-core.functional.relation')
080.809  000.140  000.140: require('mason-core.functional.logic')
080.941  000.127  000.127: require('mason-core.functional.number')
081.102  000.154  000.154: require('mason-core.functional.string')
081.251  000.143  000.143: require('mason-core.functional.table')
081.383  000.126  000.126: require('mason-core.functional.type')
081.388  001.583  000.236: require('mason-core.functional')
081.733  002.134  000.551: require('mason-core.platform')
081.922  000.185  000.185: require('mason.settings')
081.928  002.632  000.170: require('mason-core.installer.InstallLocation')
082.490  000.211  000.211: require('mason-core.log')
082.516  000.374  000.164: require('mason-core.EventEmitter')
082.756  000.237  000.237: require('mason-registry.sources')
082.786  000.855  000.244: require('mason-registry')
082.789  003.651  000.164: require('mason')
083.131  000.276  000.276: require('mason.api.command')
083.907  000.089  000.089: require('lsp/configs/clangd')
084.006  000.093  000.093: require('lsp/configs/lua_ls')
085.737  000.717  000.717: require('vim.lsp.protocol')
085.793  001.108  000.391: require('vim.lsp.log')
086.908  000.039  000.039: require('vim._core.util')
086.925  001.128  001.088: require('vim.lsp.util')
087.909  000.328  000.328: require('vim.lsp.sync')
087.916  000.987  000.659: require('vim.lsp._changetracking')
088.615  000.273  000.273: require('vim.lsp._transport')
088.655  000.035  000.035: require('vim._core.stringbuffer')
088.688  000.769  000.461: require('vim.lsp.rpc')
088.742  004.731  000.739: require('vim.lsp')
088.853  000.102  000.102: require('lsp/configs/marksman')
088.955  000.096  000.096: require('lsp/configs/powershell_es')
089.075  000.094  000.094: require('lsp/configs/stylua')
090.391  012.040  002.824: require('lsp.lsp_setup')
090.535  000.139  000.139: require('snacks-nvim')
090.540  019.950  000.089: sourcing C:\Users\dahls\AppData\Local\nvim\init.lua
090.568  000.880: sourcing vimrc file(s)
091.014  000.120  000.120: sourcing nvim_exec2() called at C:\Program Files\Neovim\share\nvim\runtime\filetype.lua:0
091.020  000.220  000.100: sourcing C:\Program Files\Neovim\share\nvim\runtime\filetype.lua
091.691  000.082  000.082: sourcing C:\Program Files\Neovim\share\nvim\runtime\syntax\synload.vim
091.783  000.411  000.329: sourcing C:\Program Files\Neovim\share/nvim/runtime/syntax/syntax.vim
094.939  000.676  000.676: require('alpha')
095.107  000.163  000.163: require('screen')
095.140  001.651  000.812: sourcing C:\Users\dahls\AppData\Local\nvim\plugin\alpha-nvim.lua
095.322  000.070  000.070: sourcing C:\Users\dahls\AppData\Local\nvim\plugin\autopairs.lua
095.534  000.109  000.109: sourcing C:\Users\dahls\AppData\Local\nvim\plugin\blink_completion.lua
095.705  000.064  000.064: sourcing C:\Users\dahls\AppData\Local\nvim\plugin\diffview.lua
095.862  000.055  000.055: sourcing C:\Users\dahls\AppData\Local\nvim\plugin\gitsigns.lua
096.034  000.064  000.064: sourcing C:\Users\dahls\AppData\Local\nvim\plugin\lualine.lua
096.189  000.052  000.052: sourcing C:\Users\dahls\AppData\Local\nvim\plugin\matchparen.lua
096.347  000.057  000.057: sourcing C:\Users\dahls\AppData\Local\nvim\plugin\mini.nvim.lua
096.505  000.055  000.055: sourcing C:\Users\dahls\AppData\Local\nvim\plugin\nvim-scrollview.lua
096.675  000.065  000.065: sourcing C:\Users\dahls\AppData\Local\nvim\plugin\nvim-treesitter.lua
096.835  000.056  000.056: sourcing C:\Users\dahls\AppData\Local\nvim\plugin\oil-nvim.lua
097.003  000.062  000.062: sourcing C:\Users\dahls\AppData\Local\nvim\plugin\render-markdown-nvim.lua
097.179  000.067  000.067: sourcing C:\Users\dahls\AppData\Local\nvim\plugin\treesitter-textobjects.lua
098.513  000.058  000.058: sourcing C:\Users\dahls\AppData\Local\nvim-data\site\pack\core\opt\which-key.nvim\plugin\which-key.lua
098.682  001.399  001.341: sourcing C:\Users\dahls\AppData\Local\nvim\plugin\which-key.lua
099.146  000.170  000.170: sourcing C:\Users\dahls\AppData\Local\nvim-data\site\pack\core\opt\nvim-lspconfig\plugin\lspconfig.lua
100.571  000.137  000.137: sourcing C:\Program Files\Neovim\share\nvim\runtime\plugin\gzip.vim
102.011  000.182  000.182: sourcing C:\Program Files\Neovim\share\nvim\runtime\pack\dist\opt\matchit\plugin\matchit.vim
102.122  001.439  001.257: sourcing C:\Program Files\Neovim\share\nvim\runtime\plugin\matchit.vim
102.360  000.130  000.130: sourcing C:\Program Files\Neovim\share\nvim\runtime\plugin\matchparen.vim
102.599  000.125  000.125: sourcing C:\Program Files\Neovim\share\nvim\runtime\plugin\netrwPlugin.vim
103.339  000.612  000.612: sourcing C:\Program Files\Neovim\share\nvim\runtime\plugin\rplugin.vim
103.580  000.091  000.091: sourcing C:\Program Files\Neovim\share\nvim\runtime\plugin\tarPlugin.vim
104.037  000.040  000.040: sourcing C:\Program Files\Neovim\share\nvim\runtime\plugin\tutor.vim
104.268  000.119  000.119: sourcing C:\Program Files\Neovim\share\nvim\runtime\plugin\zipPlugin.vim
104.453  000.067  000.067: sourcing C:\Program Files\Neovim\share\nvim\runtime\plugin\editorconfig.lua
104.645  000.082  000.082: sourcing C:\Program Files\Neovim\share\nvim\runtime\plugin\man.lua
104.877  000.121  000.121: sourcing C:\Program Files\Neovim\share\nvim\runtime\plugin\net.lua
105.085  000.097  000.097: sourcing C:\Program Files\Neovim\share\nvim\runtime\plugin\osc52.lua
105.371  000.121  000.121: sourcing C:\Program Files\Neovim\share\nvim\runtime\plugin\shada.lua
105.582  000.084  000.084: sourcing C:\Program Files\Neovim\share\nvim\runtime\plugin\spellfile.lua
105.631  007.169: loading rtp plugins
105.882  000.251: loading packages
105.908  000.026: loading after plugins
105.924  000.016: inits 3
109.033  003.109: reading ShaDa
109.112  000.079: opening buffers
109.139  000.026: BufEnter autocommands
109.141  000.003: editing files in windows
112.387  003.246: VimEnter autocommands
112.439  000.052: UIEnter autocommands
113.084  000.645: before starting main loop
113.584  000.499: first screen update
113.587  000.003: --- NVIM STARTED ---

--- Startup times for process: Embedded ---

times in msec
 clock   self+sourced   self:  sourced script
 clock   elapsed:              other lines

000.003  000.003: --- NVIM STARTING ---
000.033  000.031: event init
000.093  000.059: early init
010.717  010.624: locale set
010.743  000.026: init first window
011.129  000.386: inits 1
011.143  000.014: window checked
011.146  000.004: parsing arguments
011.843  000.352  000.352: require('vim._core.shared')
012.396  000.003  000.003: require('string.buffer')
012.412  000.172  000.169: require('vim.inspect')
012.582  000.165  000.165: require('vim._core.options')
012.585  000.738  000.401: require('vim._core.editor')
012.695  000.108  000.108: require('vim._core.system')
012.697  001.261  000.063: require('vim._init_packages')
012.701  000.294: init lua interpreter
029.625  016.923: expanding arguments
029.640  000.015: inits 2
029.878  000.237: init highlight
029.879  000.002: waiting for UI
053.612  023.733: done waiting for UI
053.632  000.019: clear screen
054.157  000.032  000.032: require('vim.keymap')
054.647  000.115  000.115: sourcing nvim_exec2()
054.684  000.023  000.023: require('vim._core.log')
056.516  001.032  001.032: require('vim.tty')
056.595  000.064  000.064: require('vim.text')
059.903  006.267  005.000: require('vim._core.defaults')
059.909  000.010: init default mappings & autocommands
060.247  000.064  000.064: sourcing C:\Program Files\Neovim\share\nvim\runtime\ftplugin.vim
060.480  000.049  000.049: sourcing C:\Program Files\Neovim\share\nvim\runtime\indent.vim
062.189  000.015  000.015: require('vim.F')
062.222  001.079  001.064: require('vim.diagnostic')
062.231  001.529  000.450: require('general-options')
062.529  000.295  000.295: require('general-keymaps')
062.724  000.191  000.191: require('autocommands')
063.635  000.170  000.170: require('vim._async')
063.647  000.818  000.649: require('vim.pack')
063.899  000.241  000.241: require('vim.fs')
064.400  000.294  000.294: require('vim.version')
065.513  000.150  000.150: require('utils.highlights')
066.164  000.298  000.298: require('catppuccin')
066.409  000.132  000.132: require('catppuccin.lib.hashing')
067.540  001.726  001.297: sourcing C:\Users\dahls\AppData\Local\nvim-data\site\pack\core\opt\catppuccin-nvim\colors\catppuccin-mocha.lua
067.559  002.039  000.313: sourcing nvim_exec2() called at C:\Users\dahls\AppData\Local\nvim\init.lua:0
067.614  004.885  001.343: require('themes')
067.808  000.192  000.192: require('selection_expand_shrink')
067.964  000.151  000.151: require('note_buffers')
068.203  000.099  000.099: require('plugin-loader')
069.249  000.148  000.148: require('mason-core.path')
069.761  000.120  000.120: require('mason-core.functional.data')
069.925  000.158  000.158: require('mason-core.functional.function')
070.138  000.205  000.205: require('mason-core.functional.list')
070.626  000.466  000.466: require('mason-core.functional.relation')
070.783  000.140  000.140: require('mason-core.functional.logic')
070.912  000.123  000.123: require('mason-core.functional.number')
071.070  000.151  000.151: require('mason-core.functional.string')
071.229  000.153  000.153: require('mason-core.functional.table')
071.354  000.118  000.118: require('mason-core.functional.type')
071.360  001.897  000.265: require('mason-core.functional')
071.403  002.148  000.251: require('mason-core.platform')
071.569  000.164  000.164: require('mason.settings')
071.575  002.624  000.165: require('mason-core.installer.InstallLocation')
072.135  000.222  000.222: require('mason-core.log')
072.140  000.359  000.138: require('mason-core.EventEmitter')
072.375  000.232  000.232: require('mason-registry.sources')
072.435  000.858  000.266: require('mason-registry')
072.438  003.641  000.159: require('mason')
072.787  000.286  000.286: require('mason.api.command')
073.546  000.089  000.089: require('lsp/configs/clangd')
073.640  000.087  000.087: require('lsp/configs/lua_ls')
075.340  000.752  000.752: require('vim.lsp.protocol')
075.400  001.078  000.325: require('vim.lsp.log')
076.773  000.040  000.040: require('vim._core.util')
076.792  001.387  001.346: require('vim.lsp.util')
077.478  000.307  000.307: require('vim.lsp.sync')
077.485  000.690  000.383: require('vim.lsp._changetracking')
078.195  000.289  000.289: require('vim.lsp._transport')
078.234  000.035  000.035: require('vim._core.stringbuffer')
078.272  000.784  000.460: require('vim.lsp.rpc')
078.324  004.679  000.741: require('vim.lsp')
078.435  000.102  000.102: require('lsp/configs/marksman')
078.532  000.091  000.091: require('lsp/configs/powershell_es')
078.629  000.086  000.086: require('lsp/configs/stylua')
079.885  011.918  002.756: require('lsp.lsp_setup')
080.025  000.135  000.135: require('snacks-nvim')
080.030  019.383  000.087: sourcing C:\Users\dahls\AppData\Local\nvim\init.lua
080.058  000.654: sourcing vimrc file(s)
080.540  000.119  000.119: sourcing nvim_exec2() called at C:\Program Files\Neovim\share\nvim\runtime\filetype.lua:0
080.546  000.222  000.102: sourcing C:\Program Files\Neovim\share\nvim\runtime\filetype.lua
081.218  000.079  000.079: sourcing C:\Program Files\Neovim\share\nvim\runtime\syntax\synload.vim
081.306  000.397  000.318: sourcing C:\Program Files\Neovim\share/nvim/runtime/syntax/syntax.vim
084.497  000.746  000.746: require('alpha')
084.627  000.125  000.125: require('screen')
084.674  001.668  000.797: sourcing C:\Users\dahls\AppData\Local\nvim\plugin\alpha-nvim.lua
084.848  000.057  000.057: sourcing C:\Users\dahls\AppData\Local\nvim\plugin\autopairs.lua
085.036  000.082  000.082: sourcing C:\Users\dahls\AppData\Local\nvim\plugin\blink_completion.lua
085.225  000.084  000.084: sourcing C:\Users\dahls\AppData\Local\nvim\plugin\diffview.lua
085.390  000.056  000.056: sourcing C:\Users\dahls\AppData\Local\nvim\plugin\gitsigns.lua
085.555  000.062  000.062: sourcing C:\Users\dahls\AppData\Local\nvim\plugin\lualine.lua
085.711  000.052  000.052: sourcing C:\Users\dahls\AppData\Local\nvim\plugin\matchparen.lua
085.865  000.054  000.054: sourcing C:\Users\dahls\AppData\Local\nvim\plugin\mini.nvim.lua
086.025  000.056  000.056: sourcing C:\Users\dahls\AppData\Local\nvim\plugin\nvim-scrollview.lua
086.198  000.070  000.070: sourcing C:\Users\dahls\AppData\Local\nvim\plugin\nvim-treesitter.lua
086.361  000.056  000.056: sourcing C:\Users\dahls\AppData\Local\nvim\plugin\oil-nvim.lua
086.528  000.061  000.061: sourcing C:\Users\dahls\AppData\Local\nvim\plugin\render-markdown-nvim.lua
086.704  000.069  000.069: sourcing C:\Users\dahls\AppData\Local\nvim\plugin\treesitter-textobjects.lua
088.030  000.077  000.077: sourcing C:\Users\dahls\AppData\Local\nvim-data\site\pack\core\opt\which-key.nvim\plugin\which-key.lua
088.190  001.380  001.303: sourcing C:\Users\dahls\AppData\Local\nvim\plugin\which-key.lua
088.661  000.172  000.172: sourcing C:\Users\dahls\AppData\Local\nvim-data\site\pack\core\opt\nvim-lspconfig\plugin\lspconfig.lua
090.076  000.175  000.175: sourcing C:\Program Files\Neovim\share\nvim\runtime\plugin\gzip.vim
091.644  000.175  000.175: sourcing C:\Program Files\Neovim\share\nvim\runtime\pack\dist\opt\matchit\plugin\matchit.vim
091.828  001.610  001.434: sourcing C:\Program Files\Neovim\share\nvim\runtime\plugin\matchit.vim
092.144  000.200  000.200: sourcing C:\Program Files\Neovim\share\nvim\runtime\plugin\matchparen.vim
092.302  000.027  000.027: sourcing C:\Program Files\Neovim\share\nvim\runtime\plugin\netrwPlugin.vim
093.156  000.746  000.746: sourcing C:\Program Files\Neovim\share\nvim\runtime\plugin\rplugin.vim
093.360  000.085  000.085: sourcing C:\Program Files\Neovim\share\nvim\runtime\plugin\tarPlugin.vim
093.513  000.037  000.037: sourcing C:\Program Files\Neovim\share\nvim\runtime\plugin\tutor.vim
093.726  000.104  000.104: sourcing C:\Program Files\Neovim\share\nvim\runtime\plugin\zipPlugin.vim
093.909  000.069  000.069: sourcing C:\Program Files\Neovim\share\nvim\runtime\plugin\editorconfig.lua
094.102  000.082  000.082: sourcing C:\Program Files\Neovim\share\nvim\runtime\plugin\man.lua
094.345  000.121  000.121: sourcing C:\Program Files\Neovim\share\nvim\runtime\plugin\net.lua
094.554  000.096  000.096: sourcing C:\Program Files\Neovim\share\nvim\runtime\plugin\osc52.lua
094.827  000.116  000.116: sourcing C:\Program Files\Neovim\share\nvim\runtime\plugin\shada.lua
095.020  000.064  000.064: sourcing C:\Program Files\Neovim\share\nvim\runtime\plugin\spellfile.lua
095.070  006.885: loading rtp plugins
095.324  000.255: loading packages
095.350  000.026: loading after plugins
095.366  000.016: inits 3
098.695  003.329: reading ShaDa
098.772  000.077: opening buffers
098.799  000.026: BufEnter autocommands
098.802  000.003: editing files in windows
101.843  003.041: VimEnter autocommands
101.906  000.064: UIEnter autocommands
102.519  000.613: before starting main loop
103.032  000.513: first screen update
103.035  000.003: --- NVIM STARTED ---

--- Startup times for process: Embedded ---

times in msec
 clock   self+sourced   self:  sourced script
 clock   elapsed:              other lines

000.003  000.003: --- NVIM STARTING ---
000.038  000.035: event init
000.107  000.069: early init
011.068  010.961: locale set
011.095  000.027: init first window
011.505  000.410: inits 1
011.519  000.013: window checked
011.523  000.004: parsing arguments
012.243  000.368  000.368: require('vim._core.shared')
012.776  000.004  000.004: require('string.buffer')
012.798  000.168  000.163: require('vim.inspect')
013.021  000.215  000.215: require('vim._core.options')
013.024  000.776  000.394: require('vim._core.editor')
013.135  000.108  000.108: require('vim._core.system')
013.137  001.321  000.068: require('vim._init_packages')
013.141  000.297: init lua interpreter
031.080  017.939: expanding arguments
031.098  000.018: inits 2
031.337  000.238: init highlight
031.338  000.002: waiting for UI
052.087  020.748: done waiting for UI
052.108  000.021: clear screen
052.616  000.030  000.030: require('vim.keymap')
053.134  000.107  000.107: sourcing nvim_exec2()
053.165  000.017  000.017: require('vim._core.log')
054.939  000.905  000.905: require('vim.tty')
055.017  000.063  000.063: require('vim.text')
058.351  006.236  005.113: require('vim._core.defaults')
058.356  000.013: init default mappings & autocommands
058.571  000.063  000.063: sourcing C:\Program Files\Neovim\share\nvim\runtime\ftplugin.vim
058.794  000.047  000.047: sourcing C:\Program Files\Neovim\share\nvim\runtime\indent.vim
060.579  000.015  000.015: require('vim.F')
060.626  001.191  001.176: require('vim.diagnostic')
060.636  001.620  000.429: require('general-options')
060.974  000.335  000.335: require('general-keymaps')
061.173  000.195  000.195: require('autocommands')
062.068  000.164  000.164: require('vim._async')
062.079  000.801  000.636: require('vim.pack')
062.308  000.220  000.220: require('vim.fs')
062.795  000.276  000.276: require('vim.version')
063.537  000.092  000.092: require('utils.highlights')
064.138  000.290  000.290: require('catppuccin')
064.387  000.140  000.140: require('catppuccin.lib.hashing')
065.548  001.752  001.322: sourcing C:\Users\dahls\AppData\Local\nvim-data\site\pack\core\opt\catppuccin-nvim\colors\catppuccin-mocha.lua
065.567  002.022  000.271: sourcing nvim_exec2() called at C:\Users\dahls\AppData\Local\nvim\init.lua:0
065.620  004.442  001.030: require('themes')
065.795  000.173  000.173: require('selection_expand_shrink')
065.972  000.173  000.173: require('note_buffers')
066.195  000.086  000.086: require('plugin-loader')
067.214  000.132  000.132: require('mason-core.path')
067.732  000.117  000.117: require('mason-core.functional.data')
067.903  000.165  000.165: require('mason-core.functional.function')
068.135  000.224  000.224: require('mason-core.functional.list')
068.300  000.157  000.157: require('mason-core.functional.relation')
068.456  000.151  000.151: require('mason-core.functional.logic')
068.596  000.134  000.134: require('mason-core.functional.number')
068.759  000.156  000.156: require('mason-core.functional.string')
068.907  000.143  000.143: require('mason-core.functional.table')
069.032  000.118  000.118: require('mason-core.functional.type')
069.037  001.610  000.245: require('mason-core.functional')
069.098  001.879  000.268: require('mason-core.platform')
069.273  000.172  000.172: require('mason.settings')
069.278  002.347  000.164: require('mason-core.installer.InstallLocation')
069.873  000.244  000.244: require('mason-core.log')
069.878  000.384  000.140: require('mason-core.EventEmitter')
070.118  000.237  000.237: require('mason-registry.sources')
070.206  000.925  000.304: require('mason-registry')
070.210  003.430  000.158: require('mason')
070.522  000.275  000.275: require('mason.api.command')
071.263  000.087  000.087: require('lsp/configs/clangd')
071.362  000.092  000.092: require('lsp/configs/lua_ls')
073.000  000.695  000.695: require('vim.lsp.protocol')
073.057  001.022  000.327: require('vim.lsp.log')
074.168  000.052  000.052: require('vim._core.util')
074.186  001.123  001.072: require('vim.lsp.util')
074.866  000.311  000.311: require('vim.lsp.sync')
074.873  000.684  000.374: require('vim.lsp._changetracking')
075.573  000.272  000.272: require('vim.lsp._transport')
075.613  000.035  000.035: require('vim._core.stringbuffer')
075.646  000.769  000.462: require('vim.lsp.rpc')
075.687  004.320  000.722: require('vim.lsp')
075.816  000.102  000.102: require('lsp/configs/marksman')
075.915  000.093  000.093: require('lsp/configs/powershell_es')
076.017  000.089  000.089: require('lsp/configs/stylua')
077.301  011.324  002.750: require('lsp.lsp_setup')
077.449  000.142  000.142: require('snacks-nvim')
077.454  018.493  000.089: sourcing C:\Users\dahls\AppData\Local\nvim\init.lua
077.483  000.524: sourcing vimrc file(s)
077.930  000.120  000.120: sourcing nvim_exec2() called at C:\Program Files\Neovim\share\nvim\runtime\filetype.lua:0
077.936  000.221  000.101: sourcing C:\Program Files\Neovim\share\nvim\runtime\filetype.lua
078.595  000.075  000.075: sourcing C:\Program Files\Neovim\share\nvim\runtime\syntax\synload.vim
078.685  000.408  000.333: sourcing C:\Program Files\Neovim\share/nvim/runtime/syntax/syntax.vim
081.458  000.642  000.642: require('alpha')
081.607  000.144  000.144: require('screen')
081.638  001.549  000.763: sourcing C:\Users\dahls\AppData\Local\nvim\plugin\alpha-nvim.lua
081.814  000.064  000.064: sourcing C:\Users\dahls\AppData\Local\nvim\plugin\autopairs.lua
082.048  000.134  000.134: sourcing C:\Users\dahls\AppData\Local\nvim\plugin\blink_completion.lua
082.217  000.066  000.066: sourcing C:\Users\dahls\AppData\Local\nvim\plugin\diffview.lua
082.386  000.067  000.067: sourcing C:\Users\dahls\AppData\Local\nvim\plugin\gitsigns.lua
082.579  000.081  000.081: sourcing C:\Users\dahls\AppData\Local\nvim\plugin\lualine.lua
082.734  000.052  000.052: sourcing C:\Users\dahls\AppData\Local\nvim\plugin\matchparen.lua
082.887  000.054  000.054: sourcing C:\Users\dahls\AppData\Local\nvim\plugin\mini.nvim.lua
083.061  000.054  000.054: sourcing C:\Users\dahls\AppData\Local\nvim\plugin\nvim-scrollview.lua
083.227  000.065  000.065: sourcing C:\Users\dahls\AppData\Local\nvim\plugin\nvim-treesitter.lua
083.384  000.054  000.054: sourcing C:\Users\dahls\AppData\Local\nvim\plugin\oil-nvim.lua
083.557  000.061  000.061: sourcing C:\Users\dahls\AppData\Local\nvim\plugin\render-markdown-nvim.lua
083.726  000.066  000.066: sourcing C:\Users\dahls\AppData\Local\nvim\plugin\treesitter-textobjects.lua
084.743  000.057  000.057: sourcing C:\Users\dahls\AppData\Local\nvim-data\site\pack\core\opt\which-key.nvim\plugin\which-key.lua
084.895  001.067  001.010: sourcing C:\Users\dahls\AppData\Local\nvim\plugin\which-key.lua
085.353  000.169  000.169: sourcing C:\Users\dahls\AppData\Local\nvim-data\site\pack\core\opt\nvim-lspconfig\plugin\lspconfig.lua
086.704  000.139  000.139: sourcing C:\Program Files\Neovim\share\nvim\runtime\plugin\gzip.vim
088.025  000.172  000.172: sourcing C:\Program Files\Neovim\share\nvim\runtime\pack\dist\opt\matchit\plugin\matchit.vim
088.131  001.318  001.146: sourcing C:\Program Files\Neovim\share\nvim\runtime\plugin\matchit.vim
088.364  000.125  000.125: sourcing C:\Program Files\Neovim\share\nvim\runtime\plugin\matchparen.vim
088.522  000.028  000.028: sourcing C:\Program Files\Neovim\share\nvim\runtime\plugin\netrwPlugin.vim
089.073  000.448  000.448: sourcing C:\Program Files\Neovim\share\nvim\runtime\plugin\rplugin.vim
089.263  000.086  000.086: sourcing C:\Program Files\Neovim\share\nvim\runtime\plugin\tarPlugin.vim
089.409  000.036  000.036: sourcing C:\Program Files\Neovim\share\nvim\runtime\plugin\tutor.vim
089.638  000.118  000.118: sourcing C:\Program Files\Neovim\share\nvim\runtime\plugin\zipPlugin.vim
089.820  000.067  000.067: sourcing C:\Program Files\Neovim\share\nvim\runtime\plugin\editorconfig.lua
090.010  000.083  000.083: sourcing C:\Program Files\Neovim\share\nvim\runtime\plugin\man.lua
090.244  000.120  000.120: sourcing C:\Program Files\Neovim\share\nvim\runtime\plugin\net.lua
090.454  000.095  000.095: sourcing C:\Program Files\Neovim\share\nvim\runtime\plugin\osc52.lua
090.720  000.119  000.119: sourcing C:\Program Files\Neovim\share\nvim\runtime\plugin\shada.lua
090.912  000.062  000.062: sourcing C:\Program Files\Neovim\share\nvim\runtime\plugin\spellfile.lua
090.959  006.400: loading rtp plugins
091.201  000.242: loading packages
091.227  000.025: loading after plugins
091.242  000.015: inits 3
094.278  003.037: reading ShaDa
094.365  000.087: opening buffers
094.392  000.026: BufEnter autocommands
094.394  000.002: editing files in windows
097.380  002.986: VimEnter autocommands
097.434  000.054: UIEnter autocommands
098.028  000.594: before starting main loop
098.574  000.546: first screen update
098.578  000.003: --- NVIM STARTED ---

--- Startup times for process: Embedded ---

times in msec
 clock   self+sourced   self:  sourced script
 clock   elapsed:              other lines

000.003  000.003: --- NVIM STARTING ---
000.033  000.030: event init
000.096  000.062: early init
011.006  010.910: locale set
011.033  000.027: init first window
011.431  000.398: inits 1
011.444  000.013: window checked
011.447  000.004: parsing arguments
012.159  000.363  000.363: require('vim._core.shared')
012.716  000.004  000.004: require('string.buffer')
012.743  000.184  000.180: require('vim.inspect')
012.919  000.168  000.168: require('vim._core.options')
012.922  000.758  000.406: require('vim._core.editor')
013.030  000.106  000.106: require('vim._core.system')
013.032  001.308  000.080: require('vim._init_packages')
013.036  000.281: init lua interpreter
030.450  017.413: expanding arguments
030.468  000.018: inits 2
030.705  000.237: init highlight
030.707  000.002: waiting for UI
062.099  031.392: done waiting for UI
062.118  000.019: clear screen
062.639  000.030  000.030: require('vim.keymap')
063.120  000.110  000.110: sourcing nvim_exec2()
063.153  000.018  000.018: require('vim._core.log')
064.883  001.030  001.030: require('vim.tty')
064.984  000.083  000.083: require('vim.text')
068.568  006.445  005.175: require('vim._core.defaults')
068.574  000.010: init default mappings & autocommands
068.796  000.068  000.068: sourcing C:\Program Files\Neovim\share\nvim\runtime\ftplugin.vim
069.027  000.053  000.053: sourcing C:\Program Files\Neovim\share\nvim\runtime\indent.vim
070.799  000.016  000.016: require('vim.F')
070.832  001.128  001.112: require('vim.diagnostic')
070.841  001.584  000.456: require('general-options')
071.189  000.345  000.345: require('general-keymaps')
071.395  000.201  000.201: require('autocommands')
072.314  000.170  000.170: require('vim._async')
072.327  000.827  000.656: require('vim.pack')
072.581  000.245  000.245: require('vim.fs')
073.089  000.295  000.295: require('vim.version')
073.861  000.102  000.102: require('utils.highlights')
074.474  000.294  000.294: require('catppuccin')
074.983  000.188  000.188: require('catppuccin.lib.hashing')
076.491  002.368  001.885: sourcing C:\Users\dahls\AppData\Local\nvim-data\site\pack\core\opt\catppuccin-nvim\colors\catppuccin-mocha.lua
076.514  002.646  000.278: sourcing nvim_exec2() called at C:\Users\dahls\AppData\Local\nvim\init.lua:0
076.566  005.167  001.054: require('themes')
076.774  000.205  000.205: require('selection_expand_shrink')
076.942  000.163  000.163: require('note_buffers')
077.156  000.092  000.092: require('plugin-loader')
078.218  000.137  000.137: require('mason-core.path')
078.749  000.128  000.128: require('mason-core.functional.data')
078.923  000.168  000.168: require('mason-core.functional.function')
079.143  000.213  000.213: require('mason-core.functional.list')
079.314  000.143  000.143: require('mason-core.functional.relation')
079.457  000.137  000.137: require('mason-core.functional.logic')
079.589  000.126  000.126: require('mason-core.functional.number')
079.750  000.155  000.155: require('mason-core.functional.string')
079.911  000.149  000.149: require('mason-core.functional.table')
080.041  000.124  000.124: require('mason-core.functional.type')
080.047  001.614  000.270: require('mason-core.functional')
080.100  001.876  000.263: require('mason-core.platform')
080.289  000.186  000.186: require('mason.settings')
080.294  002.372  000.173: require('mason-core.installer.InstallLocation')
080.945  000.292  000.292: require('mason-core.log')
080.952  000.440  000.148: require('mason-core.EventEmitter')
081.202  000.247  000.247: require('mason-registry.sources')
081.259  000.963  000.275: require('mason-registry')
081.263  003.507  000.172: require('mason')
081.605  000.281  000.281: require('mason.api.command')
082.338  000.090  000.090: require('lsp/configs/clangd')
082.438  000.093  000.093: require('lsp/configs/lua_ls')
084.186  000.811  000.811: require('vim.lsp.protocol')
084.243  001.135  000.323: require('vim.lsp.log')
085.345  000.039  000.039: require('vim._core.util')
085.363  001.115  001.075: require('vim.lsp.util')
086.050  000.315  000.315: require('vim.lsp.sync')
086.057  000.691  000.376: require('vim.lsp._changetracking')
086.769  000.280  000.280: require('vim.lsp._transport')
086.809  000.035  000.035: require('vim._core.stringbuffer')
086.844  000.784  000.469: require('vim.lsp.rpc')
086.865  004.423  000.699: require('vim.lsp')
086.993  000.105  000.105: require('lsp/configs/marksman')
087.099  000.100  000.100: require('lsp/configs/powershell_es')
087.201  000.092  000.092: require('lsp/configs/stylua')
088.573  011.627  002.844: require('lsp.lsp_setup')
088.721  000.142  000.142: require('snacks-nvim')
088.725  019.528  000.093: sourcing C:\Users\dahls\AppData\Local\nvim\init.lua
088.755  000.531: sourcing vimrc file(s)
089.227  000.122  000.122: sourcing nvim_exec2() called at C:\Program Files\Neovim\share\nvim\runtime\filetype.lua:0
089.234  000.244  000.121: sourcing C:\Program Files\Neovim\share\nvim\runtime\filetype.lua
089.898  000.080  000.080: sourcing C:\Program Files\Neovim\share\nvim\runtime\syntax\synload.vim
090.023  000.445  000.364: sourcing C:\Program Files\Neovim\share/nvim/runtime/syntax/syntax.vim
092.890  000.698  000.698: require('alpha')
093.054  000.158  000.158: require('screen')
093.094  001.618  000.763: sourcing C:\Users\dahls\AppData\Local\nvim\plugin\alpha-nvim.lua
093.273  000.068  000.068: sourcing C:\Users\dahls\AppData\Local\nvim\plugin\autopairs.lua
093.477  000.100  000.100: sourcing C:\Users\dahls\AppData\Local\nvim\plugin\blink_completion.lua
093.651  000.070  000.070: sourcing C:\Users\dahls\AppData\Local\nvim\plugin\diffview.lua
093.819  000.062  000.062: sourcing C:\Users\dahls\AppData\Local\nvim\plugin\gitsigns.lua
093.993  000.064  000.064: sourcing C:\Users\dahls\AppData\Local\nvim\plugin\lualine.lua
094.148  000.053  000.053: sourcing C:\Users\dahls\AppData\Local\nvim\plugin\matchparen.lua
094.301  000.054  000.054: sourcing C:\Users\dahls\AppData\Local\nvim\plugin\mini.nvim.lua
094.458  000.055  000.055: sourcing C:\Users\dahls\AppData\Local\nvim\plugin\nvim-scrollview.lua
094.628  000.067  000.067: sourcing C:\Users\dahls\AppData\Local\nvim\plugin\nvim-treesitter.lua
094.790  000.058  000.058: sourcing C:\Users\dahls\AppData\Local\nvim\plugin\oil-nvim.lua
094.956  000.062  000.062: sourcing C:\Users\dahls\AppData\Local\nvim\plugin\render-markdown-nvim.lua
095.133  000.068  000.068: sourcing C:\Users\dahls\AppData\Local\nvim\plugin\treesitter-textobjects.lua
096.192  000.060  000.060: sourcing C:\Users\dahls\AppData\Local\nvim-data\site\pack\core\opt\which-key.nvim\plugin\which-key.lua
096.344  001.090  001.030: sourcing C:\Users\dahls\AppData\Local\nvim\plugin\which-key.lua
096.809  000.173  000.173: sourcing C:\Users\dahls\AppData\Local\nvim-data\site\pack\core\opt\nvim-lspconfig\plugin\lspconfig.lua
098.171  000.140  000.140: sourcing C:\Program Files\Neovim\share\nvim\runtime\plugin\gzip.vim
099.496  000.176  000.176: sourcing C:\Program Files\Neovim\share\nvim\runtime\pack\dist\opt\matchit\plugin\matchit.vim
099.585  001.304  001.128: sourcing C:\Program Files\Neovim\share\nvim\runtime\plugin\matchit.vim
099.823  000.131  000.131: sourcing C:\Program Files\Neovim\share\nvim\runtime\plugin\matchparen.vim
099.970  000.027  000.027: sourcing C:\Program Files\Neovim\share\nvim\runtime\plugin\netrwPlugin.vim
100.523  000.449  000.449: sourcing C:\Program Files\Neovim\share\nvim\runtime\plugin\rplugin.vim
100.713  000.086  000.086: sourcing C:\Program Files\Neovim\share\nvim\runtime\plugin\tarPlugin.vim
100.862  000.038  000.038: sourcing C:\Program Files\Neovim\share\nvim\runtime\plugin\tutor.vim
101.090  000.120  000.120: sourcing C:\Program Files\Neovim\share\nvim\runtime\plugin\zipPlugin.vim
101.274  000.069  000.069: sourcing C:\Program Files\Neovim\share\nvim\runtime\plugin\editorconfig.lua
101.463  000.081  000.081: sourcing C:\Program Files\Neovim\share\nvim\runtime\plugin\man.lua
101.694  000.122  000.122: sourcing C:\Program Files\Neovim\share\nvim\runtime\plugin\net.lua
101.906  000.096  000.096: sourcing C:\Program Files\Neovim\share\nvim\runtime\plugin\osc52.lua
102.204  000.125  000.125: sourcing C:\Program Files\Neovim\share\nvim\runtime\plugin\shada.lua
102.395  000.064  000.064: sourcing C:\Program Files\Neovim\share\nvim\runtime\plugin\spellfile.lua
102.442  006.483: loading rtp plugins
102.688  000.246: loading packages
102.713  000.025: loading after plugins
102.728  000.015: inits 3
105.864  003.135: reading ShaDa
105.941  000.077: opening buffers
105.967  000.026: BufEnter autocommands
105.969  000.003: editing files in windows
108.992  003.022: VimEnter autocommands
109.044  000.053: UIEnter autocommands
109.697  000.652: before starting main loop
110.325  000.629: first screen update
110.328  000.003: --- NVIM STARTED ---

--- Startup times for process: Embedded ---

times in msec
 clock   self+sourced   self:  sourced script
 clock   elapsed:              other lines

000.003  000.003: --- NVIM STARTING ---
000.035  000.032: event init
000.096  000.061: early init
011.102  011.006: locale set
011.129  000.027: init first window
011.511  000.381: inits 1
011.524  000.013: window checked
011.527  000.003: parsing arguments
012.243  000.366  000.366: require('vim._core.shared')
012.790  000.003  000.003: require('string.buffer')
012.816  000.181  000.178: require('vim.inspect')
012.995  000.171  000.171: require('vim._core.options')
012.998  000.750  000.397: require('vim._core.editor')
013.106  000.105  000.105: require('vim._core.system')
013.108  001.300  000.079: require('vim._init_packages')
013.112  000.284: init lua interpreter
031.222  018.110: expanding arguments
031.247  000.025: inits 2
031.592  000.345: init highlight
031.594  000.002: waiting for UI
060.506  028.912: done waiting for UI
060.525  000.019: clear screen
061.241  000.040  000.040: require('vim.keymap')
061.928  000.180  000.180: sourcing nvim_exec2()
061.970  000.023  000.023: require('vim._core.log')
063.699  000.901  000.901: require('vim.tty')
063.781  000.066  000.066: require('vim.text')
067.288  006.756  005.546: require('vim._core.defaults')
067.293  000.011: init default mappings & autocommands
067.514  000.065  000.065: sourcing C:\Program Files\Neovim\share\nvim\runtime\ftplugin.vim
067.741  000.052  000.052: sourcing C:\Program Files\Neovim\share\nvim\runtime\indent.vim
069.519  000.015  000.015: require('vim.F')
069.552  001.119  001.104: require('vim.diagnostic')
069.562  001.595  000.476: require('general-options')
069.891  000.327  000.327: require('general-keymaps')
070.103  000.207  000.207: require('autocommands')
070.999  000.164  000.164: require('vim._async')
071.011  000.801  000.637: require('vim.pack')
071.306  000.249  000.249: require('vim.fs')
071.826  000.288  000.288: require('vim.version')
072.560  000.095  000.095: require('utils.highlights')
073.166  000.290  000.290: require('catppuccin')
073.435  000.136  000.136: require('catppuccin.lib.hashing')
074.562  001.739  001.313: sourcing C:\Users\dahls\AppData\Local\nvim-data\site\pack\core\opt\catppuccin-nvim\colors\catppuccin-mocha.lua
074.581  002.014  000.274: sourcing nvim_exec2() called at C:\Users\dahls\AppData\Local\nvim\init.lua:0
074.635  004.527  001.081: require('themes')
074.844  000.207  000.207: require('selection_expand_shrink')
075.004  000.155  000.155: require('note_buffers')
075.202  000.084  000.084: require('plugin-loader')
076.266  000.134  000.134: require('mason-core.path')
076.772  000.122  000.122: require('mason-core.functional.data')
076.940  000.162  000.162: require('mason-core.functional.function')
077.148  000.201  000.201: require('mason-core.functional.list')
077.288  000.132  000.132: require('mason-core.functional.relation')
077.426  000.133  000.133: require('mason-core.functional.logic')
077.552  000.121  000.121: require('mason-core.functional.number')
077.714  000.156  000.156: require('mason-core.functional.string')
077.862  000.142  000.142: require('mason-core.functional.table')
077.991  000.124  000.124: require('mason-core.functional.type')
077.997  001.525  000.233: require('mason-core.functional')
078.052  001.781  000.256: require('mason-core.platform')
078.229  000.174  000.174: require('mason.settings')
078.234  002.255  000.166: require('mason-core.installer.InstallLocation')
078.790  000.210  000.210: require('mason-core.log')
078.795  000.351  000.141: require('mason-core.EventEmitter')
079.028  000.230  000.230: require('mason-registry.sources')
079.101  000.864  000.283: require('mason-registry')
079.104  003.299  000.180: require('mason')
079.448  000.276  000.276: require('mason.api.command')
080.202  000.089  000.089: require('lsp/configs/clangd')
080.299  000.090  000.090: require('lsp/configs/lua_ls')
081.910  000.680  000.680: require('vim.lsp.protocol')
081.977  001.009  000.329: require('vim.lsp.log')
083.068  000.040  000.040: require('vim._core.util')
083.085  001.103  001.063: require('vim.lsp.util')
083.765  000.309  000.309: require('vim.lsp.sync')
083.772  000.683  000.375: require('vim.lsp._changetracking')
084.470  000.267  000.267: require('vim.lsp._transport')
084.508  000.033  000.033: require('vim._core.stringbuffer')
084.554  000.779  000.479: require('vim.lsp.rpc')
084.593  004.289  000.714: require('vim.lsp')
084.716  000.103  000.103: require('lsp/configs/marksman')
084.816  000.092  000.092: require('lsp/configs/powershell_es')
084.915  000.089  000.089: require('lsp/configs/stylua')
086.292  011.284  002.874: require('lsp.lsp_setup')
086.433  000.136  000.136: require('snacks-nvim')
086.438  018.530  000.093: sourcing C:\Users\dahls\AppData\Local\nvim\init.lua
086.478  000.537: sourcing vimrc file(s)
086.913  000.117  000.117: sourcing nvim_exec2() called at C:\Program Files\Neovim\share\nvim\runtime\filetype.lua:0
086.919  000.214  000.097: sourcing C:\Program Files\Neovim\share\nvim\runtime\filetype.lua
087.564  000.074  000.074: sourcing C:\Program Files\Neovim\share\nvim\runtime\syntax\synload.vim
087.653  000.393  000.318: sourcing C:\Program Files\Neovim\share/nvim/runtime/syntax/syntax.vim
090.450  000.680  000.680: require('alpha')
090.614  000.158  000.158: require('screen')
090.651  001.582  000.744: sourcing C:\Users\dahls\AppData\Local\nvim\plugin\alpha-nvim.lua
090.829  000.063  000.063: sourcing C:\Users\dahls\AppData\Local\nvim\plugin\autopairs.lua
091.022  000.087  000.087: sourcing C:\Users\dahls\AppData\Local\nvim\plugin\blink_completion.lua
091.188  000.062  000.062: sourcing C:\Users\dahls\AppData\Local\nvim\plugin\diffview.lua
091.347  000.054  000.054: sourcing C:\Users\dahls\AppData\Local\nvim\plugin\gitsigns.lua
091.512  000.062  000.062: sourcing C:\Users\dahls\AppData\Local\nvim\plugin\lualine.lua
091.673  000.054  000.054: sourcing C:\Users\dahls\AppData\Local\nvim\plugin\matchparen.lua
091.831  000.056  000.056: sourcing C:\Users\dahls\AppData\Local\nvim\plugin\mini.nvim.lua
091.998  000.064  000.064: sourcing C:\Users\dahls\AppData\Local\nvim\plugin\nvim-scrollview.lua
092.166  000.064  000.064: sourcing C:\Users\dahls\AppData\Local\nvim\plugin\nvim-treesitter.lua
092.327  000.055  000.055: sourcing C:\Users\dahls\AppData\Local\nvim\plugin\oil-nvim.lua
092.494  000.061  000.061: sourcing C:\Users\dahls\AppData\Local\nvim\plugin\render-markdown-nvim.lua
092.666  000.067  000.067: sourcing C:\Users\dahls\AppData\Local\nvim\plugin\treesitter-textobjects.lua
093.646  000.057  000.057: sourcing C:\Users\dahls\AppData\Local\nvim-data\site\pack\core\opt\which-key.nvim\plugin\which-key.lua
093.797  001.026  000.969: sourcing C:\Users\dahls\AppData\Local\nvim\plugin\which-key.lua
094.272  000.169  000.169: sourcing C:\Users\dahls\AppData\Local\nvim-data\site\pack\core\opt\nvim-lspconfig\plugin\lspconfig.lua
095.643  000.135  000.135: sourcing C:\Program Files\Neovim\share\nvim\runtime\plugin\gzip.vim
096.970  000.170  000.170: sourcing C:\Program Files\Neovim\share\nvim\runtime\pack\dist\opt\matchit\plugin\matchit.vim
097.065  001.311  001.141: sourcing C:\Program Files\Neovim\share\nvim\runtime\plugin\matchit.vim
097.300  000.124  000.124: sourcing C:\Program Files\Neovim\share\nvim\runtime\plugin\matchparen.vim
097.439  000.026  000.026: sourcing C:\Program Files\Neovim\share\nvim\runtime\plugin\netrwPlugin.vim
098.002  000.458  000.458: sourcing C:\Program Files\Neovim\share\nvim\runtime\plugin\rplugin.vim
098.192  000.083  000.083: sourcing C:\Program Files\Neovim\share\nvim\runtime\plugin\tarPlugin.vim
098.341  000.036  000.036: sourcing C:\Program Files\Neovim\share\nvim\runtime\plugin\tutor.vim
098.567  000.118  000.118: sourcing C:\Program Files\Neovim\share\nvim\runtime\plugin\zipPlugin.vim
098.754  000.068  000.068: sourcing C:\Program Files\Neovim\share\nvim\runtime\plugin\editorconfig.lua
098.942  000.079  000.079: sourcing C:\Program Files\Neovim\share\nvim\runtime\plugin\man.lua
099.171  000.117  000.117: sourcing C:\Program Files\Neovim\share\nvim\runtime\plugin\net.lua
099.377  000.094  000.094: sourcing C:\Program Files\Neovim\share\nvim\runtime\plugin\osc52.lua
099.642  000.117  000.117: sourcing C:\Program Files\Neovim\share\nvim\runtime\plugin\shada.lua
099.832  000.063  000.063: sourcing C:\Program Files\Neovim\share\nvim\runtime\plugin\spellfile.lua
099.881  006.439: loading rtp plugins
100.137  000.256: loading packages
100.163  000.026: loading after plugins
100.178  000.015: inits 3
103.174  002.997: reading ShaDa
103.290  000.116: opening buffers
103.317  000.028: BufEnter autocommands
103.320  000.003: editing files in windows
106.346  003.026: VimEnter autocommands
106.399  000.053: UIEnter autocommands
106.987  000.588: before starting main loop
107.483  000.496: first screen update
107.486  000.003: --- NVIM STARTED ---

--- Startup times for process: Embedded ---

times in msec
 clock   self+sourced   self:  sourced script
 clock   elapsed:              other lines

000.003  000.003: --- NVIM STARTING ---
000.040  000.037: event init
000.101  000.060: early init
010.820  010.719: locale set
010.847  000.028: init first window
011.238  000.390: inits 1
011.251  000.013: window checked
011.255  000.004: parsing arguments
011.967  000.357  000.357: require('vim._core.shared')
012.489  000.003  000.003: require('string.buffer')
012.508  000.155  000.151: require('vim.inspect')
012.727  000.211  000.211: require('vim._core.options')
012.730  000.758  000.392: require('vim._core.editor')
012.838  000.106  000.106: require('vim._core.system')
012.840  001.291  000.069: require('vim._init_packages')
012.844  000.298: init lua interpreter
030.586  017.741: expanding arguments
030.601  000.016: inits 2
030.843  000.242: init highlight
030.845  000.002: waiting for UI
063.650  032.804: done waiting for UI
063.667  000.018: clear screen
064.189  000.029  000.029: require('vim.keymap')
064.677  000.112  000.112: sourcing nvim_exec2()
064.713  000.018  000.018: require('vim._core.log')
066.716  001.137  001.137: require('vim.tty')
066.819  000.086  000.086: require('vim.text')
071.152  007.480  006.098: require('vim._core.defaults')
071.157  000.011: init default mappings & autocommands
071.372  000.063  000.063: sourcing C:\Program Files\Neovim\share\nvim\runtime\ftplugin.vim
071.593  000.048  000.048: sourcing C:\Program Files\Neovim\share\nvim\runtime\indent.vim
073.384  000.015  000.015: require('vim.F')
073.417  001.186  001.171: require('vim.diagnostic')
073.427  001.607  000.421: require('general-options')
073.689  000.260  000.260: require('general-keymaps')
073.890  000.196  000.196: require('autocommands')
074.774  000.164  000.164: require('vim._async')
074.787  000.794  000.630: require('vim.pack')
075.019  000.224  000.224: require('vim.fs')
075.501  000.279  000.279: require('vim.version')
076.209  000.095  000.095: require('utils.highlights')
076.820  000.288  000.288: require('catppuccin')
077.080  000.141  000.141: require('catppuccin.lib.hashing')
078.229  001.754  001.325: sourcing C:\Users\dahls\AppData\Local\nvim-data\site\pack\core\opt\catppuccin-nvim\colors\catppuccin-mocha.lua
078.248  002.032  000.278: sourcing nvim_exec2() called at C:\Users\dahls\AppData\Local\nvim\init.lua:0
078.300  004.406  000.982: require('themes')
078.481  000.178  000.178: require('selection_expand_shrink')
078.636  000.150  000.150: require('note_buffers')
078.844  000.088  000.088: require('plugin-loader')
079.907  000.133  000.133: require('mason-core.path')
080.421  000.124  000.124: require('mason-core.functional.data')
080.592  000.165  000.165: require('mason-core.functional.function')
080.819  000.220  000.220: require('mason-core.functional.list')
080.963  000.136  000.136: require('mason-core.functional.relation')
081.145  000.157  000.157: require('mason-core.functional.logic')
081.275  000.124  000.124: require('mason-core.functional.number')
081.435  000.153  000.153: require('mason-core.functional.string')
081.588  000.147  000.147: require('mason-core.functional.table')
081.718  000.124  000.124: require('mason-core.functional.type')
081.724  001.609  000.258: require('mason-core.functional')
081.766  001.854  000.245: require('mason-core.platform')
081.947  000.178  000.178: require('mason.settings')
081.953  002.344  000.179: require('mason-core.installer.InstallLocation')
082.522  000.217  000.217: require('mason-core.log')
082.528  000.359  000.142: require('mason-core.EventEmitter')
082.763  000.232  000.232: require('mason-registry.sources')
082.932  000.977  000.386: require('mason-registry')
082.936  003.486  000.166: require('mason')
083.271  000.280  000.280: require('mason.api.command')
084.060  000.088  000.088: require('lsp/configs/clangd')
084.156  000.089  000.089: require('lsp/configs/lua_ls')
085.869  000.769  000.769: require('vim.lsp.protocol')
085.936  001.103  000.335: require('vim.lsp.log')
087.063  000.040  000.040: require('vim._core.util')
087.083  001.141  001.101: require('vim.lsp.util')
087.755  000.305  000.305: require('vim.lsp.sync')
087.763  000.676  000.372: require('vim.lsp._changetracking')
088.457  000.270  000.270: require('vim.lsp._transport')
088.500  000.039  000.039: require('vim._core.stringbuffer')
088.542  000.776  000.468: require('vim.lsp.rpc')
088.566  004.406  000.708: require('vim.lsp')
088.692  000.105  000.105: require('lsp/configs/marksman')
088.791  000.092  000.092: require('lsp/configs/powershell_es')
088.918  000.097  000.097: require('lsp/configs/stylua')
090.392  011.751  003.019: require('lsp.lsp_setup')
090.538  000.141  000.141: require('snacks-nvim')
090.543  018.782  000.092: sourcing C:\Users\dahls\AppData\Local\nvim\init.lua
090.571  000.521: sourcing vimrc file(s)
091.023  000.127  000.127: sourcing nvim_exec2() called at C:\Program Files\Neovim\share\nvim\runtime\filetype.lua:0
091.029  000.227  000.101: sourcing C:\Program Files\Neovim\share\nvim\runtime\filetype.lua
091.685  000.074  000.074: sourcing C:\Program Files\Neovim\share\nvim\runtime\syntax\synload.vim
091.776  000.399  000.325: sourcing C:\Program Files\Neovim\share/nvim/runtime/syntax/syntax.vim
094.890  000.720  000.720: require('alpha')
095.018  000.122  000.122: require('screen')
095.043  001.786  000.944: sourcing C:\Users\dahls\AppData\Local\nvim\plugin\alpha-nvim.lua
095.211  000.055  000.055: sourcing C:\Users\dahls\AppData\Local\nvim\plugin\autopairs.lua
095.390  000.077  000.077: sourcing C:\Users\dahls\AppData\Local\nvim\plugin\blink_completion.lua
095.560  000.065  000.065: sourcing C:\Users\dahls\AppData\Local\nvim\plugin\diffview.lua
095.718  000.057  000.057: sourcing C:\Users\dahls\AppData\Local\nvim\plugin\gitsigns.lua
095.883  000.063  000.063: sourcing C:\Users\dahls\AppData\Local\nvim\plugin\lualine.lua
096.036  000.050  000.050: sourcing C:\Users\dahls\AppData\Local\nvim\plugin\matchparen.lua
096.194  000.055  000.055: sourcing C:\Users\dahls\AppData\Local\nvim\plugin\mini.nvim.lua
096.353  000.054  000.054: sourcing C:\Users\dahls\AppData\Local\nvim\plugin\nvim-scrollview.lua
096.521  000.065  000.065: sourcing C:\Users\dahls\AppData\Local\nvim\plugin\nvim-treesitter.lua
096.682  000.057  000.057: sourcing C:\Users\dahls\AppData\Local\nvim\plugin\oil-nvim.lua
096.848  000.062  000.062: sourcing C:\Users\dahls\AppData\Local\nvim\plugin\render-markdown-nvim.lua
097.028  000.068  000.068: sourcing C:\Users\dahls\AppData\Local\nvim\plugin\treesitter-textobjects.lua
098.105  000.058  000.058: sourcing C:\Users\dahls\AppData\Local\nvim-data\site\pack\core\opt\which-key.nvim\plugin\which-key.lua
098.257  001.125  001.067: sourcing C:\Users\dahls\AppData\Local\nvim\plugin\which-key.lua
098.743  000.173  000.173: sourcing C:\Users\dahls\AppData\Local\nvim-data\site\pack\core\opt\nvim-lspconfig\plugin\lspconfig.lua
100.114  000.136  000.136: sourcing C:\Program Files\Neovim\share\nvim\runtime\plugin\gzip.vim
101.475  000.193  000.193: sourcing C:\Program Files\Neovim\share\nvim\runtime\pack\dist\opt\matchit\plugin\matchit.vim
101.592  001.368  001.175: sourcing C:\Program Files\Neovim\share\nvim\runtime\plugin\matchit.vim
101.835  000.125  000.125: sourcing C:\Program Files\Neovim\share\nvim\runtime\plugin\matchparen.vim
101.975  000.024  000.024: sourcing C:\Program Files\Neovim\share\nvim\runtime\plugin\netrwPlugin.vim
102.526  000.447  000.447: sourcing C:\Program Files\Neovim\share\nvim\runtime\plugin\rplugin.vim
102.716  000.085  000.085: sourcing C:\Program Files\Neovim\share\nvim\runtime\plugin\tarPlugin.vim
102.867  000.036  000.036: sourcing C:\Program Files\Neovim\share\nvim\runtime\plugin\tutor.vim
103.096  000.113  000.113: sourcing C:\Program Files\Neovim\share\nvim\runtime\plugin\zipPlugin.vim
103.278  000.066  000.066: sourcing C:\Program Files\Neovim\share\nvim\runtime\plugin\editorconfig.lua
103.472  000.085  000.085: sourcing C:\Program Files\Neovim\share\nvim\runtime\plugin\man.lua
103.705  000.121  000.121: sourcing C:\Program Files\Neovim\share\nvim\runtime\plugin\net.lua
103.918  000.099  000.099: sourcing C:\Program Files\Neovim\share\nvim\runtime\plugin\osc52.lua
104.202  000.122  000.122: sourcing C:\Program Files\Neovim\share\nvim\runtime\plugin\shada.lua
104.392  000.063  000.063: sourcing C:\Program Files\Neovim\share\nvim\runtime\plugin\spellfile.lua
104.439  006.540: loading rtp plugins
104.690  000.251: loading packages
104.717  000.027: loading after plugins
104.731  000.014: inits 3
107.762  003.031: reading ShaDa
107.843  000.081: opening buffers
107.870  000.027: BufEnter autocommands
107.872  000.002: editing files in windows
110.878  003.006: VimEnter autocommands
110.932  000.054: UIEnter autocommands
111.544  000.612: before starting main loop
112.036  000.492: first screen update
112.039  000.003: --- NVIM STARTED ---

--- Startup times for process: Embedded ---

times in msec
 clock   self+sourced   self:  sourced script
 clock   elapsed:              other lines

000.003  000.003: --- NVIM STARTING ---
000.034  000.031: event init
000.094  000.060: early init
011.143  011.050: locale set
011.171  000.028: init first window
011.565  000.394: inits 1
011.578  000.013: window checked
011.582  000.004: parsing arguments
012.283  000.355  000.355: require('vim._core.shared')
012.838  000.004  000.004: require('string.buffer')
012.867  000.198  000.195: require('vim.inspect')
013.045  000.170  000.170: require('vim._core.options')
013.047  000.760  000.392: require('vim._core.editor')
013.157  000.107  000.107: require('vim._core.system')
013.159  001.301  000.079: require('vim._init_packages')
013.163  000.280: init lua interpreter
033.731  020.569: expanding arguments
033.749  000.017: inits 2
033.994  000.245: init highlight
033.995  000.002: waiting for UI
055.245  021.250: done waiting for UI
055.261  000.015: clear screen
055.781  000.030  000.030: require('vim.keymap')
056.255  000.111  000.111: sourcing nvim_exec2()
056.292  000.019  000.019: require('vim._core.log')
058.092  000.953  000.953: require('vim.tty')
058.177  000.069  000.069: require('vim.text')
061.813  006.546  005.364: require('vim._core.defaults')
061.818  000.011: init default mappings & autocommands
062.031  000.064  000.064: sourcing C:\Program Files\Neovim\share\nvim\runtime\ftplugin.vim
062.257  000.051  000.051: sourcing C:\Program Files\Neovim\share\nvim\runtime\indent.vim
064.030  000.015  000.015: require('vim.F')
064.062  001.117  001.102: require('vim.diagnostic')
064.072  001.591  000.473: require('general-options')
064.377  000.302  000.302: require('general-keymaps')
064.610  000.229  000.229: require('autocommands')
065.591  000.189  000.189: require('vim._async')
065.604  000.875  000.686: require('vim.pack')
065.865  000.254  000.254: require('vim.fs')
066.765  000.367  000.367: require('vim.version')
067.547  000.095  000.095: require('utils.highlights')
068.167  000.290  000.290: require('catppuccin')
068.422  000.138  000.138: require('catppuccin.lib.hashing')
069.554  001.732  001.304: sourcing C:\Users\dahls\AppData\Local\nvim-data\site\pack\core\opt\catppuccin-nvim\colors\catppuccin-mocha.lua
069.574  002.019  000.288: sourcing nvim_exec2() called at C:\Users\dahls\AppData\Local\nvim\init.lua:0
069.628  005.013  001.402: require('themes')
069.811  000.180  000.180: require('selection_expand_shrink')
069.971  000.155  000.155: require('note_buffers')
070.175  000.086  000.086: require('plugin-loader')
071.222  000.133  000.133: require('mason-core.path')
072.053  000.135  000.135: require('mason-core.functional.data')
072.278  000.219  000.219: require('mason-core.functional.function')
072.495  000.209  000.209: require('mason-core.functional.list')
072.632  000.130  000.130: require('mason-core.functional.relation')
072.775  000.138  000.138: require('mason-core.functional.logic')
072.907  000.126  000.126: require('mason-core.functional.number')
073.061  000.148  000.148: require('mason-core.functional.string')
073.223  000.149  000.149: require('mason-core.functional.table')
073.357  000.128  000.128: require('mason-core.functional.type')
073.376  001.946  000.566: require('mason-core.functional')
073.421  002.194  000.248: require('mason-core.platform')
073.596  000.172  000.172: require('mason.settings')
073.601  002.664  000.166: require('mason-core.installer.InstallLocation')
074.298  000.342  000.342: require('mason-core.log')
074.304  000.482  000.140: require('mason-core.EventEmitter')
074.558  000.251  000.251: require('mason-registry.sources')
074.740  001.137  000.404: require('mason-registry')
074.744  003.970  000.169: require('mason')
075.056  000.276  000.276: require('mason.api.command')
075.815  000.087  000.087: require('lsp/configs/clangd')
075.912  000.091  000.091: require('lsp/configs/lua_ls')
077.890  001.019  001.019: require('vim.lsp.protocol')
077.949  001.342  000.323: require('vim.lsp.log')
079.082  000.040  000.040: require('vim._core.util')
079.101  001.147  001.107: require('vim.lsp.util')
079.792  000.315  000.315: require('vim.lsp.sync')
079.800  000.696  000.380: require('vim.lsp._changetracking')
080.492  000.271  000.271: require('vim.lsp._transport')
080.533  000.036  000.036: require('vim._core.stringbuffer')
080.567  000.764  000.457: require('vim.lsp.rpc')
080.618  004.700  000.751: require('vim.lsp')
080.730  000.103  000.103: require('lsp/configs/marksman')
080.841  000.105  000.105: require('lsp/configs/powershell_es')
080.957  000.105  000.105: require('lsp/configs/stylua')
082.264  012.290  002.767: require('lsp.lsp_setup')
082.426  000.156  000.156: require('snacks-nvim')
082.431  020.009  000.093: sourcing C:\Users\dahls\AppData\Local\nvim\init.lua
082.459  000.517: sourcing vimrc file(s)
083.278  000.165  000.165: sourcing nvim_exec2() called at C:\Program Files\Neovim\share\nvim\runtime\filetype.lua:0
083.285  000.289  000.124: sourcing C:\Program Files\Neovim\share\nvim\runtime\filetype.lua
083.940  000.071  000.071: sourcing C:\Program Files\Neovim\share\nvim\runtime\syntax\synload.vim
084.047  000.415  000.344: sourcing C:\Program Files\Neovim\share/nvim/runtime/syntax/syntax.vim
086.924  000.687  000.687: require('alpha')
087.045  000.116  000.116: require('screen')
087.070  001.598  000.795: sourcing C:\Users\dahls\AppData\Local\nvim\plugin\alpha-nvim.lua
087.236  000.056  000.056: sourcing C:\Users\dahls\AppData\Local\nvim\plugin\autopairs.lua
087.409  000.072  000.072: sourcing C:\Users\dahls\AppData\Local\nvim\plugin\blink_completion.lua
087.569  000.060  000.060: sourcing C:\Users\dahls\AppData\Local\nvim\plugin\diffview.lua
087.723  000.055  000.055: sourcing C:\Users\dahls\AppData\Local\nvim\plugin\gitsigns.lua
087.883  000.061  000.061: sourcing C:\Users\dahls\AppData\Local\nvim\plugin\lualine.lua
088.035  000.051  000.051: sourcing C:\Users\dahls\AppData\Local\nvim\plugin\matchparen.lua
088.187  000.054  000.054: sourcing C:\Users\dahls\AppData\Local\nvim\plugin\mini.nvim.lua
088.636  000.061  000.061: sourcing C:\Users\dahls\AppData\Local\nvim\plugin\nvim-scrollview.lua
088.866  000.070  000.070: sourcing C:\Users\dahls\AppData\Local\nvim\plugin\nvim-treesitter.lua
089.047  000.061  000.061: sourcing C:\Users\dahls\AppData\Local\nvim\plugin\oil-nvim.lua
089.207  000.058  000.058: sourcing C:\Users\dahls\AppData\Local\nvim\plugin\render-markdown-nvim.lua
089.376  000.065  000.065: sourcing C:\Users\dahls\AppData\Local\nvim\plugin\treesitter-textobjects.lua
090.422  000.056  000.056: sourcing C:\Users\dahls\AppData\Local\nvim-data\site\pack\core\opt\which-key.nvim\plugin\which-key.lua
090.580  001.097  001.041: sourcing C:\Users\dahls\AppData\Local\nvim\plugin\which-key.lua
091.043  000.168  000.168: sourcing C:\Users\dahls\AppData\Local\nvim-data\site\pack\core\opt\nvim-lspconfig\plugin\lspconfig.lua
092.418  000.138  000.138: sourcing C:\Program Files\Neovim\share\nvim\runtime\plugin\gzip.vim
094.071  000.467  000.467: sourcing C:\Program Files\Neovim\share\nvim\runtime\pack\dist\opt\matchit\plugin\matchit.vim
094.184  001.642  001.175: sourcing C:\Program Files\Neovim\share\nvim\runtime\plugin\matchit.vim
094.472  000.129  000.129: sourcing C:\Program Files\Neovim\share\nvim\runtime\plugin\matchparen.vim
094.614  000.023  000.023: sourcing C:\Program Files\Neovim\share\nvim\runtime\plugin\netrwPlugin.vim
095.184  000.468  000.468: sourcing C:\Program Files\Neovim\share\nvim\runtime\plugin\rplugin.vim
095.373  000.084  000.084: sourcing C:\Program Files\Neovim\share\nvim\runtime\plugin\tarPlugin.vim
095.520  000.035  000.035: sourcing C:\Program Files\Neovim\share\nvim\runtime\plugin\tutor.vim
095.738  000.113  000.113: sourcing C:\Program Files\Neovim\share\nvim\runtime\plugin\zipPlugin.vim
095.918  000.067  000.067: sourcing C:\Program Files\Neovim\share\nvim\runtime\plugin\editorconfig.lua
096.123  000.097  000.097: sourcing C:\Program Files\Neovim\share\nvim\runtime\plugin\man.lua
096.385  000.126  000.126: sourcing C:\Program Files\Neovim\share\nvim\runtime\plugin\net.lua
096.591  000.095  000.095: sourcing C:\Program Files\Neovim\share\nvim\runtime\plugin\osc52.lua
096.870  000.119  000.119: sourcing C:\Program Files\Neovim\share\nvim\runtime\plugin\shada.lua
097.061  000.064  000.064: sourcing C:\Program Files\Neovim\share\nvim\runtime\plugin\spellfile.lua
097.111  007.161: loading rtp plugins
097.356  000.244: loading packages
097.382  000.027: loading after plugins
097.398  000.016: inits 3
100.832  003.434: reading ShaDa
100.912  000.080: opening buffers
100.939  000.027: BufEnter autocommands
100.942  000.003: editing files in windows
104.127  003.186: VimEnter autocommands
104.185  000.058: UIEnter autocommands
104.794  000.609: before starting main loop
105.294  000.500: first screen update
105.297  000.003: --- NVIM STARTED ---

--- Startup times for process: Embedded ---

times in msec
 clock   self+sourced   self:  sourced script
 clock   elapsed:              other lines

000.008  000.008: --- NVIM STARTING ---
000.038  000.030: event init
000.100  000.062: early init
011.056  010.956: locale set
011.082  000.027: init first window
011.473  000.390: inits 1
011.486  000.014: window checked
011.490  000.004: parsing arguments
012.266  000.382  000.382: require('vim._core.shared')
012.815  000.004  000.004: require('string.buffer')
012.844  000.180  000.176: require('vim.inspect')
013.025  000.174  000.174: require('vim._core.options')
013.028  000.757  000.403: require('vim._core.editor')
013.136  000.105  000.105: require('vim._core.system')
013.138  001.335  000.092: require('vim._init_packages')
013.142  000.316: init lua interpreter
031.752  018.610: expanding arguments
031.770  000.018: inits 2
032.015  000.246: init highlight
032.017  000.002: waiting for UI
063.064  031.047: done waiting for UI
063.083  000.018: clear screen
063.620  000.030  000.030: require('vim.keymap')
064.100  000.112  000.112: sourcing nvim_exec2()
064.134  000.018  000.018: require('vim._core.log')
066.110  001.200  001.200: require('vim.tty')
066.188  000.063  000.063: require('vim.text')
069.968  006.876  005.453: require('vim._core.defaults')
069.973  000.014: init default mappings & autocommands
070.193  000.067  000.067: sourcing C:\Program Files\Neovim\share\nvim\runtime\ftplugin.vim
070.420  000.049  000.049: sourcing C:\Program Files\Neovim\share\nvim\runtime\indent.vim
072.137  000.015  000.015: require('vim.F')
072.170  001.115  001.099: require('vim.diagnostic')
072.179  001.528  000.413: require('general-options')
072.546  000.364  000.364: require('general-keymaps')
072.768  000.218  000.218: require('autocommands')
073.674  000.163  000.163: require('vim._async')
073.686  000.807  000.644: require('vim.pack')
073.941  000.246  000.246: require('vim.fs')
074.443  000.291  000.291: require('vim.version')
075.211  000.091  000.091: require('utils.highlights')
075.820  000.300  000.300: require('catppuccin')
076.118  000.139  000.139: require('catppuccin.lib.hashing')
077.253  001.783  001.344: sourcing C:\Users\dahls\AppData\Local\nvim-data\site\pack\core\opt\catppuccin-nvim\colors\catppuccin-mocha.lua
077.272  002.054  000.271: sourcing nvim_exec2() called at C:\Users\dahls\AppData\Local\nvim\init.lua:0
077.326  004.553  001.063: require('themes')
077.502  000.173  000.173: require('selection_expand_shrink')
077.651  000.145  000.145: require('note_buffers')
077.852  000.084  000.084: require('plugin-loader')
078.912  000.139  000.139: require('mason-core.path')
079.425  000.120  000.120: require('mason-core.functional.data')
079.591  000.160  000.160: require('mason-core.functional.function')
079.824  000.226  000.226: require('mason-core.functional.list')
079.989  000.137  000.137: require('mason-core.functional.relation')
080.127  000.133  000.133: require('mason-core.functional.logic')
080.256  000.122  000.122: require('mason-core.functional.number')
080.409  000.147  000.147: require('mason-core.functional.string')
080.563  000.147  000.147: require('mason-core.functional.table')
080.696  000.127  000.127: require('mason-core.functional.type')
080.702  001.578  000.259: require('mason-core.functional')
080.746  001.828  000.250: require('mason-core.platform')
080.914  000.165  000.165: require('mason.settings')
080.919  002.305  000.173: require('mason-core.installer.InstallLocation')
081.534  000.265  000.265: require('mason-core.log')
081.539  000.411  000.146: require('mason-core.EventEmitter')
081.783  000.241  000.241: require('mason-registry.sources')
081.839  000.918  000.266: require('mason-registry')
081.842  003.389  000.167: require('mason')
082.162  000.275  000.275: require('mason.api.command')
082.897  000.091  000.091: require('lsp/configs/clangd')
083.009  000.105  000.105: require('lsp/configs/lua_ls')
084.714  000.762  000.762: require('vim.lsp.protocol')
084.770  001.079  000.317: require('vim.lsp.log')
085.867  000.043  000.043: require('vim._core.util')
085.885  001.111  001.068: require('vim.lsp.util')
086.566  000.317  000.317: require('vim.lsp.sync')
086.573  000.685  000.368: require('vim.lsp._changetracking')
087.272  000.269  000.269: require('vim.lsp._transport')
087.313  000.035  000.035: require('vim._core.stringbuffer')
087.346  000.769  000.465: require('vim.lsp.rpc')
087.399  004.385  000.741: require('vim.lsp')
087.523  000.102  000.102: require('lsp/configs/marksman')
087.623  000.094  000.094: require('lsp/configs/powershell_es')
087.722  000.088  000.088: require('lsp/configs/stylua')
089.062  011.407  002.794: require('lsp.lsp_setup')
089.200  000.132  000.132: require('snacks-nvim')
089.204  018.611  000.091: sourcing C:\Users\dahls\AppData\Local\nvim\init.lua
089.232  000.532: sourcing vimrc file(s)
089.672  000.118  000.118: sourcing nvim_exec2() called at C:\Program Files\Neovim\share\nvim\runtime\filetype.lua:0
089.677  000.215  000.097: sourcing C:\Program Files\Neovim\share\nvim\runtime\filetype.lua
090.330  000.073  000.073: sourcing C:\Program Files\Neovim\share\nvim\runtime\syntax\synload.vim
090.421  000.401  000.329: sourcing C:\Program Files\Neovim\share/nvim/runtime/syntax/syntax.vim
093.236  000.677  000.677: require('alpha')
093.398  000.156  000.156: require('screen')
093.451  001.608  000.774: sourcing C:\Users\dahls\AppData\Local\nvim\plugin\alpha-nvim.lua
093.629  000.063  000.063: sourcing C:\Users\dahls\AppData\Local\nvim\plugin\autopairs.lua
093.817  000.086  000.086: sourcing C:\Users\dahls\AppData\Local\nvim\plugin\blink_completion.lua
093.979  000.060  000.060: sourcing C:\Users\dahls\AppData\Local\nvim\plugin\diffview.lua
094.131  000.052  000.052: sourcing C:\Users\dahls\AppData\Local\nvim\plugin\gitsigns.lua
094.308  000.062  000.062: sourcing C:\Users\dahls\AppData\Local\nvim\plugin\lualine.lua
094.459  000.051  000.051: sourcing C:\Users\dahls\AppData\Local\nvim\plugin\matchparen.lua
094.622  000.057  000.057: sourcing C:\Users\dahls\AppData\Local\nvim\plugin\mini.nvim.lua
094.786  000.057  000.057: sourcing C:\Users\dahls\AppData\Local\nvim\plugin\nvim-scrollview.lua
094.953  000.064  000.064: sourcing C:\Users\dahls\AppData\Local\nvim\plugin\nvim-treesitter.lua
095.108  000.053  000.053: sourcing C:\Users\dahls\AppData\Local\nvim\plugin\oil-nvim.lua
095.272  000.061  000.061: sourcing C:\Users\dahls\AppData\Local\nvim\plugin\render-markdown-nvim.lua
095.443  000.064  000.064: sourcing C:\Users\dahls\AppData\Local\nvim\plugin\treesitter-textobjects.lua
096.452  000.064  000.064: sourcing C:\Users\dahls\AppData\Local\nvim-data\site\pack\core\opt\which-key.nvim\plugin\which-key.lua
096.612  001.066  001.002: sourcing C:\Users\dahls\AppData\Local\nvim\plugin\which-key.lua
097.075  000.170  000.170: sourcing C:\Users\dahls\AppData\Local\nvim-data\site\pack\core\opt\nvim-lspconfig\plugin\lspconfig.lua
098.414  000.133  000.133: sourcing C:\Program Files\Neovim\share\nvim\runtime\plugin\gzip.vim
099.741  000.168  000.168: sourcing C:\Program Files\Neovim\share\nvim\runtime\pack\dist\opt\matchit\plugin\matchit.vim
099.842  001.319  001.151: sourcing C:\Program Files\Neovim\share\nvim\runtime\plugin\matchit.vim
100.071  000.121  000.121: sourcing C:\Program Files\Neovim\share\nvim\runtime\plugin\matchparen.vim
100.208  000.026  000.026: sourcing C:\Program Files\Neovim\share\nvim\runtime\plugin\netrwPlugin.vim
100.746  000.436  000.436: sourcing C:\Program Files\Neovim\share\nvim\runtime\plugin\rplugin.vim
100.933  000.084  000.084: sourcing C:\Program Files\Neovim\share\nvim\runtime\plugin\tarPlugin.vim
101.085  000.037  000.037: sourcing C:\Program Files\Neovim\share\nvim\runtime\plugin\tutor.vim
101.304  000.114  000.114: sourcing C:\Program Files\Neovim\share\nvim\runtime\plugin\zipPlugin.vim
101.485  000.066  000.066: sourcing C:\Program Files\Neovim\share\nvim\runtime\plugin\editorconfig.lua
101.671  000.079  000.079: sourcing C:\Program Files\Neovim\share\nvim\runtime\plugin\man.lua
101.903  000.122  000.122: sourcing C:\Program Files\Neovim\share\nvim\runtime\plugin\net.lua
102.112  000.095  000.095: sourcing C:\Program Files\Neovim\share\nvim\runtime\plugin\osc52.lua
102.399  000.120  000.120: sourcing C:\Program Files\Neovim\share\nvim\runtime\plugin\shada.lua
102.593  000.067  000.067: sourcing C:\Program Files\Neovim\share\nvim\runtime\plugin\spellfile.lua
102.640  006.397: loading rtp plugins
102.881  000.242: loading packages
102.906  000.025: loading after plugins
102.921  000.015: inits 3
105.946  003.025: reading ShaDa
106.027  000.081: opening buffers
106.054  000.027: BufEnter autocommands
106.056  000.002: editing files in windows
109.059  003.003: VimEnter autocommands
109.115  000.056: UIEnter autocommands
109.700  000.585: before starting main loop
110.200  000.500: first screen update
110.203  000.003: --- NVIM STARTED ---

--- Startup times for process: Embedded ---

times in msec
 clock   self+sourced   self:  sourced script
 clock   elapsed:              other lines

000.003  000.003: --- NVIM STARTING ---
000.038  000.035: event init
000.113  000.075: early init
010.840  010.727: locale set
010.868  000.028: init first window
011.252  000.384: inits 1
011.266  000.013: window checked
011.269  000.003: parsing arguments
011.990  000.359  000.359: require('vim._core.shared')
012.509  000.004  000.004: require('string.buffer')
012.527  000.154  000.151: require('vim.inspect')
012.742  000.207  000.207: require('vim._core.options')
012.745  000.751  000.389: require('vim._core.editor')
012.855  000.107  000.107: require('vim._core.system')
012.857  001.286  000.069: require('vim._init_packages')
012.861  000.306: init lua interpreter
029.964  017.103: expanding arguments
029.980  000.016: inits 2
030.220  000.240: init highlight
030.222  000.002: waiting for UI
052.800  022.578: done waiting for UI
052.815  000.015: clear screen
053.336  000.030  000.030: require('vim.keymap')
053.832  000.111  000.111: sourcing nvim_exec2()
053.868  000.020  000.020: require('vim._core.log')
055.691  001.033  001.033: require('vim.tty')
055.776  000.068  000.068: require('vim.text')
059.566  006.746  005.484: require('vim._core.defaults')
059.571  000.011: init default mappings & autocommands
059.792  000.070  000.070: sourcing C:\Program Files\Neovim\share\nvim\runtime\ftplugin.vim
060.071  000.062  000.062: sourcing C:\Program Files\Neovim\share\nvim\runtime\indent.vim
061.878  000.016  000.016: require('vim.F')
061.911  001.197  001.182: require('vim.diagnostic')
061.921  001.602  000.405: require('general-options')
062.183  000.260  000.260: require('general-keymaps')
062.390  000.202  000.202: require('autocommands')
063.291  000.169  000.169: require('vim._async')
063.303  000.806  000.637: require('vim.pack')
063.536  000.225  000.225: require('vim.fs')
064.072  000.310  000.310: require('vim.version')
064.851  000.096  000.096: require('utils.highlights')
065.482  000.312  000.312: require('catppuccin')
065.738  000.138  000.138: require('catppuccin.lib.hashing')
066.884  001.771  001.321: sourcing C:\Users\dahls\AppData\Local\nvim-data\site\pack\core\opt\catppuccin-nvim\colors\catppuccin-mocha.lua
066.903  002.044  000.273: sourcing nvim_exec2() called at C:\Users\dahls\AppData\Local\nvim\init.lua:0
066.956  004.562  001.082: require('themes')
067.135  000.177  000.177: require('selection_expand_shrink')
067.296  000.156  000.156: require('note_buffers')
067.509  000.092  000.092: require('plugin-loader')
068.556  000.138  000.138: require('mason-core.path')
069.077  000.126  000.126: require('mason-core.functional.data')
069.249  000.166  000.166: require('mason-core.functional.function')
069.465  000.208  000.208: require('mason-core.functional.list')
069.610  000.138  000.138: require('mason-core.functional.relation')
069.752  000.136  000.136: require('mason-core.functional.logic')
069.882  000.125  000.125: require('mason-core.functional.number')
070.067  000.178  000.178: require('mason-core.functional.string')
070.253  000.180  000.180: require('mason-core.functional.table')
070.424  000.147  000.147: require('mason-core.functional.type')
070.430  001.663  000.259: require('mason-core.functional')
070.473  001.912  000.249: require('mason-core.platform')
070.673  000.197  000.197: require('mason.settings')
070.679  002.419  000.172: require('mason-core.installer.InstallLocation')
071.269  000.233  000.233: require('mason-core.log')
071.274  000.377  000.144: require('mason-core.EventEmitter')
071.515  000.237  000.237: require('mason-registry.sources')
071.545  000.863  000.249: require('mason-registry')
071.548  003.451  000.169: require('mason')
071.856  000.269  000.269: require('mason.api.command')
072.621  000.092  000.092: require('lsp/configs/clangd')
072.727  000.099  000.099: require('lsp/configs/lua_ls')
074.406  000.730  000.730: require('vim.lsp.protocol')
074.472  001.063  000.333: require('vim.lsp.log')
075.588  000.039  000.039: require('vim._core.util')
075.606  001.129  001.090: require('vim.lsp.util')
076.302  000.316  000.316: require('vim.lsp.sync')
076.309  000.700  000.384: require('vim.lsp._changetracking')
077.008  000.273  000.273: require('vim.lsp._transport')
077.046  000.033  000.033: require('vim._core.stringbuffer')
077.088  000.775  000.469: require('vim.lsp.rpc')
077.129  004.398  000.731: require('vim.lsp')
077.245  000.106  000.106: require('lsp/configs/marksman')
077.347  000.097  000.097: require('lsp/configs/powershell_es')
077.453  000.093  000.093: require('lsp/configs/stylua')
078.778  011.478  002.780: require('lsp.lsp_setup')
078.919  000.136  000.136: require('snacks-nvim')
078.924  018.670  000.097: sourcing C:\Users\dahls\AppData\Local\nvim\init.lua
078.953  000.580: sourcing vimrc file(s)
079.397  000.121  000.121: sourcing nvim_exec2() called at C:\Program Files\Neovim\share\nvim\runtime\filetype.lua:0
079.403  000.223  000.102: sourcing C:\Program Files\Neovim\share\nvim\runtime\filetype.lua
080.077  000.079  000.079: sourcing C:\Program Files\Neovim\share\nvim\runtime\syntax\synload.vim
080.168  000.420  000.341: sourcing C:\Program Files\Neovim\share/nvim/runtime/syntax/syntax.vim
083.025  000.689  000.689: require('alpha')
083.191  000.160  000.160: require('screen')
083.231  001.649  000.800: sourcing C:\Users\dahls\AppData\Local\nvim\plugin\alpha-nvim.lua
083.413  000.067  000.067: sourcing C:\Users\dahls\AppData\Local\nvim\plugin\autopairs.lua
083.608  000.091  000.091: sourcing C:\Users\dahls\AppData\Local\nvim\plugin\blink_completion.lua
083.782  000.069  000.069: sourcing C:\Users\dahls\AppData\Local\nvim\plugin\diffview.lua
083.940  000.055  000.055: sourcing C:\Users\dahls\AppData\Local\nvim\plugin\gitsigns.lua
084.116  000.065  000.065: sourcing C:\Users\dahls\AppData\Local\nvim\plugin\lualine.lua
084.279  000.060  000.060: sourcing C:\Users\dahls\AppData\Local\nvim\plugin\matchparen.lua
084.440  000.059  000.059: sourcing C:\Users\dahls\AppData\Local\nvim\plugin\mini.nvim.lua
084.602  000.059  000.059: sourcing C:\Users\dahls\AppData\Local\nvim\plugin\nvim-scrollview.lua
084.772  000.068  000.068: sourcing C:\Users\dahls\AppData\Local\nvim\plugin\nvim-treesitter.lua
084.965  000.088  000.088: sourcing C:\Users\dahls\AppData\Local\nvim\plugin\oil-nvim.lua
085.146  000.066  000.066: sourcing C:\Users\dahls\AppData\Local\nvim\plugin\render-markdown-nvim.lua
085.326  000.072  000.072: sourcing C:\Users\dahls\AppData\Local\nvim\plugin\treesitter-textobjects.lua
086.363  000.059  000.059: sourcing C:\Users\dahls\AppData\Local\nvim-data\site\pack\core\opt\which-key.nvim\plugin\which-key.lua
086.516  001.087  001.028: sourcing C:\Users\dahls\AppData\Local\nvim\plugin\which-key.lua
086.983  000.174  000.174: sourcing C:\Users\dahls\AppData\Local\nvim-data\site\pack\core\opt\nvim-lspconfig\plugin\lspconfig.lua
088.343  000.149  000.149: sourcing C:\Program Files\Neovim\share\nvim\runtime\plugin\gzip.vim
089.681  000.174  000.174: sourcing C:\Program Files\Neovim\share\nvim\runtime\pack\dist\opt\matchit\plugin\matchit.vim
089.771  001.313  001.139: sourcing C:\Program Files\Neovim\share\nvim\runtime\plugin\matchit.vim
090.008  000.129  000.129: sourcing C:\Program Files\Neovim\share\nvim\runtime\plugin\matchparen.vim
090.153  000.029  000.029: sourcing C:\Program Files\Neovim\share\nvim\runtime\plugin\netrwPlugin.vim
090.703  000.446  000.446: sourcing C:\Program Files\Neovim\share\nvim\runtime\plugin\rplugin.vim
090.898  000.089  000.089: sourcing C:\Program Files\Neovim\share\nvim\runtime\plugin\tarPlugin.vim
091.059  000.041  000.041: sourcing C:\Program Files\Neovim\share\nvim\runtime\plugin\tutor.vim
091.272  000.106  000.106: sourcing C:\Program Files\Neovim\share\nvim\runtime\plugin\zipPlugin.vim
091.457  000.069  000.069: sourcing C:\Program Files\Neovim\share\nvim\runtime\plugin\editorconfig.lua
091.649  000.082  000.082: sourcing C:\Program Files\Neovim\share\nvim\runtime\plugin\man.lua
091.888  000.128  000.128: sourcing C:\Program Files\Neovim\share\nvim\runtime\plugin\net.lua
092.102  000.099  000.099: sourcing C:\Program Files\Neovim\share\nvim\runtime\plugin\osc52.lua
092.394  000.126  000.126: sourcing C:\Program Files\Neovim\share\nvim\runtime\plugin\shada.lua
092.590  000.066  000.066: sourcing C:\Program Files\Neovim\share\nvim\runtime\plugin\spellfile.lua
092.639  006.446: loading rtp plugins
092.885  000.245: loading packages
092.911  000.026: loading after plugins
092.926  000.015: inits 3
095.940  003.014: reading ShaDa
096.017  000.077: opening buffers
096.055  000.037: BufEnter autocommands
096.058  000.003: editing files in windows
099.106  003.049: VimEnter autocommands
099.164  000.058: UIEnter autocommands
100.176  001.012: before starting main loop
100.670  000.494: first screen update
100.673  000.003: --- NVIM STARTED ---

--- Startup times for process: Embedded ---

times in msec
 clock   self+sourced   self:  sourced script
 clock   elapsed:              other lines

000.003  000.003: --- NVIM STARTING ---
000.033  000.030: event init
000.103  000.070: early init
010.802  010.699: locale set
010.830  000.028: init first window
011.216  000.386: inits 1
011.229  000.013: window checked
011.233  000.004: parsing arguments
011.938  000.359  000.359: require('vim._core.shared')
012.480  000.004  000.004: require('string.buffer')
012.508  000.180  000.176: require('vim.inspect')
012.683  000.168  000.168: require('vim._core.options')
012.686  000.743  000.395: require('vim._core.editor')
012.793  000.105  000.105: require('vim._core.system')
012.795  001.288  000.080: require('vim._init_packages')
012.799  000.279: init lua interpreter
030.320  017.521: expanding arguments
030.344  000.024: inits 2
030.593  000.249: init highlight
030.594  000.002: waiting for UI
054.715  024.121: done waiting for UI
054.731  000.016: clear screen
055.246  000.030  000.030: require('vim.keymap')
055.727  000.113  000.113: sourcing nvim_exec2()
055.761  000.018  000.018: require('vim._core.log')
057.706  001.194  001.194: require('vim.tty')
057.787  000.065  000.065: require('vim.text')
061.716  006.980  005.560: require('vim._core.defaults')
061.721  000.010: init default mappings & autocommands
061.974  000.065  000.065: sourcing C:\Program Files\Neovim\share\nvim\runtime\ftplugin.vim
062.201  000.050  000.050: sourcing C:\Program Files\Neovim\share\nvim\runtime\indent.vim
063.965  000.016  000.016: require('vim.F')
063.998  001.157  001.141: require('vim.diagnostic')
064.008  001.587  000.431: require('general-options')
064.300  000.289  000.289: require('general-keymaps')
064.503  000.198  000.198: require('autocommands')
065.416  000.167  000.167: require('vim._async')
065.428  000.811  000.644: require('vim.pack')
065.683  000.247  000.247: require('vim.fs')
066.252  000.296  000.296: require('vim.version')
066.961  000.093  000.093: require('utils.highlights')
067.570  000.295  000.295: require('catppuccin')
067.948  000.136  000.136: require('catppuccin.lib.hashing')
069.062  001.840  001.409: sourcing C:\Users\dahls\AppData\Local\nvim-data\site\pack\core\opt\catppuccin-nvim\colors\catppuccin-mocha.lua
069.081  002.112  000.273: sourcing nvim_exec2() called at C:\Users\dahls\AppData\Local\nvim\init.lua:0
069.137  004.630  001.070: require('themes')
069.314  000.174  000.174: require('selection_expand_shrink')
069.475  000.157  000.157: require('note_buffers')
069.679  000.085  000.085: require('plugin-loader')
070.785  000.145  000.145: require('mason-core.path')
071.295  000.119  000.119: require('mason-core.functional.data')
071.471  000.170  000.170: require('mason-core.functional.function')
071.682  000.204  000.204: require('mason-core.functional.list')
071.820  000.130  000.130: require('mason-core.functional.relation')
071.970  000.144  000.144: require('mason-core.functional.logic')
072.098  000.123  000.123: require('mason-core.functional.number')
072.256  000.151  000.151: require('mason-core.functional.string')
072.404  000.143  000.143: require('mason-core.functional.table')
072.528  000.118  000.118: require('mason-core.functional.type')
072.534  001.537  000.235: require('mason-core.functional')
072.577  001.786  000.249: require('mason-core.platform')
072.758  000.178  000.178: require('mason.settings')
072.764  002.276  000.166: require('mason-core.installer.InstallLocation')
073.338  000.225  000.225: require('mason-core.log')
073.344  000.365  000.140: require('mason-core.EventEmitter')
073.589  000.242  000.242: require('mason-registry.sources')
073.648  000.882  000.275: require('mason-registry')
073.651  003.324  000.167: require('mason')
074.032  000.282  000.282: require('mason.api.command')
074.834  000.109  000.109: require('lsp/configs/clangd')
074.949  000.109  000.109: require('lsp/configs/lua_ls')
076.707  000.804  000.804: require('vim.lsp.protocol')
076.777  001.142  000.338: require('vim.lsp.log')
077.897  000.041  000.041: require('vim._core.util')
077.918  001.135  001.095: require('vim.lsp.util')
078.588  000.307  000.307: require('vim.lsp.sync')
078.597  000.676  000.370: require('vim.lsp._changetracking')
079.380  000.273  000.273: require('vim.lsp._transport')
079.424  000.034  000.034: require('vim._core.stringbuffer')
079.471  000.869  000.561: require('vim.lsp.rpc')
079.496  004.542  000.719: require('vim.lsp')
079.613  000.109  000.109: require('lsp/configs/marksman')
079.716  000.097  000.097: require('lsp/configs/powershell_es')
079.847  000.099  000.099: require('lsp/configs/stylua')
081.128  011.649  002.893: require('lsp.lsp_setup')
081.266  000.133  000.133: require('snacks-nvim')
081.270  018.905  000.088: sourcing C:\Users\dahls\AppData\Local\nvim\init.lua
081.297  000.557: sourcing vimrc file(s)
081.745  000.119  000.119: sourcing nvim_exec2() called at C:\Program Files\Neovim\share\nvim\runtime\filetype.lua:0
081.750  000.217  000.098: sourcing C:\Program Files\Neovim\share\nvim\runtime\filetype.lua
082.404  000.076  000.076: sourcing C:\Program Files\Neovim\share\nvim\runtime\syntax\synload.vim
082.494  000.399  000.323: sourcing C:\Program Files\Neovim\share/nvim/runtime/syntax/syntax.vim
085.352  000.679  000.679: require('alpha')
085.526  000.168  000.168: require('screen')
085.555  001.651  000.803: sourcing C:\Users\dahls\AppData\Local\nvim\plugin\alpha-nvim.lua
085.728  000.061  000.061: sourcing C:\Users\dahls\AppData\Local\nvim\plugin\autopairs.lua
085.924  000.093  000.093: sourcing C:\Users\dahls\AppData\Local\nvim\plugin\blink_completion.lua
086.094  000.065  000.065: sourcing C:\Users\dahls\AppData\Local\nvim\plugin\diffview.lua
086.248  000.052  000.052: sourcing C:\Users\dahls\AppData\Local\nvim\plugin\gitsigns.lua
086.410  000.061  000.061: sourcing C:\Users\dahls\AppData\Local\nvim\plugin\lualine.lua
086.568  000.055  000.055: sourcing C:\Users\dahls\AppData\Local\nvim\plugin\matchparen.lua
086.725  000.054  000.054: sourcing C:\Users\dahls\AppData\Local\nvim\plugin\mini.nvim.lua
086.883  000.055  000.055: sourcing C:\Users\dahls\AppData\Local\nvim\plugin\nvim-scrollview.lua
087.053  000.068  000.068: sourcing C:\Users\dahls\AppData\Local\nvim\plugin\nvim-treesitter.lua
087.214  000.056  000.056: sourcing C:\Users\dahls\AppData\Local\nvim\plugin\oil-nvim.lua
087.383  000.063  000.063: sourcing C:\Users\dahls\AppData\Local\nvim\plugin\render-markdown-nvim.lua
087.573  000.078  000.078: sourcing C:\Users\dahls\AppData\Local\nvim\plugin\treesitter-textobjects.lua
088.599  000.057  000.057: sourcing C:\Users\dahls\AppData\Local\nvim-data\site\pack\core\opt\which-key.nvim\plugin\which-key.lua
088.748  001.070  001.012: sourcing C:\Users\dahls\AppData\Local\nvim\plugin\which-key.lua
089.205  000.169  000.169: sourcing C:\Users\dahls\AppData\Local\nvim-data\site\pack\core\opt\nvim-lspconfig\plugin\lspconfig.lua
090.556  000.148  000.148: sourcing C:\Program Files\Neovim\share\nvim\runtime\plugin\gzip.vim
091.898  000.176  000.176: sourcing C:\Program Files\Neovim\share\nvim\runtime\pack\dist\opt\matchit\plugin\matchit.vim
092.005  001.339  001.163: sourcing C:\Program Files\Neovim\share\nvim\runtime\plugin\matchit.vim
092.269  000.134  000.134: sourcing C:\Program Files\Neovim\share\nvim\runtime\plugin\matchparen.vim
092.409  000.025  000.025: sourcing C:\Program Files\Neovim\share\nvim\runtime\plugin\netrwPlugin.vim
092.963  000.448  000.448: sourcing C:\Program Files\Neovim\share\nvim\runtime\plugin\rplugin.vim
093.153  000.087  000.087: sourcing C:\Program Files\Neovim\share\nvim\runtime\plugin\tarPlugin.vim
093.300  000.036  000.036: sourcing C:\Program Files\Neovim\share\nvim\runtime\plugin\tutor.vim
093.524  000.119  000.119: sourcing C:\Program Files\Neovim\share\nvim\runtime\plugin\zipPlugin.vim
093.706  000.067  000.067: sourcing C:\Program Files\Neovim\share\nvim\runtime\plugin\editorconfig.lua
093.891  000.079  000.079: sourcing C:\Program Files\Neovim\share\nvim\runtime\plugin\man.lua
094.136  000.134  000.134: sourcing C:\Program Files\Neovim\share\nvim\runtime\plugin\net.lua
094.376  000.100  000.100: sourcing C:\Program Files\Neovim\share\nvim\runtime\plugin\osc52.lua
094.665  000.119  000.119: sourcing C:\Program Files\Neovim\share\nvim\runtime\plugin\shada.lua
094.852  000.064  000.064: sourcing C:\Program Files\Neovim\share\nvim\runtime\plugin\spellfile.lua
094.898  006.433: loading rtp plugins
095.177  000.279: loading packages
095.203  000.026: loading after plugins
095.218  000.015: inits 3
098.252  003.034: reading ShaDa
098.328  000.076: opening buffers
098.355  000.028: BufEnter autocommands
098.358  000.002: editing files in windows
101.263  002.905: VimEnter autocommands
101.340  000.077: UIEnter autocommands
101.990  000.650: before starting main loop
102.493  000.502: first screen update
102.496  000.003: --- NVIM STARTED ---

--- Startup times for process: Embedded ---

times in msec
 clock   self+sourced   self:  sourced script
 clock   elapsed:              other lines

000.002  000.002: --- NVIM STARTING ---
000.035  000.032: event init
000.115  000.080: early init
010.971  010.856: locale set
010.999  000.028: init first window
011.387  000.389: inits 1
011.401  000.014: window checked
011.405  000.004: parsing arguments
012.140  000.381  000.381: require('vim._core.shared')
012.694  000.004  000.004: require('string.buffer')
012.712  000.180  000.176: require('vim.inspect')
012.885  000.168  000.168: require('vim._core.options')
012.888  000.743  000.396: require('vim._core.editor')
012.994  000.104  000.104: require('vim._core.system')
012.996  001.291  000.063: require('vim._init_packages')
013.000  000.304: init lua interpreter
030.547  017.547: expanding arguments
030.565  000.018: inits 2
030.804  000.239: init highlight
030.806  000.002: waiting for UI
061.766  030.959: done waiting for UI
061.780  000.014: clear screen
062.461  000.050  000.050: require('vim.keymap')
063.225  000.170  000.170: sourcing nvim_exec2()
063.267  000.024  000.024: require('vim._core.log')
064.934  000.928  000.928: require('vim.tty')
065.010  000.061  000.061: require('vim.text')
069.339  007.554  006.322: require('vim._core.defaults')
069.344  000.010: init default mappings & autocommands
069.564  000.066  000.066: sourcing C:\Program Files\Neovim\share\nvim\runtime\ftplugin.vim
069.791  000.050  000.050: sourcing C:\Program Files\Neovim\share\nvim\runtime\indent.vim
071.573  000.015  000.015: require('vim.F')
071.605  001.075  001.061: require('vim.diagnostic')
071.615  001.591  000.516: require('general-options')
071.867  000.250  000.250: require('general-keymaps')
072.076  000.204  000.204: require('autocommands')
072.980  000.165  000.165: require('vim._async')
072.998  000.816  000.650: require('vim.pack')
073.250  000.245  000.245: require('vim.fs')
073.753  000.291  000.291: require('vim.version')
074.488  000.091  000.091: require('utils.highlights')
075.091  000.289  000.289: require('catppuccin')
075.359  000.156  000.156: require('catppuccin.lib.hashing')
076.479  001.732  001.286: sourcing C:\Users\dahls\AppData\Local\nvim-data\site\pack\core\opt\catppuccin-nvim\colors\catppuccin-mocha.lua
076.498  002.003  000.272: sourcing nvim_exec2() called at C:\Users\dahls\AppData\Local\nvim\init.lua:0
076.551  004.469  001.024: require('themes')
076.723  000.170  000.170: require('selection_expand_shrink')
076.898  000.170  000.170: require('note_buffers')
077.109  000.086  000.086: require('plugin-loader')
078.154  000.136  000.136: require('mason-core.path')
078.670  000.124  000.124: require('mason-core.functional.data')
078.837  000.161  000.161: require('mason-core.functional.function')
079.053  000.208  000.208: require('mason-core.functional.list')
079.189  000.128  000.128: require('mason-core.functional.relation')
079.326  000.131  000.131: require('mason-core.functional.logic')
079.453  000.121  000.121: require('mason-core.functional.number')
079.609  000.150  000.150: require('mason-core.functional.string')
079.754  000.140  000.140: require('mason-core.functional.table')
079.877  000.117  000.117: require('mason-core.functional.type')
079.883  001.517  000.237: require('mason-core.functional')
079.931  001.771  000.254: require('mason-core.platform')
080.098  000.165  000.165: require('mason.settings')
080.103  002.245  000.174: require('mason-core.installer.InstallLocation')
080.656  000.208  000.208: require('mason-core.log')
080.661  000.348  000.140: require('mason-core.EventEmitter')
080.888  000.224  000.224: require('mason-registry.sources')
080.938  000.832  000.260: require('mason-registry')
080.941  003.240  000.162: require('mason')
081.299  000.278  000.278: require('mason.api.command')
082.059  000.085  000.085: require('lsp/configs/clangd')
082.153  000.088  000.088: require('lsp/configs/lua_ls')
083.768  000.690  000.690: require('vim.lsp.protocol')
083.823  001.004  000.314: require('vim.lsp.log')
084.938  000.039  000.039: require('vim._core.util')
084.956  001.128  001.089: require('vim.lsp.util')
085.624  000.304  000.304: require('vim.lsp.sync')
085.632  000.672  000.368: require('vim.lsp._changetracking')
086.326  000.270  000.270: require('vim.lsp._transport')
086.371  000.039  000.039: require('vim._core.stringbuffer')
086.406  000.771  000.461: require('vim.lsp.rpc')
086.445  004.287  000.712: require('vim.lsp')
086.575  000.116  000.116: require('lsp/configs/marksman')
086.725  000.126  000.126: require('lsp/configs/powershell_es')
086.846  000.095  000.095: require('lsp/configs/stylua')
088.093  011.191  002.791: require('lsp.lsp_setup')
088.231  000.133  000.133: require('snacks-nvim')
088.236  018.270  000.091: sourcing C:\Users\dahls\AppData\Local\nvim\init.lua
088.264  000.535: sourcing vimrc file(s)
088.698  000.119  000.119: sourcing nvim_exec2() called at C:\Program Files\Neovim\share\nvim\runtime\filetype.lua:0
088.704  000.215  000.096: sourcing C:\Program Files\Neovim\share\nvim\runtime\filetype.lua
089.348  000.071  000.071: sourcing C:\Program Files\Neovim\share\nvim\runtime\syntax\synload.vim
089.439  000.391  000.319: sourcing C:\Program Files\Neovim\share/nvim/runtime/syntax/syntax.vim
092.327  000.726  000.726: require('alpha')
092.451  000.118  000.118: require('screen')
092.477  001.629  000.784: sourcing C:\Users\dahls\AppData\Local\nvim\plugin\alpha-nvim.lua
092.641  000.055  000.055: sourcing C:\Users\dahls\AppData\Local\nvim\plugin\autopairs.lua
092.819  000.076  000.076: sourcing C:\Users\dahls\AppData\Local\nvim\plugin\blink_completion.lua
092.996  000.066  000.066: sourcing C:\Users\dahls\AppData\Local\nvim\plugin\diffview.lua
093.154  000.057  000.057: sourcing C:\Users\dahls\AppData\Local\nvim\plugin\gitsigns.lua
093.317  000.063  000.063: sourcing C:\Users\dahls\AppData\Local\nvim\plugin\lualine.lua
093.473  000.055  000.055: sourcing C:\Users\dahls\AppData\Local\nvim\plugin\matchparen.lua
093.623  000.052  000.052: sourcing C:\Users\dahls\AppData\Local\nvim\plugin\mini.nvim.lua
093.778  000.054  000.054: sourcing C:\Users\dahls\AppData\Local\nvim\plugin\nvim-scrollview.lua
093.945  000.068  000.068: sourcing C:\Users\dahls\AppData\Local\nvim\plugin\nvim-treesitter.lua
094.105  000.055  000.055: sourcing C:\Users\dahls\AppData\Local\nvim\plugin\oil-nvim.lua
094.266  000.059  000.059: sourcing C:\Users\dahls\AppData\Local\nvim\plugin\render-markdown-nvim.lua
094.433  000.066  000.066: sourcing C:\Users\dahls\AppData\Local\nvim\plugin\treesitter-textobjects.lua
095.496  000.061  000.061: sourcing C:\Users\dahls\AppData\Local\nvim-data\site\pack\core\opt\which-key.nvim\plugin\which-key.lua
095.649  001.113  001.051: sourcing C:\Users\dahls\AppData\Local\nvim\plugin\which-key.lua
096.125  000.173  000.173: sourcing C:\Users\dahls\AppData\Local\nvim-data\site\pack\core\opt\nvim-lspconfig\plugin\lspconfig.lua
097.473  000.135  000.135: sourcing C:\Program Files\Neovim\share\nvim\runtime\plugin\gzip.vim
098.844  000.173  000.173: sourcing C:\Program Files\Neovim\share\nvim\runtime\pack\dist\opt\matchit\plugin\matchit.vim
098.940  001.344  001.172: sourcing C:\Program Files\Neovim\share\nvim\runtime\plugin\matchit.vim
099.169  000.122  000.122: sourcing C:\Program Files\Neovim\share\nvim\runtime\plugin\matchparen.vim
099.308  000.024  000.024: sourcing C:\Program Files\Neovim\share\nvim\runtime\plugin\netrwPlugin.vim
099.856  000.440  000.440: sourcing C:\Program Files\Neovim\share\nvim\runtime\plugin\rplugin.vim
100.047  000.081  000.081: sourcing C:\Program Files\Neovim\share\nvim\runtime\plugin\tarPlugin.vim
100.198  000.036  000.036: sourcing C:\Program Files\Neovim\share\nvim\runtime\plugin\tutor.vim
100.404  000.100  000.100: sourcing C:\Program Files\Neovim\share\nvim\runtime\plugin\zipPlugin.vim
100.582  000.066  000.066: sourcing C:\Program Files\Neovim\share\nvim\runtime\plugin\editorconfig.lua
100.768  000.080  000.080: sourcing C:\Program Files\Neovim\share\nvim\runtime\plugin\man.lua
100.996  000.118  000.118: sourcing C:\Program Files\Neovim\share\nvim\runtime\plugin\net.lua
101.198  000.092  000.092: sourcing C:\Program Files\Neovim\share\nvim\runtime\plugin\osc52.lua
101.473  000.115  000.115: sourcing C:\Program Files\Neovim\share\nvim\runtime\plugin\shada.lua
101.648  000.059  000.059: sourcing C:\Program Files\Neovim\share\nvim\runtime\plugin\spellfile.lua
101.694  006.370: loading rtp plugins
101.941  000.247: loading packages
101.973  000.032: loading after plugins
101.989  000.015: inits 3
105.011  003.023: reading ShaDa
105.088  000.077: opening buffers
105.115  000.027: BufEnter autocommands
105.118  000.002: editing files in windows
108.115  002.997: VimEnter autocommands
108.169  000.054: UIEnter autocommands
108.965  000.796: before starting main loop
109.520  000.555: first screen update
109.523  000.003: --- NVIM STARTED ---

--- Startup times for process: Embedded ---

times in msec
 clock   self+sourced   self:  sourced script
 clock   elapsed:              other lines

000.003  000.003: --- NVIM STARTING ---
000.034  000.031: event init
000.098  000.064: early init
011.198  011.100: locale set
011.227  000.029: init first window
011.691  000.464: inits 1
011.706  000.015: window checked
011.710  000.004: parsing arguments
012.492  000.361  000.361: require('vim._core.shared')
013.059  000.004  000.004: require('string.buffer')
013.078  000.182  000.178: require('vim.inspect')
013.253  000.169  000.169: require('vim._core.options')
013.256  000.759  000.407: require('vim._core.editor')
013.363  000.105  000.105: require('vim._core.system')
013.365  001.295  000.071: require('vim._init_packages')
013.369  000.364: init lua interpreter
030.502  017.133: expanding arguments
030.524  000.022: inits 2
030.899  000.374: init highlight
030.902  000.003: waiting for UI
058.704  027.803: done waiting for UI
058.720  000.016: clear screen
059.247  000.035  000.035: require('vim.keymap')
059.736  000.111  000.111: sourcing nvim_exec2()
059.771  000.021  000.021: require('vim._core.log')
061.471  000.905  000.905: require('vim.tty')
061.548  000.062  000.062: require('vim.text')
065.654  006.929  005.795: require('vim._core.defaults')
065.659  000.010: init default mappings & autocommands
065.897  000.068  000.068: sourcing C:\Program Files\Neovim\share\nvim\runtime\ftplugin.vim
066.133  000.052  000.052: sourcing C:\Program Files\Neovim\share\nvim\runtime\indent.vim
067.864  000.016  000.016: require('vim.F')
067.897  001.090  001.075: require('vim.diagnostic')
067.906  001.542  000.452: require('general-options')
068.232  000.324  000.324: require('general-keymaps')
068.440  000.203  000.203: require('autocommands')
069.361  000.167  000.167: require('vim._async')
069.379  000.825  000.658: require('vim.pack')
069.632  000.246  000.246: require('vim.fs')
070.146  000.301  000.301: require('vim.version')
070.848  000.097  000.097: require('utils.highlights')
071.462  000.292  000.292: require('catppuccin')
071.721  000.144  000.144: require('catppuccin.lib.hashing')
072.900  001.786  001.350: sourcing C:\Users\dahls\AppData\Local\nvim-data\site\pack\core\opt\catppuccin-nvim\colors\catppuccin-mocha.lua
072.919  002.063  000.277: sourcing nvim_exec2() called at C:\Users\dahls\AppData\Local\nvim\init.lua:0
072.979  004.534  001.002: require('themes')
073.165  000.183  000.183: require('selection_expand_shrink')
073.320  000.151  000.151: require('note_buffers')
073.529  000.088  000.088: require('plugin-loader')
074.589  000.138  000.138: require('mason-core.path')
075.112  000.128  000.128: require('mason-core.functional.data')
075.288  000.170  000.170: require('mason-core.functional.function')
075.500  000.206  000.206: require('mason-core.functional.list')
075.642  000.133  000.133: require('mason-core.functional.relation')
075.783  000.136  000.136: require('mason-core.functional.logic')
075.913  000.125  000.125: require('mason-core.functional.number')
076.098  000.179  000.179: require('mason-core.functional.string')
076.250  000.146  000.146: require('mason-core.functional.table')
076.379  000.122  000.122: require('mason-core.functional.type')
076.386  001.586  000.241: require('mason-core.functional')
076.430  001.835  000.249: require('mason-core.platform')
076.600  000.168  000.168: require('mason.settings')
076.606  002.311  000.171: require('mason-core.installer.InstallLocation')
077.169  000.212  000.212: require('mason-core.log')
077.174  000.356  000.144: require('mason-core.EventEmitter')
077.407  000.230  000.230: require('mason-registry.sources')
077.479  000.870  000.284: require('mason-registry')
077.482  003.350  000.168: require('mason')
077.838  000.278  000.278: require('mason.api.command')
078.593  000.090  000.090: require('lsp/configs/clangd')
078.693  000.093  000.093: require('lsp/configs/lua_ls')
080.346  000.718  000.718: require('vim.lsp.protocol')
080.402  001.039  000.321: require('vim.lsp.log')
081.522  000.040  000.040: require('vim._core.util')
081.540  001.134  001.093: require('vim.lsp.util')
082.240  000.324  000.324: require('vim.lsp.sync')
082.247  000.703  000.379: require('vim.lsp._changetracking')
082.961  000.271  000.271: require('vim.lsp._transport')
083.006  000.040  000.040: require('vim._core.stringbuffer')
083.040  000.790  000.479: require('vim.lsp.rpc')
083.067  004.369  000.704: require('vim.lsp')
083.179  000.104  000.104: require('lsp/configs/marksman')
083.282  000.097  000.097: require('lsp/configs/powershell_es')
083.384  000.092  000.092: require('lsp/configs/stylua')
084.775  011.450  002.889: require('lsp.lsp_setup')
084.957  000.177  000.177: require('snacks-nvim')
084.962  018.662  000.097: sourcing C:\Users\dahls\AppData\Local\nvim\init.lua
084.991  000.550: sourcing vimrc file(s)
085.447  000.121  000.121: sourcing nvim_exec2() called at C:\Program Files\Neovim\share\nvim\runtime\filetype.lua:0
085.453  000.233  000.112: sourcing C:\Program Files\Neovim\share\nvim\runtime\filetype.lua
086.108  000.076  000.076: sourcing C:\Program Files\Neovim\share\nvim\runtime\syntax\synload.vim
086.200  000.405  000.329: sourcing C:\Program Files\Neovim\share/nvim/runtime/syntax/syntax.vim
088.920  000.539  000.539: require('alpha')
089.042  000.116  000.116: require('screen')
089.066  001.455  000.800: sourcing C:\Users\dahls\AppData\Local\nvim\plugin\alpha-nvim.lua
089.237  000.062  000.062: sourcing C:\Users\dahls\AppData\Local\nvim\plugin\autopairs.lua
089.418  000.079  000.079: sourcing C:\Users\dahls\AppData\Local\nvim\plugin\blink_completion.lua
089.585  000.063  000.063: sourcing C:\Users\dahls\AppData\Local\nvim\plugin\diffview.lua
089.742  000.057  000.057: sourcing C:\Users\dahls\AppData\Local\nvim\plugin\gitsigns.lua
089.909  000.063  000.063: sourcing C:\Users\dahls\AppData\Local\nvim\plugin\lualine.lua
090.072  000.054  000.054: sourcing C:\Users\dahls\AppData\Local\nvim\plugin\matchparen.lua
090.230  000.056  000.056: sourcing C:\Users\dahls\AppData\Local\nvim\plugin\mini.nvim.lua
090.388  000.057  000.057: sourcing C:\Users\dahls\AppData\Local\nvim\plugin\nvim-scrollview.lua
090.576  000.070  000.070: sourcing C:\Users\dahls\AppData\Local\nvim\plugin\nvim-treesitter.lua
090.752  000.073  000.073: sourcing C:\Users\dahls\AppData\Local\nvim\plugin\oil-nvim.lua
090.918  000.063  000.063: sourcing C:\Users\dahls\AppData\Local\nvim\plugin\render-markdown-nvim.lua
091.097  000.072  000.072: sourcing C:\Users\dahls\AppData\Local\nvim\plugin\treesitter-textobjects.lua
092.153  000.061  000.061: sourcing C:\Users\dahls\AppData\Local\nvim-data\site\pack\core\opt\which-key.nvim\plugin\which-key.lua
092.306  001.104  001.043: sourcing C:\Users\dahls\AppData\Local\nvim\plugin\which-key.lua
092.784  000.188  000.188: sourcing C:\Users\dahls\AppData\Local\nvim-data\site\pack\core\opt\nvim-lspconfig\plugin\lspconfig.lua
094.138  000.140  000.140: sourcing C:\Program Files\Neovim\share\nvim\runtime\plugin\gzip.vim
095.463  000.174  000.174: sourcing C:\Program Files\Neovim\share\nvim\runtime\pack\dist\opt\matchit\plugin\matchit.vim
095.559  001.310  001.136: sourcing C:\Program Files\Neovim\share\nvim\runtime\plugin\matchit.vim
095.795  000.127  000.127: sourcing C:\Program Files\Neovim\share\nvim\runtime\plugin\matchparen.vim
095.937  000.027  000.027: sourcing C:\Program Files\Neovim\share\nvim\runtime\plugin\netrwPlugin.vim
096.510  000.463  000.463: sourcing C:\Program Files\Neovim\share\nvim\runtime\plugin\rplugin.vim
096.703  000.089  000.089: sourcing C:\Program Files\Neovim\share\nvim\runtime\plugin\tarPlugin.vim
096.853  000.038  000.038: sourcing C:\Program Files\Neovim\share\nvim\runtime\plugin\tutor.vim
097.077  000.119  000.119: sourcing C:\Program Files\Neovim\share\nvim\runtime\plugin\zipPlugin.vim
097.259  000.069  000.069: sourcing C:\Program Files\Neovim\share\nvim\runtime\plugin\editorconfig.lua
097.448  000.081  000.081: sourcing C:\Program Files\Neovim\share\nvim\runtime\plugin\man.lua
097.686  000.128  000.128: sourcing C:\Program Files\Neovim\share\nvim\runtime\plugin\net.lua
097.896  000.097  000.097: sourcing C:\Program Files\Neovim\share\nvim\runtime\plugin\osc52.lua
098.167  000.123  000.123: sourcing C:\Program Files\Neovim\share\nvim\runtime\plugin\shada.lua
098.361  000.067  000.067: sourcing C:\Program Files\Neovim\share\nvim\runtime\plugin\spellfile.lua
098.407  006.382: loading rtp plugins
098.659  000.252: loading packages
098.685  000.025: loading after plugins
098.700  000.015: inits 3
101.698  002.998: reading ShaDa
101.775  000.077: opening buffers
101.803  000.028: BufEnter autocommands
101.806  000.002: editing files in windows
104.826  003.020: VimEnter autocommands
104.890  000.064: UIEnter autocommands
105.529  000.639: before starting main loop
106.037  000.509: first screen update
106.040  000.003: --- NVIM STARTED ---

--- Startup times for process: Embedded ---

times in msec
 clock   self+sourced   self:  sourced script
 clock   elapsed:              other lines

000.003  000.003: --- NVIM STARTING ---
000.032  000.030: event init
000.102  000.070: early init
010.905  010.803: locale set
010.933  000.027: init first window
011.316  000.383: inits 1
011.329  000.013: window checked
011.333  000.004: parsing arguments
012.043  000.361  000.361: require('vim._core.shared')
012.589  000.004  000.004: require('string.buffer')
012.615  000.181  000.177: require('vim.inspect')
012.791  000.168  000.168: require('vim._core.options')
012.793  000.745  000.396: require('vim._core.editor')
012.902  000.107  000.107: require('vim._core.system')
012.904  001.295  000.082: require('vim._init_packages')
012.908  000.281: init lua interpreter
030.674  017.765: expanding arguments
030.691  000.017: inits 2
030.928  000.238: init highlight
030.930  000.002: waiting for UI
053.211  022.280: done waiting for UI
053.227  000.016: clear screen
053.748  000.029  000.029: require('vim.keymap')
054.226  000.108  000.108: sourcing nvim_exec2()
054.263  000.020  000.020: require('vim._core.log')
056.075  000.974  000.974: require('vim.tty')
056.156  000.066  000.066: require('vim.text')
060.464  007.230  006.033: require('vim._core.defaults')
060.469  000.012: init default mappings & autocommands
060.685  000.062  000.062: sourcing C:\Program Files\Neovim\share\nvim\runtime\ftplugin.vim
060.906  000.048  000.048: sourcing C:\Program Files\Neovim\share\nvim\runtime\indent.vim
062.992  000.016  000.016: require('vim.F')
063.072  001.473  001.458: require('vim.diagnostic')
063.083  001.954  000.481: require('general-options')
063.425  000.339  000.339: require('general-keymaps')
063.631  000.201  000.201: require('autocommands')
064.524  000.163  000.163: require('vim._async')
064.538  000.804  000.641: require('vim.pack')
064.810  000.264  000.264: require('vim.fs')
065.305  000.288  000.288: require('vim.version')
066.026  000.091  000.091: require('utils.highlights')
066.636  000.296  000.296: require('catppuccin')
066.885  000.142  000.142: require('catppuccin.lib.hashing')
068.330  002.044  001.606: sourcing C:\Users\dahls\AppData\Local\nvim-data\site\pack\core\opt\catppuccin-nvim\colors\catppuccin-mocha.lua
068.353  002.320  000.275: sourcing nvim_exec2() called at C:\Users\dahls\AppData\Local\nvim\init.lua:0
068.442  004.807  001.039: require('themes')
068.629  000.185  000.185: require('selection_expand_shrink')
068.796  000.163  000.163: require('note_buffers')
068.998  000.085  000.085: require('plugin-loader')
070.062  000.134  000.134: require('mason-core.path')
070.598  000.128  000.128: require('mason-core.functional.data')
070.765  000.161  000.161: require('mason-core.functional.function')
070.974  000.202  000.202: require('mason-core.functional.list')
071.111  000.128  000.128: require('mason-core.functional.relation')
071.248  000.132  000.132: require('mason-core.functional.logic')
071.382  000.129  000.129: require('mason-core.functional.number')
071.539  000.150  000.150: require('mason-core.functional.string')
071.687  000.142  000.142: require('mason-core.functional.table')
071.817  000.125  000.125: require('mason-core.functional.type')
071.822  001.537  000.240: require('mason-core.functional')
071.866  001.799  000.261: require('mason-core.platform')
072.035  000.166  000.166: require('mason.settings')
072.041  002.265  000.166: require('mason-core.installer.InstallLocation')
072.665  000.221  000.221: require('mason-core.log')
072.670  000.419  000.198: require('mason-core.EventEmitter')
072.904  000.231  000.231: require('mason-registry.sources')
072.934  000.891  000.241: require('mason-registry')
072.938  003.328  000.172: require('mason')
073.290  000.282  000.282: require('mason.api.command')
074.373  000.089  000.089: require('lsp/configs/clangd')
074.471  000.091  000.091: require('lsp/configs/lua_ls')
076.312  000.895  000.895: require('vim.lsp.protocol')
076.375  001.222  000.327: require('vim.lsp.log')
077.494  000.038  000.038: require('vim._core.util')
077.514  001.134  001.096: require('vim.lsp.util')
078.198  000.306  000.306: require('vim.lsp.sync')
078.205  000.688  000.382: require('vim.lsp._changetracking')
078.913  000.285  000.285: require('vim.lsp._transport')
079.222  000.304  000.304: require('vim._core.stringbuffer')
079.257  001.048  000.459: require('vim.lsp.rpc')
079.286  004.810  000.718: require('vim.lsp')
079.403  000.109  000.109: require('lsp/configs/marksman')
079.549  000.139  000.139: require('lsp/configs/powershell_es')
079.693  000.134  000.134: require('lsp/configs/stylua')
081.028  012.227  003.159: require('lsp.lsp_setup')
081.215  000.183  000.183: require('snacks-nvim')
081.220  020.149  000.091: sourcing C:\Users\dahls\AppData\Local\nvim\init.lua
081.248  000.520: sourcing vimrc file(s)
081.712  000.120  000.120: sourcing nvim_exec2() called at C:\Program Files\Neovim\share\nvim\runtime\filetype.lua:0
081.718  000.233  000.113: sourcing C:\Program Files\Neovim\share\nvim\runtime\filetype.lua
082.401  000.076  000.076: sourcing C:\Program Files\Neovim\share\nvim\runtime\syntax\synload.vim
082.493  000.422  000.346: sourcing C:\Program Files\Neovim\share/nvim/runtime/syntax/syntax.vim
085.678  000.630  000.630: require('alpha')
085.817  000.133  000.133: require('screen')
085.890  001.981  001.219: sourcing C:\Users\dahls\AppData\Local\nvim\plugin\alpha-nvim.lua
086.098  000.087  000.087: sourcing C:\Users\dahls\AppData\Local\nvim\plugin\autopairs.lua
086.286  000.078  000.078: sourcing C:\Users\dahls\AppData\Local\nvim\plugin\blink_completion.lua
086.453  000.061  000.061: sourcing C:\Users\dahls\AppData\Local\nvim\plugin\diffview.lua
086.606  000.053  000.053: sourcing C:\Users\dahls\AppData\Local\nvim\plugin\gitsigns.lua
086.766  000.061  000.061: sourcing C:\Users\dahls\AppData\Local\nvim\plugin\lualine.lua
086.933  000.055  000.055: sourcing C:\Users\dahls\AppData\Local\nvim\plugin\matchparen.lua
087.090  000.056  000.056: sourcing C:\Users\dahls\AppData\Local\nvim\plugin\mini.nvim.lua
087.247  000.054  000.054: sourcing C:\Users\dahls\AppData\Local\nvim\plugin\nvim-scrollview.lua
087.413  000.064  000.064: sourcing C:\Users\dahls\AppData\Local\nvim\plugin\nvim-treesitter.lua
087.571  000.054  000.054: sourcing C:\Users\dahls\AppData\Local\nvim\plugin\oil-nvim.lua
087.737  000.062  000.062: sourcing C:\Users\dahls\AppData\Local\nvim\plugin\render-markdown-nvim.lua
088.022  000.079  000.079: sourcing C:\Users\dahls\AppData\Local\nvim\plugin\treesitter-textobjects.lua
089.067  000.057  000.057: sourcing C:\Users\dahls\AppData\Local\nvim-data\site\pack\core\opt\which-key.nvim\plugin\which-key.lua
089.232  001.101  001.044: sourcing C:\Users\dahls\AppData\Local\nvim\plugin\which-key.lua
089.702  000.175  000.175: sourcing C:\Users\dahls\AppData\Local\nvim-data\site\pack\core\opt\nvim-lspconfig\plugin\lspconfig.lua
091.421  000.139  000.139: sourcing C:\Program Files\Neovim\share\nvim\runtime\plugin\gzip.vim
092.736  000.171  000.171: sourcing C:\Program Files\Neovim\share\nvim\runtime\pack\dist\opt\matchit\plugin\matchit.vim
092.824  001.292  001.121: sourcing C:\Program Files\Neovim\share\nvim\runtime\plugin\matchit.vim
093.063  000.133  000.133: sourcing C:\Program Files\Neovim\share\nvim\runtime\plugin\matchparen.vim
093.201  000.025  000.025: sourcing C:\Program Files\Neovim\share\nvim\runtime\plugin\netrwPlugin.vim
093.770  000.465  000.465: sourcing C:\Program Files\Neovim\share\nvim\runtime\plugin\rplugin.vim
093.958  000.084  000.084: sourcing C:\Program Files\Neovim\share\nvim\runtime\plugin\tarPlugin.vim
094.104  000.036  000.036: sourcing C:\Program Files\Neovim\share\nvim\runtime\plugin\tutor.vim
094.323  000.114  000.114: sourcing C:\Program Files\Neovim\share\nvim\runtime\plugin\zipPlugin.vim
094.503  000.066  000.066: sourcing C:\Program Files\Neovim\share\nvim\runtime\plugin\editorconfig.lua
094.689  000.079  000.079: sourcing C:\Program Files\Neovim\share\nvim\runtime\plugin\man.lua
094.935  000.136  000.136: sourcing C:\Program Files\Neovim\share\nvim\runtime\plugin\net.lua
095.147  000.097  000.097: sourcing C:\Program Files\Neovim\share\nvim\runtime\plugin\osc52.lua
095.433  000.121  000.121: sourcing C:\Program Files\Neovim\share\nvim\runtime\plugin\shada.lua
095.897  000.336  000.336: sourcing C:\Program Files\Neovim\share\nvim\runtime\plugin\spellfile.lua
095.947  006.897: loading rtp plugins
096.238  000.291: loading packages
096.267  000.029: loading after plugins
096.282  000.015: inits 3
099.307  003.025: reading ShaDa
099.385  000.077: opening buffers
099.412  000.027: BufEnter autocommands
099.414  000.002: editing files in windows
102.728  003.314: VimEnter autocommands
102.784  000.056: UIEnter autocommands
103.351  000.566: before starting main loop
103.853  000.503: first screen update
103.856  000.003: --- NVIM STARTED ---

--- Startup times for process: Embedded ---

times in msec
 clock   self+sourced   self:  sourced script
 clock   elapsed:              other lines

000.003  000.003: --- NVIM STARTING ---
000.033  000.030: event init
000.104  000.071: early init
010.744  010.640: locale set
010.771  000.027: init first window
011.170  000.399: inits 1
011.182  000.013: window checked
011.186  000.004: parsing arguments
011.903  000.359  000.359: require('vim._core.shared')
012.440  000.003  000.003: require('string.buffer')
012.469  000.180  000.177: require('vim.inspect')
012.643  000.167  000.167: require('vim._core.options')
012.646  000.738  000.392: require('vim._core.editor')
012.753  000.105  000.105: require('vim._core.system')
012.755  001.280  000.078: require('vim._init_packages')
012.759  000.293: init lua interpreter
030.189  017.430: expanding arguments
030.210  000.021: inits 2
030.453  000.242: init highlight
030.454  000.002: waiting for UI
1641.019  1610.565: done waiting for UI
1641.041  000.022: clear screen
1641.615  000.030  000.030: require('vim.keymap')
1642.134  000.108  000.108: sourcing nvim_exec2()
1642.179  000.024  000.024: require('vim._core.log')
1643.906  000.968  000.968: require('vim.tty')
1644.011  000.070  000.070: require('vim.text')
1648.308  007.260  006.060: require('vim._core.defaults')
1648.314  000.013: init default mappings & autocommands
1648.535  000.065  000.065: sourcing C:\Program Files\Neovim\share\nvim\runtime\ftplugin.vim
1648.756  000.050  000.050: sourcing C:\Program Files\Neovim\share\nvim\runtime\indent.vim
1651.088  000.022  000.022: require('vim.F')
1651.125  001.608  001.586: require('vim.diagnostic')
1651.134  002.117  000.509: require('general-options')
1651.423  000.286  000.286: require('general-keymaps')
1651.629  000.202  000.202: require('autocommands')
1652.557  000.172  000.172: require('vim._async')
1652.572  000.837  000.665: require('vim.pack')
1652.822  000.243  000.243: require('vim.fs')
1653.374  000.307  000.307: require('vim.version')
1654.108  000.091  000.091: require('utils.highlights')
1654.731  000.295  000.295: require('catppuccin')
1654.985  000.139  000.139: require('catppuccin.lib.hashing')
1656.483  002.100  001.666: sourcing C:\Users\dahls\AppData\Local\nvim-data\site\pack\core\opt\catppuccin-nvim\colors\catppuccin-mocha.lua
1656.506  002.390  000.290: sourcing nvim_exec2() called at C:\Users\dahls\AppData\Local\nvim\init.lua:0
1656.560  004.926  001.059: require('themes')
1656.740  000.178  000.178: require('selection_expand_shrink')
1656.890  000.145  000.145: require('note_buffers')
1657.144  000.087  000.087: require('plugin-loader')
1658.177  000.133  000.133: require('mason-core.path')
1658.692  000.122  000.122: require('mason-core.functional.data')
1658.858  000.159  000.159: require('mason-core.functional.function')
1659.067  000.202  000.202: require('mason-core.functional.list')
1659.238  000.144  000.144: require('mason-core.functional.relation')
1659.377  000.133  000.133: require('mason-core.functional.logic')
1659.504  000.121  000.121: require('mason-core.functional.number')
1659.662  000.151  000.151: require('mason-core.functional.string')
1659.812  000.144  000.144: require('mason-core.functional.table')
1659.935  000.117  000.117: require('mason-core.functional.type')
1659.941  001.551  000.257: require('mason-core.functional')
1659.984  001.801  000.249: require('mason-core.platform')
1660.152  000.165  000.165: require('mason.settings')
1660.157  002.264  000.166: require('mason-core.installer.InstallLocation')
1660.725  000.211  000.211: require('mason-core.log')
1660.730  000.358  000.147: require('mason-core.EventEmitter')
1660.962  000.229  000.229: require('mason-registry.sources')
1661.031  000.871  000.285: require('mason-registry')
1661.034  003.299  000.163: require('mason')
1661.677  000.330  000.330: require('mason.api.command')
1662.428  000.096  000.096: require('lsp/configs/clangd')
1662.523  000.089  000.089: require('lsp/configs/lua_ls')
1664.201  000.677  000.677: require('vim.lsp.protocol')
1664.274  001.043  000.366: require('vim.lsp.log')
1665.376  000.041  000.041: require('vim._core.util')
1665.395  001.115  001.074: require('vim.lsp.util')
1666.082  000.310  000.310: require('vim.lsp.sync')
1666.089  000.691  000.381: require('vim.lsp._changetracking')
1667.071  000.558  000.558: require('vim.lsp._transport')
1667.150  000.074  000.074: require('vim._core.stringbuffer')
1667.195  001.103  000.472: require('vim.lsp.rpc')
1667.236  004.708  000.756: require('vim.lsp')
1667.350  000.106  000.106: require('lsp/configs/marksman')
1667.449  000.093  000.093: require('lsp/configs/powershell_es')
1667.551  000.090  000.090: require('lsp/configs/stylua')
1668.843  011.948  003.051: require('lsp.lsp_setup')
1668.987  000.139  000.139: require('snacks-nvim')
1668.992  020.058  000.115: sourcing C:\Users\dahls\AppData\Local\nvim\init.lua
1669.020  000.534: sourcing vimrc file(s)
1669.594  000.200  000.200: sourcing nvim_exec2() called at C:\Program Files\Neovim\share\nvim\runtime\filetype.lua:0
1669.600  000.297  000.097: sourcing C:\Program Files\Neovim\share\nvim\runtime\filetype.lua
1670.369  000.087  000.087: sourcing C:\Program Files\Neovim\share\nvim\runtime\syntax\synload.vim
1670.463  000.449  000.362: sourcing C:\Program Files\Neovim\share/nvim/runtime/syntax/syntax.vim
1673.669  000.687  000.687: require('alpha')
1673.845  000.170  000.170: require('screen')
1673.878  001.991  001.134: sourcing C:\Users\dahls\AppData\Local\nvim\plugin\alpha-nvim.lua
1674.051  000.060  000.060: sourcing C:\Users\dahls\AppData\Local\nvim\plugin\autopairs.lua
1674.255  000.100  000.100: sourcing C:\Users\dahls\AppData\Local\nvim\plugin\blink_completion.lua
1674.433  000.066  000.066: sourcing C:\Users\dahls\AppData\Local\nvim\plugin\diffview.lua
1674.592  000.056  000.056: sourcing C:\Users\dahls\AppData\Local\nvim\plugin\gitsigns.lua
1674.755  000.060  000.060: sourcing C:\Users\dahls\AppData\Local\nvim\plugin\lualine.lua
1674.911  000.053  000.053: sourcing C:\Users\dahls\AppData\Local\nvim\plugin\matchparen.lua
1675.065  000.053  000.053: sourcing C:\Users\dahls\AppData\Local\nvim\plugin\mini.nvim.lua
1675.223  000.054  000.054: sourcing C:\Users\dahls\AppData\Local\nvim\plugin\nvim-scrollview.lua
1675.395  000.066  000.066: sourcing C:\Users\dahls\AppData\Local\nvim\plugin\nvim-treesitter.lua
1675.554  000.054  000.054: sourcing C:\Users\dahls\AppData\Local\nvim\plugin\oil-nvim.lua
1675.721  000.060  000.060: sourcing C:\Users\dahls\AppData\Local\nvim\plugin\render-markdown-nvim.lua
1675.898  000.070  000.070: sourcing C:\Users\dahls\AppData\Local\nvim\plugin\treesitter-textobjects.lua
1676.954  000.068  000.068: sourcing C:\Users\dahls\AppData\Local\nvim-data\site\pack\core\opt\which-key.nvim\plugin\which-key.lua
1677.111  001.107  001.039: sourcing C:\Users\dahls\AppData\Local\nvim\plugin\which-key.lua
1677.579  000.173  000.173: sourcing C:\Users\dahls\AppData\Local\nvim-data\site\pack\core\opt\nvim-lspconfig\plugin\lspconfig.lua
1679.313  000.150  000.150: sourcing C:\Program Files\Neovim\share\nvim\runtime\plugin\gzip.vim
1680.648  000.176  000.176: sourcing C:\Program Files\Neovim\share\nvim\runtime\pack\dist\opt\matchit\plugin\matchit.vim
1680.736  001.310  001.133: sourcing C:\Program Files\Neovim\share\nvim\runtime\plugin\matchit.vim
1680.976  000.125  000.125: sourcing C:\Program Files\Neovim\share\nvim\runtime\plugin\matchparen.vim
1681.113  000.024  000.024: sourcing C:\Program Files\Neovim\share\nvim\runtime\plugin\netrwPlugin.vim
1681.671  000.456  000.456: sourcing C:\Program Files\Neovim\share\nvim\runtime\plugin\rplugin.vim
1681.857  000.083  000.083: sourcing C:\Program Files\Neovim\share\nvim\runtime\plugin\tarPlugin.vim
1682.004  000.036  000.036: sourcing C:\Program Files\Neovim\share\nvim\runtime\plugin\tutor.vim
1682.227  000.120  000.120: sourcing C:\Program Files\Neovim\share\nvim\runtime\plugin\zipPlugin.vim
1682.414  000.072  000.072: sourcing C:\Program Files\Neovim\share\nvim\runtime\plugin\editorconfig.lua
1682.599  000.076  000.076: sourcing C:\Program Files\Neovim\share\nvim\runtime\plugin\man.lua
1682.831  000.123  000.123: sourcing C:\Program Files\Neovim\share\nvim\runtime\plugin\net.lua
1683.078  000.108  000.108: sourcing C:\Program Files\Neovim\share\nvim\runtime\plugin\osc52.lua
1683.583  000.388  000.388: sourcing C:\Program Files\Neovim\share\nvim\runtime\plugin\shada.lua
1683.815  000.101  000.101: sourcing C:\Program Files\Neovim\share\nvim\runtime\plugin\spellfile.lua
1683.867  006.906: loading rtp plugins
1684.123  000.256: loading packages
1684.149  000.025: loading after plugins
1684.165  000.016: inits 3
1687.210  003.046: reading ShaDa
1687.289  000.079: opening buffers
1687.317  000.028: BufEnter autocommands
1687.320  000.003: editing files in windows
1690.585  003.265: VimEnter autocommands
1690.640  000.055: UIEnter autocommands
1691.227  000.587: before starting main loop
1691.741  000.514: first screen update
1691.744  000.003: --- NVIM STARTED ---

--- Startup times for process: Primary (or UI client) ---

times in msec
 clock   self+sourced   self:  sourced script
 clock   elapsed:              other lines

000.003  000.003: --- NVIM STARTING ---
000.047  000.043: event init
000.138  000.092: early init
011.223  011.085: locale set
011.267  000.044: init first window
011.908  000.641: inits 1
011.994  000.086: window checked
012.004  000.010: parsing arguments
012.773  000.370  000.370: require('vim._core.shared')
013.331  000.003  000.003: require('string.buffer')
013.357  000.185  000.182: require('vim.inspect')
013.537  000.172  000.172: require('vim._core.options')
013.540  000.762  000.405: require('vim._core.editor')
013.662  000.120  000.120: require('vim._core.system')
013.664  001.342  000.089: require('vim._init_packages')
013.668  000.323: init lua interpreter
022.348  008.680: nvim_ui_attach
022.560  000.212: nvim_set_client_info
022.563  000.003: --- NVIM STARTED ---

--- Startup times for process: Embedded ---

times in msec
 clock   self+sourced   self:  sourced script
 clock   elapsed:              other lines

000.003  000.003: --- NVIM STARTING ---
000.027  000.025: event init
000.086  000.059: early init
010.941  010.855: locale set
010.967  000.026: init first window
011.323  000.356: inits 1
011.335  000.012: window checked
011.338  000.003: parsing arguments
012.027  000.353  000.353: require('vim._core.shared')
012.577  000.003  000.003: require('string.buffer')
012.593  000.176  000.173: require('vim.inspect')
012.766  000.167  000.167: require('vim._core.options')
012.769  000.738  000.395: require('vim._core.editor')
012.876  000.105  000.105: require('vim._core.system')
012.878  001.258  000.062: require('vim._init_packages')
012.882  000.285: init lua interpreter
013.142  000.260: expanding arguments
013.162  000.020: inits 2
013.413  000.250: init highlight
013.414  000.002: waiting for UI
013.574  000.159: done waiting for UI
013.590  000.016: clear screen
014.111  000.050  000.050: require('vim.keymap')
014.913  000.139  000.139: sourcing nvim_exec2()
014.959  000.018  000.018: require('vim._core.log')
016.999  000.966  000.966: require('vim.tty')
017.079  000.063  000.063: require('vim.text')
019.805  006.212  004.976: require('vim._core.defaults')
019.809  000.008: init default mappings & autocommands
020.049  000.080  000.080: sourcing C:\Program Files\Neovim\share\nvim\runtime\ftplugin.vim
020.283  000.051  000.051: sourcing C:\Program Files\Neovim\share\nvim\runtime\indent.vim
022.134  000.018  000.018: require('vim.F')
022.166  001.079  001.061: require('vim.diagnostic')
022.192  001.614  000.535: require('general-options')
022.483  000.288  000.288: require('general-keymaps')
022.697  000.208  000.208: require('autocommands')
023.661  000.188  000.188: require('vim._async')
023.675  000.860  000.672: require('vim.pack')
023.939  000.257  000.257: require('vim.fs')
024.514  000.303  000.303: require('vim.version')
025.325  000.102  000.102: require('utils.highlights')
026.018  000.324  000.324: require('catppuccin')
026.317  000.151  000.151: require('catppuccin.lib.hashing')
027.442  001.823  001.348: sourcing C:\Users\dahls\AppData\Local\nvim-data\site\pack\core\opt\catppuccin-nvim\colors\catppuccin-mocha.lua
027.462  002.130  000.307: sourcing nvim_exec2() called at C:\Users\dahls\AppData\Local\nvim\init.lua:0
027.514  004.813  001.161: require('themes')
027.728  000.211  000.211: require('selection_expand_shrink')
027.914  000.182  000.182: require('note_buffers')
028.145  000.100  000.100: require('plugin-loader')
029.265  000.148  000.148: require('mason-core.path')
029.817  000.135  000.135: require('mason-core.functional.data')
029.997  000.173  000.173: require('mason-core.functional.function')
030.222  000.218  000.218: require('mason-core.functional.list')
030.388  000.157  000.157: require('mason-core.functional.relation')
030.591  000.168  000.168: require('mason-core.functional.logic')
030.743  000.139  000.139: require('mason-core.functional.number')
030.915  000.165  000.165: require('mason-core.functional.string')
031.078  000.156  000.156: require('mason-core.functional.table')
031.215  000.131  000.131: require('mason-core.functional.type')
031.220  001.734  000.292: require('mason-core.functional')
031.268  001.997  000.263: require('mason-core.platform')
031.452  000.181  000.181: require('mason.settings')
031.458  002.507  000.181: require('mason-core.installer.InstallLocation')
032.060  000.225  000.225: require('mason-core.log')
032.066  000.381  000.156: require('mason-core.EventEmitter')
032.316  000.248  000.248: require('mason-registry.sources')
032.375  000.915  000.286: require('mason-registry')
032.379  003.614  000.192: require('mason')
032.822  000.295  000.295: require('mason.api.command')
033.609  000.102  000.102: require('lsp/configs/clangd')
033.724  000.108  000.108: require('lsp/configs/lua_ls')
035.429  000.703  000.703: require('vim.lsp.protocol')
035.485  001.033  000.330: require('vim.lsp.log')
036.611  000.041  000.041: require('vim._core.util')
036.630  001.140  001.099: require('vim.lsp.util')
037.336  000.322  000.322: require('vim.lsp.sync')
037.343  000.710  000.388: require('vim.lsp._changetracking')
038.074  000.285  000.285: require('vim.lsp._transport')
038.117  000.039  000.039: require('vim._core.stringbuffer')
038.126  000.780  000.456: require('vim.lsp.rpc')
038.156  004.427  000.764: require('vim.lsp')
038.295  000.112  000.112: require('lsp/configs/marksman')
038.409  000.107  000.107: require('lsp/configs/powershell_es')
038.521  000.101  000.101: require('lsp/configs/stylua')
039.863  011.944  002.978: require('lsp.lsp_setup')
040.024  000.155  000.155: require('snacks-nvim')
040.029  019.521  000.104: sourcing C:\Users\dahls\AppData\Local\nvim\init.lua
040.057  000.595: sourcing vimrc file(s)
040.506  000.122  000.122: sourcing nvim_exec2() called at C:\Program Files\Neovim\share\nvim\runtime\filetype.lua:0
040.512  000.232  000.110: sourcing C:\Program Files\Neovim\share\nvim\runtime\filetype.lua
041.194  000.084  000.084: sourcing C:\Program Files\Neovim\share\nvim\runtime\syntax\synload.vim
041.305  000.427  000.343: sourcing C:\Program Files\Neovim\share/nvim/runtime/syntax/syntax.vim
044.308  000.790  000.790: require('alpha')
044.452  000.138  000.138: require('screen')
044.489  001.776  000.848: sourcing C:\Users\dahls\AppData\Local\nvim\plugin\alpha-nvim.lua
044.675  000.071  000.071: sourcing C:\Users\dahls\AppData\Local\nvim\plugin\autopairs.lua
044.874  000.093  000.093: sourcing C:\Users\dahls\AppData\Local\nvim\plugin\blink_completion.lua
045.053  000.072  000.072: sourcing C:\Users\dahls\AppData\Local\nvim\plugin\diffview.lua
045.221  000.064  000.064: sourcing C:\Users\dahls\AppData\Local\nvim\plugin\gitsigns.lua
045.400  000.074  000.074: sourcing C:\Users\dahls\AppData\Local\nvim\plugin\lualine.lua
045.573  000.067  000.067: sourcing C:\Users\dahls\AppData\Local\nvim\plugin\matchparen.lua
045.754  000.076  000.076: sourcing C:\Users\dahls\AppData\Local\nvim\plugin\mini.nvim.lua
045.933  000.070  000.070: sourcing C:\Users\dahls\AppData\Local\nvim\plugin\nvim-scrollview.lua
046.118  000.080  000.080: sourcing C:\Users\dahls\AppData\Local\nvim\plugin\nvim-treesitter.lua
046.298  000.074  000.074: sourcing C:\Users\dahls\AppData\Local\nvim\plugin\oil-nvim.lua
046.505  000.077  000.077: sourcing C:\Users\dahls\AppData\Local\nvim\plugin\render-markdown-nvim.lua
046.693  000.080  000.080: sourcing C:\Users\dahls\AppData\Local\nvim\plugin\treesitter-textobjects.lua
047.794  000.072  000.072: sourcing C:\Users\dahls\AppData\Local\nvim-data\site\pack\core\opt\which-key.nvim\plugin\which-key.lua
047.948  001.147  001.075: sourcing C:\Users\dahls\AppData\Local\nvim\plugin\which-key.lua
048.451  000.185  000.185: sourcing C:\Users\dahls\AppData\Local\nvim-data\site\pack\core\opt\nvim-lspconfig\plugin\lspconfig.lua
049.812  000.144  000.144: sourcing C:\Program Files\Neovim\share\nvim\runtime\plugin\gzip.vim
051.213  000.177  000.177: sourcing C:\Program Files\Neovim\share\nvim\runtime\pack\dist\opt\matchit\plugin\matchit.vim
051.318  001.377  001.200: sourcing C:\Program Files\Neovim\share\nvim\runtime\plugin\matchit.vim
051.566  000.132  000.132: sourcing C:\Program Files\Neovim\share\nvim\runtime\plugin\matchparen.vim
051.726  000.034  000.034: sourcing C:\Program Files\Neovim\share\nvim\runtime\plugin\netrwPlugin.vim
052.291  000.445  000.445: sourcing C:\Program Files\Neovim\share\nvim\runtime\plugin\rplugin.vim
052.492  000.088  000.088: sourcing C:\Program Files\Neovim\share\nvim\runtime\plugin\tarPlugin.vim
052.657  000.040  000.040: sourcing C:\Program Files\Neovim\share\nvim\runtime\plugin\tutor.vim
052.889  000.117  000.117: sourcing C:\Program Files\Neovim\share\nvim\runtime\plugin\zipPlugin.vim
053.093  000.079  000.079: sourcing C:\Program Files\Neovim\share\nvim\runtime\plugin\editorconfig.lua
053.299  000.097  000.097: sourcing C:\Program Files\Neovim\share\nvim\runtime\plugin\man.lua
053.549  000.136  000.136: sourcing C:\Program Files\Neovim\share\nvim\runtime\plugin\net.lua
053.773  000.110  000.110: sourcing C:\Program Files\Neovim\share\nvim\runtime\plugin\osc52.lua
054.068  000.131  000.131: sourcing C:\Program Files\Neovim\share\nvim\runtime\plugin\shada.lua
054.275  000.077  000.077: sourcing C:\Program Files\Neovim\share\nvim\runtime\plugin\spellfile.lua
054.323  006.594: loading rtp plugins
054.572  000.249: loading packages
054.598  000.026: loading after plugins
054.613  000.015: inits 3
057.779  003.166: reading ShaDa
057.855  000.076: opening buffers
057.882  000.027: BufEnter autocommands
057.886  000.004: editing files in windows
060.991  003.105: VimEnter autocommands
061.043  000.052: UIEnter autocommands
061.587  000.544: before starting main loop
062.233  000.646: first screen update
062.237  000.004: --- NVIM STARTED ---

--- Startup times for process: Primary (or UI client) ---

times in msec
 clock   self+sourced   self:  sourced script
 clock   elapsed:              other lines

000.003  000.003: --- NVIM STARTING ---
000.036  000.033: event init
000.104  000.067: early init
010.746  010.642: locale set
010.774  000.028: init first window
011.285  000.511: inits 1
011.381  000.096: window checked
011.390  000.009: parsing arguments
012.306  000.426  000.426: require('vim._core.shared')
013.280  000.005  000.005: require('string.buffer')
013.319  000.242  000.237: require('vim.inspect')
013.610  000.281  000.281: require('vim._core.options')
013.615  001.303  000.780: require('vim._core.editor')
013.747  000.129  000.129: require('vim._core.system')
013.749  001.953  000.094: require('vim._init_packages')
013.755  000.412: init lua interpreter
022.655  008.900: nvim_ui_attach
022.919  000.263: nvim_set_client_info
022.922  000.003: --- NVIM STARTED ---

--- Startup times for process: Embedded ---

times in msec
 clock   self+sourced   self:  sourced script
 clock   elapsed:              other lines

000.003  000.003: --- NVIM STARTING ---
000.033  000.030: event init
000.121  000.088: early init
011.905  011.784: locale set
011.939  000.034: init first window
012.332  000.393: inits 1
012.346  000.013: window checked
012.349  000.003: parsing arguments
013.119  000.361  000.361: require('vim._core.shared')
013.649  000.003  000.003: require('string.buffer')
013.677  000.176  000.173: require('vim.inspect')
013.848  000.164  000.164: require('vim._core.options')
013.851  000.727  000.387: require('vim._core.editor')
013.957  000.104  000.104: require('vim._core.system')
013.959  001.276  000.085: require('vim._init_packages')
013.964  000.339: init lua interpreter
014.327  000.364: expanding arguments
014.349  000.022: inits 2
014.693  000.344: init highlight
014.695  000.002: waiting for UI
014.814  000.119: done waiting for UI
014.832  000.018: clear screen
015.358  000.029  000.029: require('vim.keymap')
015.820  000.108  000.108: sourcing nvim_exec2()
015.853  000.016  000.016: require('vim._core.log')
019.655  004.819  004.666: require('vim._core.defaults')
019.660  000.009: init default mappings & autocommands
020.529  000.083  000.083: sourcing C:\Program Files\Neovim\share\nvim\runtime\ftplugin.vim
020.772  000.048  000.048: sourcing C:\Program Files\Neovim\share\nvim\runtime\indent.vim
022.630  000.016  000.016: require('vim.F')
022.663  001.223  001.207: require('vim.diagnostic')
022.673  001.645  000.422: require('general-options')
022.956  000.281  000.281: require('general-keymaps')
023.160  000.200  000.200: require('autocommands')
024.058  000.168  000.168: require('vim._async')
024.071  000.807  000.638: require('vim.pack')
024.310  000.231  000.231: require('vim.fs')
024.810  000.273  000.273: require('vim.version')
025.529  000.090  000.090: require('utils.highlights')
026.126  000.293  000.293: require('catppuccin')
026.361  000.126  000.126: require('catppuccin.lib.hashing')
027.514  001.731  001.312: sourcing C:\Users\dahls\AppData\Local\nvim-data\site\pack\core\opt\catppuccin-nvim\colors\catppuccin-mocha.lua
027.533  001.996  000.266: sourcing nvim_exec2() called at C:\Users\dahls\AppData\Local\nvim\init.lua:0
027.583  004.418  001.021: require('themes')
027.768  000.183  000.183: require('selection_expand_shrink')
027.918  000.146  000.146: require('note_buffers')
028.126  000.087  000.087: require('plugin-loader')
029.093  000.126  000.126: require('mason-core.path')
029.598  000.136  000.136: require('mason-core.functional.data')
029.761  000.157  000.157: require('mason-core.functional.function')
029.960  000.193  000.193: require('mason-core.functional.list')
030.122  000.131  000.131: require('mason-core.functional.relation')
030.251  000.124  000.124: require('mason-core.functional.logic')
030.373  000.116  000.116: require('mason-core.functional.number')
030.521  000.142  000.142: require('mason-core.functional.string')
030.670  000.143  000.143: require('mason-core.functional.table')
030.790  000.114  000.114: require('mason-core.functional.type')
030.795  001.507  000.253: require('mason-core.functional')
030.835  001.737  000.230: require('mason-core.platform')
030.992  000.155  000.155: require('mason.settings')
030.997  002.173  000.155: require('mason-core.installer.InstallLocation')
031.519  000.200  000.200: require('mason-core.log')
031.524  000.330  000.131: require('mason-core.EventEmitter')
031.755  000.228  000.228: require('mason-registry.sources')
031.846  000.846  000.288: require('mason-registry')
031.850  003.173  000.154: require('mason')
032.156  000.269  000.269: require('mason.api.command')
032.878  000.077  000.077: require('lsp/configs/clangd')
032.981  000.097  000.097: require('lsp/configs/lua_ls')
034.592  000.699  000.699: require('vim.lsp.protocol')
034.651  001.012  000.313: require('vim.lsp.log')
035.755  000.038  000.038: require('vim._core.util')
035.773  001.116  001.078: require('vim.lsp.util')
036.467  000.310  000.310: require('vim.lsp.sync')
036.474  000.699  000.389: require('vim.lsp._changetracking')
037.139  000.263  000.263: require('vim.lsp._transport')
037.176  000.032  000.032: require('vim._core.stringbuffer')
037.216  000.738  000.443: require('vim.lsp.rpc')
037.251  004.266  000.700: require('vim.lsp')
037.353  000.094  000.094: require('lsp/configs/marksman')
037.443  000.084  000.084: require('lsp/configs/powershell_es')
037.540  000.088  000.088: require('lsp/configs/stylua')
038.727  010.805  002.570: require('lsp.lsp_setup')
038.855  000.123  000.123: require('snacks-nvim')
038.860  017.889  000.088: sourcing C:\Users\dahls\AppData\Local\nvim\init.lua
038.885  001.206: sourcing vimrc file(s)
039.333  000.112  000.112: sourcing nvim_exec2() called at C:\Program Files\Neovim\share\nvim\runtime\filetype.lua:0
039.338  000.214  000.103: sourcing C:\Program Files\Neovim\share\nvim\runtime\filetype.lua
039.955  000.067  000.067: sourcing C:\Program Files\Neovim\share\nvim\runtime\syntax\synload.vim
040.047  000.372  000.305: sourcing C:\Program Files\Neovim\share/nvim/runtime/syntax/syntax.vim
042.860  000.684  000.684: require('alpha')
042.977  000.112  000.112: require('screen')
043.004  001.577  000.781: sourcing C:\Users\dahls\AppData\Local\nvim\plugin\alpha-nvim.lua
043.161  000.050  000.050: sourcing C:\Users\dahls\AppData\Local\nvim\plugin\autopairs.lua
043.331  000.072  000.072: sourcing C:\Users\dahls\AppData\Local\nvim\plugin\blink_completion.lua
043.484  000.057  000.057: sourcing C:\Users\dahls\AppData\Local\nvim\plugin\diffview.lua
043.643  000.055  000.055: sourcing C:\Users\dahls\AppData\Local\nvim\plugin\gitsigns.lua
043.806  000.064  000.064: sourcing C:\Users\dahls\AppData\Local\nvim\plugin\lualine.lua
043.969  000.050  000.050: sourcing C:\Users\dahls\AppData\Local\nvim\plugin\matchparen.lua
044.129  000.053  000.053: sourcing C:\Users\dahls\AppData\Local\nvim\plugin\mini.nvim.lua
044.280  000.053  000.053: sourcing C:\Users\dahls\AppData\Local\nvim\plugin\nvim-scrollview.lua
044.448  000.069  000.069: sourcing C:\Users\dahls\AppData\Local\nvim\plugin\nvim-treesitter.lua
044.622  000.075  000.075: sourcing C:\Users\dahls\AppData\Local\nvim\plugin\oil-nvim.lua
044.791  000.058  000.058: sourcing C:\Users\dahls\AppData\Local\nvim\plugin\render-markdown-nvim.lua
044.954  000.062  000.062: sourcing C:\Users\dahls\AppData\Local\nvim\plugin\treesitter-textobjects.lua
045.987  000.055  000.055: sourcing C:\Users\dahls\AppData\Local\nvim-data\site\pack\core\opt\which-key.nvim\plugin\which-key.lua
046.146  001.092  001.037: sourcing C:\Users\dahls\AppData\Local\nvim\plugin\which-key.lua
046.605  000.172  000.172: sourcing C:\Users\dahls\AppData\Local\nvim-data\site\pack\core\opt\nvim-lspconfig\plugin\lspconfig.lua
047.928  000.130  000.130: sourcing C:\Program Files\Neovim\share\nvim\runtime\plugin\gzip.vim
049.211  000.185  000.185: sourcing C:\Program Files\Neovim\share\nvim\runtime\pack\dist\opt\matchit\plugin\matchit.vim
049.295  001.252  001.067: sourcing C:\Program Files\Neovim\share\nvim\runtime\plugin\matchit.vim
049.513  000.116  000.116: sourcing C:\Program Files\Neovim\share\nvim\runtime\plugin\matchparen.vim
049.644  000.022  000.022: sourcing C:\Program Files\Neovim\share\nvim\runtime\plugin\netrwPlugin.vim
050.425  000.630  000.630: sourcing C:\Program Files\Neovim\share\nvim\runtime\plugin\rplugin.vim
050.688  000.117  000.117: sourcing C:\Program Files\Neovim\share\nvim\runtime\plugin\tarPlugin.vim
050.894  000.046  000.046: sourcing C:\Program Files\Neovim\share\nvim\runtime\plugin\tutor.vim
051.193  000.145  000.145: sourcing C:\Program Files\Neovim\share\nvim\runtime\plugin\zipPlugin.vim
051.397  000.076  000.076: sourcing C:\Program Files\Neovim\share\nvim\runtime\plugin\editorconfig.lua
051.580  000.076  000.076: sourcing C:\Program Files\Neovim\share\nvim\runtime\plugin\man.lua
051.811  000.123  000.123: sourcing C:\Program Files\Neovim\share\nvim\runtime\plugin\net.lua
052.011  000.090  000.090: sourcing C:\Program Files\Neovim\share\nvim\runtime\plugin\osc52.lua
052.250  000.116  000.116: sourcing C:\Program Files\Neovim\share\nvim\runtime\plugin\shada.lua
052.499  000.065  000.065: sourcing C:\Program Files\Neovim\share\nvim\runtime\plugin\spellfile.lua
052.544  006.509: loading rtp plugins
052.780  000.236: loading packages
052.809  000.029: loading after plugins
052.826  000.017: inits 3
056.590  003.764: reading ShaDa
056.666  000.076: opening buffers
056.691  000.025: BufEnter autocommands
056.693  000.002: editing files in windows
059.639  002.945: VimEnter autocommands
059.687  000.049: UIEnter autocommands
060.935  001.248: before starting main loop
061.473  000.538: first screen update
061.476  000.003: --- NVIM STARTED ---

--- Startup times for process: Primary (or UI client) ---

times in msec
 clock   self+sourced   self:  sourced script
 clock   elapsed:              other lines

000.004  000.004: --- NVIM STARTING ---
000.055  000.050: event init
000.162  000.108: early init
012.672  012.510: locale set
012.719  000.046: init first window
013.323  000.604: inits 1
013.407  000.085: window checked
013.418  000.011: parsing arguments
014.324  000.433  000.433: require('vim._core.shared')
014.992  000.004  000.004: require('string.buffer')
015.014  000.215  000.211: require('vim.inspect')
015.525  000.504  000.504: require('vim._core.options')
015.535  001.205  000.486: require('vim._core.editor')
015.690  000.151  000.151: require('vim._core.system')
015.693  001.874  000.085: require('vim._init_packages')
015.698  000.406: init lua interpreter
033.620  017.922: nvim_ui_attach
033.899  000.279: nvim_set_client_info
033.903  000.004: --- NVIM STARTED ---

--- Startup times for process: Embedded ---

times in msec
 clock   self+sourced   self:  sourced script
 clock   elapsed:              other lines

000.003  000.003: --- NVIM STARTING ---
000.033  000.031: event init
000.102  000.069: early init
011.953  011.851: locale set
011.978  000.025: init first window
012.367  000.389: inits 1
012.379  000.012: window checked
012.382  000.003: parsing arguments
013.065  000.344  000.344: require('vim._core.shared')
013.899  000.004  000.004: require('string.buffer')
013.933  000.456  000.452: require('vim.inspect')
014.116  000.173  000.173: require('vim._core.options')
014.119  001.050  000.420: require('vim._core.editor')
014.225  000.104  000.104: require('vim._core.system')
014.227  001.572  000.074: require('vim._init_packages')
014.231  000.277: init lua interpreter
014.505  000.273: expanding arguments
014.525  000.020: inits 2
014.786  000.261: init highlight
014.788  000.002: waiting for UI
014.953  000.165: done waiting for UI
014.975  000.021: clear screen
015.520  000.039  000.039: require('vim.keymap')
016.419  000.441  000.441: sourcing nvim_exec2()
016.475  000.021  000.021: require('vim._core.log')
020.043  005.066  004.564: require('vim._core.defaults')
020.048  000.008: init default mappings & autocommands
021.064  000.091  000.091: sourcing C:\Program Files\Neovim\share\nvim\runtime\ftplugin.vim
021.309  000.048  000.048: sourcing C:\Program Files\Neovim\share\nvim\runtime\indent.vim
023.722  000.018  000.018: require('vim.F')
023.788  001.442  001.424: require('vim.diagnostic')
023.797  002.227  000.786: require('general-options')
024.059  000.260  000.260: require('general-keymaps')
024.246  000.182  000.182: require('autocommands')
025.122  000.159  000.159: require('vim._async')
025.133  000.790  000.631: require('vim.pack')
025.375  000.235  000.235: require('vim.fs')
025.968  000.294  000.294: require('vim.version')
026.683  000.091  000.091: require('utils.highlights')
027.581  000.591  000.591: require('catppuccin')
027.827  000.131  000.131: require('catppuccin.lib.hashing')
029.125  002.185  001.463: sourcing C:\Users\dahls\AppData\Local\nvim-data\site\pack\core\opt\catppuccin-nvim\colors\catppuccin-mocha.lua
029.148  002.457  000.272: sourcing nvim_exec2() called at C:\Users\dahls\AppData\Local\nvim\init.lua:0
029.200  004.949  001.082: require('themes')
029.393  000.191  000.191: require('selection_expand_shrink')
029.554  000.156  000.156: require('note_buffers')
029.743  000.079  000.079: require('plugin-loader')
031.051  000.128  000.128: require('mason-core.path')
031.572  000.114  000.114: require('mason-core.functional.data')
031.732  000.153  000.153: require('mason-core.functional.function')
031.937  000.198  000.198: require('mason-core.functional.list')
032.071  000.126  000.126: require('mason-core.functional.relation')
032.208  000.131  000.131: require('mason-core.functional.logic')
032.337  000.123  000.123: require('mason-core.functional.number')
032.499  000.156  000.156: require('mason-core.functional.string')
032.644  000.138  000.138: require('mason-core.functional.table')
033.061  000.411  000.411: require('mason-core.functional.type')
033.068  001.793  000.243: require('mason-core.functional')
033.123  002.066  000.274: require('mason-core.platform')
033.296  000.171  000.171: require('mason.settings')
033.303  002.524  000.159: require('mason-core.installer.InstallLocation')
034.064  000.238  000.238: require('mason-core.log')
034.069  000.542  000.303: require('mason-core.EventEmitter')
034.294  000.222  000.222: require('mason-registry.sources')
034.415  001.107  000.344: require('mason-registry')
034.419  003.801  000.170: require('mason')
034.750  000.271  000.271: require('mason.api.command')
035.471  000.079  000.079: require('lsp/configs/clangd')
035.559  000.082  000.082: require('lsp/configs/lua_ls')
037.145  000.643  000.643: require('vim.lsp.protocol')
037.204  000.970  000.327: require('vim.lsp.log')
038.285  000.038  000.038: require('vim._core.util')
038.301  001.092  001.055: require('vim.lsp.util')
039.259  000.296  000.296: require('vim.lsp.sync')
039.266  000.961  000.665: require('vim.lsp._changetracking')
040.200  000.521  000.521: require('vim.lsp._transport')
040.242  000.037  000.037: require('vim._core.stringbuffer')
040.275  001.006  000.447: require('vim.lsp.rpc')
040.314  004.749  000.720: require('vim.lsp')
040.428  000.104  000.104: require('lsp/configs/marksman')
040.522  000.089  000.089: require('lsp/configs/powershell_es')
040.615  000.082  000.082: require('lsp/configs/stylua')
041.972  012.414  003.077: require('lsp.lsp_setup')
042.146  000.169  000.169: require('snacks-nvim')
042.151  020.639  000.089: sourcing C:\Users\dahls\AppData\Local\nvim\init.lua
042.180  001.354: sourcing vimrc file(s)
042.623  000.117  000.117: sourcing nvim_exec2() called at C:\Program Files\Neovim\share\nvim\runtime\filetype.lua:0
042.629  000.228  000.111: sourcing C:\Program Files\Neovim\share\nvim\runtime\filetype.lua
043.253  000.075  000.075: sourcing C:\Program Files\Neovim\share\nvim\runtime\syntax\synload.vim
043.349  000.388  000.313: sourcing C:\Program Files\Neovim\share/nvim/runtime/syntax/syntax.vim
046.569  000.498  000.498: require('alpha')
046.678  000.103  000.103: require('screen')
046.705  001.391  000.789: sourcing C:\Users\dahls\AppData\Local\nvim\plugin\alpha-nvim.lua
046.867  000.053  000.053: sourcing C:\Users\dahls\AppData\Local\nvim\plugin\autopairs.lua
047.306  000.080  000.080: sourcing C:\Users\dahls\AppData\Local\nvim\plugin\blink_completion.lua
047.477  000.070  000.070: sourcing C:\Users\dahls\AppData\Local\nvim\plugin\diffview.lua
047.626  000.051  000.051: sourcing C:\Users\dahls\AppData\Local\nvim\plugin\gitsigns.lua
047.794  000.063  000.063: sourcing C:\Users\dahls\AppData\Local\nvim\plugin\lualine.lua
047.948  000.050  000.050: sourcing C:\Users\dahls\AppData\Local\nvim\plugin\matchparen.lua
048.100  000.055  000.055: sourcing C:\Users\dahls\AppData\Local\nvim\plugin\mini.nvim.lua
048.267  000.059  000.059: sourcing C:\Users\dahls\AppData\Local\nvim\plugin\nvim-scrollview.lua
048.427  000.061  000.061: sourcing C:\Users\dahls\AppData\Local\nvim\plugin\nvim-treesitter.lua
048.580  000.053  000.053: sourcing C:\Users\dahls\AppData\Local\nvim\plugin\oil-nvim.lua
048.751  000.065  000.065: sourcing C:\Users\dahls\AppData\Local\nvim\plugin\render-markdown-nvim.lua
048.938  000.068  000.068: sourcing C:\Users\dahls\AppData\Local\nvim\plugin\treesitter-textobjects.lua
050.429  000.131  000.131: sourcing C:\Users\dahls\AppData\Local\nvim-data\site\pack\core\opt\which-key.nvim\plugin\which-key.lua
050.628  001.589  001.458: sourcing C:\Users\dahls\AppData\Local\nvim\plugin\which-key.lua
051.083  000.167  000.167: sourcing C:\Users\dahls\AppData\Local\nvim-data\site\pack\core\opt\nvim-lspconfig\plugin\lspconfig.lua
052.387  000.133  000.133: sourcing C:\Program Files\Neovim\share\nvim\runtime\plugin\gzip.vim
053.708  000.187  000.187: sourcing C:\Program Files\Neovim\share\nvim\runtime\pack\dist\opt\matchit\plugin\matchit.vim
053.794  001.302  001.116: sourcing C:\Program Files\Neovim\share\nvim\runtime\plugin\matchit.vim
054.017  000.120  000.120: sourcing C:\Program Files\Neovim\share\nvim\runtime\plugin\matchparen.vim
054.150  000.024  000.024: sourcing C:\Program Files\Neovim\share\nvim\runtime\plugin\netrwPlugin.vim
054.757  000.489  000.489: sourcing C:\Program Files\Neovim\share\nvim\runtime\plugin\rplugin.vim
054.941  000.080  000.080: sourcing C:\Program Files\Neovim\share\nvim\runtime\plugin\tarPlugin.vim
055.404  000.042  000.042: sourcing C:\Program Files\Neovim\share\nvim\runtime\plugin\tutor.vim
055.618  000.112  000.112: sourcing C:\Program Files\Neovim\share\nvim\runtime\plugin\zipPlugin.vim
055.814  000.065  000.065: sourcing C:\Program Files\Neovim\share\nvim\runtime\plugin\editorconfig.lua
055.993  000.075  000.075: sourcing C:\Program Files\Neovim\share\nvim\runtime\plugin\man.lua
056.217  000.118  000.118: sourcing C:\Program Files\Neovim\share\nvim\runtime\plugin\net.lua
056.682  000.273  000.273: sourcing C:\Program Files\Neovim\share\nvim\runtime\plugin\osc52.lua
056.919  000.111  000.111: sourcing C:\Program Files\Neovim\share\nvim\runtime\plugin\shada.lua
057.135  000.060  000.060: sourcing C:\Program Files\Neovim\share\nvim\runtime\plugin\spellfile.lua
057.178  007.505: loading rtp plugins
057.441  000.262: loading packages
057.465  000.024: loading after plugins
057.480  000.015: inits 3
060.999  003.520: reading ShaDa
061.080  000.081: opening buffers
061.107  000.028: BufEnter autocommands
061.112  000.005: editing files in windows
064.657  003.545: VimEnter autocommands
064.708  000.051: UIEnter autocommands
065.831  001.124: before starting main loop
066.734  000.903: first screen update
066.738  000.004: --- NVIM STARTED ---

--- Startup times for process: Primary (or UI client) ---

times in msec
 clock   self+sourced   self:  sourced script
 clock   elapsed:              other lines

000.007  000.007: --- NVIM STARTING ---
000.058  000.051: event init
000.155  000.097: early init
011.705  011.550: locale set
011.734  000.029: init first window
012.239  000.504: inits 1
012.302  000.064: window checked
012.306  000.004: parsing arguments
013.181  000.357  000.357: require('vim._core.shared')
013.738  000.004  000.004: require('string.buffer')
013.762  000.185  000.180: require('vim.inspect')
013.934  000.167  000.167: require('vim._core.options')
013.937  000.751  000.400: require('vim._core.editor')
014.052  000.112  000.112: require('vim._core.system')
014.054  001.288  000.067: require('vim._init_packages')
014.058  000.464: init lua interpreter
021.907  007.849: nvim_ui_attach
022.140  000.233: nvim_set_client_info
022.143  000.003: --- NVIM STARTED ---

--- Startup times for process: Embedded ---

times in msec
 clock   self+sourced   self:  sourced script
 clock   elapsed:              other lines

000.003  000.003: --- NVIM STARTING ---
000.030  000.027: event init
000.092  000.062: early init
011.549  011.457: locale set
011.575  000.026: init first window
011.952  000.377: inits 1
011.966  000.014: window checked
011.969  000.003: parsing arguments
012.715  000.385  000.385: require('vim._core.shared')
013.321  000.005  000.005: require('string.buffer')
013.343  000.210  000.205: require('vim.inspect')
013.515  000.165  000.165: require('vim._core.options')
013.518  000.797  000.422: require('vim._core.editor')
013.632  000.113  000.113: require('vim._core.system')
013.634  001.359  000.065: require('vim._init_packages')
013.639  000.310: init lua interpreter
013.930  000.292: expanding arguments
013.947  000.016: inits 2
014.184  000.238: init highlight
014.186  000.002: waiting for UI
014.284  000.098: done waiting for UI
014.297  000.013: clear screen
014.780  000.032  000.032: require('vim.keymap')
015.281  000.113  000.113: sourcing nvim_exec2()
015.312  000.017  000.017: require('vim._core.log')
019.078  004.779  004.617: require('vim._core.defaults')
019.084  000.008: init default mappings & autocommands
019.953  000.065  000.065: sourcing C:\Program Files\Neovim\share\nvim\runtime\ftplugin.vim
020.175  000.049  000.049: sourcing C:\Program Files\Neovim\share\nvim\runtime\indent.vim
020.776  000.215  000.215: require('lua.plugin-loader')
021.908  000.207  000.207: require('vim._async')
021.921  001.139  000.932: require('vim.pack')
022.262  000.300  000.300: require('vim.fs')
022.421  000.023  000.023: require('vim.F')
022.820  000.267  000.267: require('vim.version')
024.119  000.473  000.473: require('alpha')
024.246  000.122  000.122: require('screen')
024.281  003.833  001.294: require('alpha-nvim')
025.929  001.205  001.205: require('vim.diagnostic')
025.940  001.656  000.451: require('general-options')
026.248  000.305  000.305: require('general-keymaps')
026.504  000.251  000.251: require('autocommands')
027.568  000.101  000.101: require('utils.highlights')
028.269  000.301  000.301: require('catppuccin')
028.578  000.130  000.130: require('catppuccin.lib.hashing')
029.484  001.570  001.139: sourcing C:\Users\dahls\AppData\Local\nvim-data\site\pack\core\opt\catppuccin-nvim\colors\catppuccin-mocha.lua
029.503  001.927  000.357: sourcing nvim_exec2() called at C:\Users\dahls\AppData\Local\nvim\init.lua:0
029.557  003.049  001.020: require('themes')
029.727  000.168  000.168: require('selection_expand_shrink')
029.874  000.143  000.143: require('note_buffers')
029.995  000.117  000.117: require('lsp.lsp_setup')
030.110  000.111  000.111: require('snacks-nvim')
030.114  009.739  000.106: sourcing C:\Users\dahls\AppData\Local\nvim\init.lua
030.142  001.205: sourcing vimrc file(s)
030.548  000.115  000.115: sourcing nvim_exec2() called at C:\Program Files\Neovim\share\nvim\runtime\filetype.lua:0
030.553  000.203  000.089: sourcing C:\Program Files\Neovim\share\nvim\runtime\filetype.lua
031.186  000.072  000.072: sourcing C:\Program Files\Neovim\share\nvim\runtime\syntax\synload.vim
031.278  000.374  000.302: sourcing C:\Program Files\Neovim\share/nvim/runtime/syntax/syntax.vim
032.934  000.056  000.056: sourcing C:\Users\dahls\AppData\Local\nvim\plugin\autopairs.lua
033.117  000.081  000.081: sourcing C:\Users\dahls\AppData\Local\nvim\plugin\blink_completion.lua
033.284  000.065  000.065: sourcing C:\Users\dahls\AppData\Local\nvim\plugin\diffview.lua
033.442  000.051  000.051: sourcing C:\Users\dahls\AppData\Local\nvim\plugin\gitsigns.lua
033.667  000.081  000.081: require('plugin-loader')
034.512  000.035  000.035: sourcing C:\Users\dahls\AppData\Local\nvim-data\site\pack\core\opt\log-highlight.nvim\ftdetect\log.vim
034.819  000.178  000.178: require('log-highlight')
036.717  001.878  001.878: require('vim.filetype')
037.028  003.486  001.315: sourcing C:\Users\dahls\AppData\Local\nvim\plugin\log-highlight.lua
037.217  000.068  000.068: sourcing C:\Users\dahls\AppData\Local\nvim\plugin\lualine.lua
037.378  000.054  000.054: sourcing C:\Users\dahls\AppData\Local\nvim\plugin\matchparen.lua
037.545  000.057  000.057: sourcing C:\Users\dahls\AppData\Local\nvim\plugin\mini.nvim.lua
037.797  000.081  000.081: sourcing C:\Users\dahls\AppData\Local\nvim\plugin\nvim-scrollview.lua
038.019  000.072  000.072: sourcing C:\Users\dahls\AppData\Local\nvim\plugin\nvim-treesitter.lua
038.188  000.057  000.057: sourcing C:\Users\dahls\AppData\Local\nvim\plugin\oil-nvim.lua
038.488  000.095  000.095: sourcing C:\Users\dahls\AppData\Local\nvim\plugin\render-markdown-nvim.lua
038.687  000.071  000.071: sourcing C:\Users\dahls\AppData\Local\nvim\plugin\treesitter-textobjects.lua
039.882  000.058  000.058: sourcing C:\Users\dahls\AppData\Local\nvim-data\site\pack\core\opt\which-key.nvim\plugin\which-key.lua
040.035  001.238  001.179: sourcing C:\Users\dahls\AppData\Local\nvim\plugin\which-key.lua
041.416  000.147  000.147: sourcing C:\Program Files\Neovim\share\nvim\runtime\plugin\gzip.vim
042.722  000.179  000.179: sourcing C:\Program Files\Neovim\share\nvim\runtime\pack\dist\opt\matchit\plugin\matchit.vim
042.813  001.284  001.105: sourcing C:\Program Files\Neovim\share\nvim\runtime\plugin\matchit.vim
043.043  000.123  000.123: sourcing C:\Program Files\Neovim\share\nvim\runtime\plugin\matchparen.vim
043.182  000.024  000.024: sourcing C:\Program Files\Neovim\share\nvim\runtime\plugin\netrwPlugin.vim
043.745  000.460  000.460: sourcing C:\Program Files\Neovim\share\nvim\runtime\plugin\rplugin.vim
043.934  000.083  000.083: sourcing C:\Program Files\Neovim\share\nvim\runtime\plugin\tarPlugin.vim
044.079  000.034  000.034: sourcing C:\Program Files\Neovim\share\nvim\runtime\plugin\tutor.vim
044.289  000.104  000.104: sourcing C:\Program Files\Neovim\share\nvim\runtime\plugin\zipPlugin.vim
044.469  000.068  000.068: sourcing C:\Program Files\Neovim\share\nvim\runtime\plugin\editorconfig.lua
044.667  000.089  000.089: sourcing C:\Program Files\Neovim\share\nvim\runtime\plugin\man.lua
044.898  000.120  000.120: sourcing C:\Program Files\Neovim\share\nvim\runtime\plugin\net.lua
045.105  000.094  000.094: sourcing C:\Program Files\Neovim\share\nvim\runtime\plugin\osc52.lua
045.339  000.123  000.123: sourcing C:\Program Files\Neovim\share\nvim\runtime\plugin\shada.lua
045.537  000.066  000.066: sourcing C:\Program Files\Neovim\share\nvim\runtime\plugin\spellfile.lua
045.589  006.519: loading rtp plugins
045.841  000.253: loading packages
045.867  000.025: loading after plugins
045.881  000.015: inits 3
049.081  003.200: reading ShaDa
049.154  000.072: opening buffers
049.179  000.025: BufEnter autocommands
049.181  000.002: editing files in windows
052.249  003.068: VimEnter autocommands
052.305  000.056: UIEnter autocommands
053.104  000.799: before starting main loop
053.719  000.049  000.049: require('vim._core.util')
053.831  000.678: first screen update
053.833  000.003: --- NVIM STARTED ---

--- Startup times for process: Embedded ---

times in msec
 clock   self+sourced   self:  sourced script
 clock   elapsed:              other lines

000.004  000.004: --- NVIM STARTING ---
000.043  000.039: event init
000.104  000.061: early init
011.777  011.673: locale set
011.805  000.028: init first window
012.201  000.396: inits 1
012.214  000.013: window checked
012.217  000.004: parsing arguments
012.928  000.361  000.361: require('vim._core.shared')
013.475  000.003  000.003: require('string.buffer')
013.508  000.185  000.181: require('vim.inspect')
013.685  000.170  000.170: require('vim._core.options')
013.688  000.756  000.402: require('vim._core.editor')
013.795  000.105  000.105: require('vim._core.system')
013.797  001.304  000.082: require('vim._init_packages')
013.802  000.280: init lua interpreter
031.438  017.636: expanding arguments
031.461  000.023: inits 2
031.812  000.351: init highlight
031.814  000.003: waiting for UI
053.337  021.523: done waiting for UI
053.356  000.018: clear screen
054.106  000.044  000.044: require('vim.keymap')
054.667  000.114  000.114: sourcing nvim_exec2()
054.702  000.018  000.018: require('vim._core.log')
058.548  005.188  005.012: require('vim._core.defaults')
058.554  000.011: init default mappings & autocommands
059.470  000.069  000.069: sourcing C:\Program Files\Neovim\share\nvim\runtime\ftplugin.vim
059.702  000.048  000.048: sourcing C:\Program Files\Neovim\share\nvim\runtime\indent.vim
060.273  000.221  000.221: require('lua.plugin-loader')
061.194  000.172  000.172: require('vim._async')
061.205  000.926  000.754: require('vim.pack')
061.424  000.211  000.211: require('vim.fs')
061.540  000.019  000.019: require('vim.F')
061.944  000.269  000.269: require('vim.version')
063.011  000.458  000.458: require('alpha')
063.139  000.122  000.122: require('screen')
063.163  003.222  000.996: require('alpha-nvim')
064.716  001.143  001.143: require('vim.diagnostic')
064.729  001.562  000.420: require('general-options')
065.076  000.345  000.345: require('general-keymaps')
065.284  000.203  000.203: require('autocommands')
066.111  000.094  000.094: require('utils.highlights')
066.804  000.379  000.379: require('catppuccin')
067.206  000.134  000.134: require('catppuccin.lib.hashing')
068.084  001.711  001.199: sourcing C:\Users\dahls\AppData\Local\nvim-data\site\pack\core\opt\catppuccin-nvim\colors\catppuccin-mocha.lua
068.101  001.983  000.271: sourcing nvim_exec2() called at C:\Users\dahls\AppData\Local\nvim\init.lua:0
068.157  002.869  000.792: require('themes')
068.353  000.192  000.192: require('selection_expand_shrink')
068.511  000.153  000.153: require('note_buffers')
068.637  000.121  000.121: require('lsp.lsp_setup')
068.753  000.112  000.112: require('snacks-nvim')
068.757  008.888  000.110: sourcing C:\Users\dahls\AppData\Local\nvim\init.lua
068.784  001.224: sourcing vimrc file(s)
069.196  000.107  000.107: sourcing nvim_exec2() called at C:\Program Files\Neovim\share\nvim\runtime\filetype.lua:0
069.202  000.212  000.106: sourcing C:\Program Files\Neovim\share\nvim\runtime\filetype.lua
069.831  000.075  000.075: sourcing C:\Program Files\Neovim\share\nvim\runtime\syntax\synload.vim
069.920  000.375  000.301: sourcing C:\Program Files\Neovim\share/nvim/runtime/syntax/syntax.vim
071.384  000.055  000.055: sourcing C:\Users\dahls\AppData\Local\nvim\plugin\autopairs.lua
071.564  000.077  000.077: sourcing C:\Users\dahls\AppData\Local\nvim\plugin\blink_completion.lua
071.726  000.061  000.061: sourcing C:\Users\dahls\AppData\Local\nvim\plugin\diffview.lua
071.873  000.047  000.047: sourcing C:\Users\dahls\AppData\Local\nvim\plugin\gitsigns.lua
072.089  000.076  000.076: require('plugin-loader')
073.005  000.034  000.034: sourcing C:\Users\dahls\AppData\Local\nvim-data\site\pack\core\opt\log-highlight.nvim\ftdetect\log.vim
073.172  001.202  001.091: sourcing C:\Users\dahls\AppData\Local\nvim\plugin\log-highlight.lua
073.333  000.062  000.062: sourcing C:\Users\dahls\AppData\Local\nvim\plugin\lualine.lua
073.488  000.051  000.051: sourcing C:\Users\dahls\AppData\Local\nvim\plugin\matchparen.lua
073.639  000.051  000.051: sourcing C:\Users\dahls\AppData\Local\nvim\plugin\mini.nvim.lua
073.796  000.054  000.054: sourcing C:\Users\dahls\AppData\Local\nvim\plugin\nvim-scrollview.lua
073.961  000.063  000.063: sourcing C:\Users\dahls\AppData\Local\nvim\plugin\nvim-treesitter.lua
074.147  000.083  000.083: sourcing C:\Users\dahls\AppData\Local\nvim\plugin\oil-nvim.lua
074.325  000.066  000.066: sourcing C:\Users\dahls\AppData\Local\nvim\plugin\render-markdown-nvim.lua
074.518  000.071  000.071: sourcing C:\Users\dahls\AppData\Local\nvim\plugin\treesitter-textobjects.lua
075.545  000.059  000.059: sourcing C:\Users\dahls\AppData\Local\nvim-data\site\pack\core\opt\which-key.nvim\plugin\which-key.lua
075.694  001.061  001.002: sourcing C:\Users\dahls\AppData\Local\nvim\plugin\which-key.lua
077.036  000.137  000.137: sourcing C:\Program Files\Neovim\share\nvim\runtime\plugin\gzip.vim
078.311  000.170  000.170: sourcing C:\Program Files\Neovim\share\nvim\runtime\pack\dist\opt\matchit\plugin\matchit.vim
078.396  001.245  001.075: sourcing C:\Program Files\Neovim\share\nvim\runtime\plugin\matchit.vim
078.622  000.120  000.120: sourcing C:\Program Files\Neovim\share\nvim\runtime\plugin\matchparen.vim
078.757  000.022  000.022: sourcing C:\Program Files\Neovim\share\nvim\runtime\plugin\netrwPlugin.vim
079.296  000.437  000.437: sourcing C:\Program Files\Neovim\share\nvim\runtime\plugin\rplugin.vim
079.486  000.081  000.081: sourcing C:\Program Files\Neovim\share\nvim\runtime\plugin\tarPlugin.vim
079.644  000.035  000.035: sourcing C:\Program Files\Neovim\share\nvim\runtime\plugin\tutor.vim
079.857  000.108  000.108: sourcing C:\Program Files\Neovim\share\nvim\runtime\plugin\zipPlugin.vim
080.042  000.072  000.072: sourcing C:\Program Files\Neovim\share\nvim\runtime\plugin\editorconfig.lua
080.231  000.081  000.081: sourcing C:\Program Files\Neovim\share\nvim\runtime\plugin\man.lua
080.502  000.155  000.155: sourcing C:\Program Files\Neovim\share\nvim\runtime\plugin\net.lua
080.893  000.162  000.162: sourcing C:\Program Files\Neovim\share\nvim\runtime\plugin\osc52.lua
081.138  000.122  000.122: sourcing C:\Program Files\Neovim\share\nvim\runtime\plugin\shada.lua
081.336  000.066  000.066: sourcing C:\Program Files\Neovim\share\nvim\runtime\plugin\spellfile.lua
081.383  006.164: loading rtp plugins
081.628  000.246: loading packages
081.654  000.026: loading after plugins
081.670  000.015: inits 3
084.728  003.058: reading ShaDa
084.816  000.088: opening buffers
084.845  000.029: BufEnter autocommands
084.848  000.003: editing files in windows
087.931  003.084: VimEnter autocommands
088.013  000.082: UIEnter autocommands
088.741  000.728: before starting main loop
089.225  000.052  000.052: require('vim._core.util')
089.331  000.538: first screen update
089.333  000.002: --- NVIM STARTED ---

--- Startup times for process: Primary (or UI client) ---

times in msec
 clock   self+sourced   self:  sourced script
 clock   elapsed:              other lines

000.003  000.003: --- NVIM STARTING ---
000.036  000.033: event init
000.106  000.070: early init
011.721  011.615: locale set
011.749  000.029: init first window
012.266  000.517: inits 1
012.342  000.076: window checked
012.352  000.010: parsing arguments
013.257  000.390  000.390: require('vim._core.shared')
013.798  000.003  000.003: require('string.buffer')
013.826  000.179  000.176: require('vim.inspect')
014.001  000.167  000.167: require('vim._core.options')
014.004  000.742  000.396: require('vim._core.editor')
014.119  000.113  000.113: require('vim._core.system')
014.121  001.365  000.120: require('vim._init_packages')
014.125  000.408: init lua interpreter
021.926  007.801: nvim_ui_attach
022.161  000.234: nvim_set_client_info
022.163  000.003: --- NVIM STARTED ---

--- Startup times for process: Embedded ---

times in msec
 clock   self+sourced   self:  sourced script
 clock   elapsed:              other lines

000.002  000.002: --- NVIM STARTING ---
000.028  000.025: event init
000.085  000.057: early init
011.089  011.004: locale set
011.113  000.024: init first window
011.509  000.396: inits 1
011.521  000.012: window checked
011.524  000.003: parsing arguments
012.226  000.360  000.360: require('vim._core.shared')
012.767  000.003  000.003: require('string.buffer')
012.794  000.180  000.176: require('vim.inspect')
012.971  000.169  000.169: require('vim._core.options')
012.974  000.743  000.395: require('vim._core.editor')
013.081  000.105  000.105: require('vim._core.system')
013.083  001.291  000.082: require('vim._init_packages')
013.087  000.272: init lua interpreter
013.357  000.271: expanding arguments
013.373  000.016: inits 2
013.609  000.236: init highlight
013.611  000.002: waiting for UI
013.713  000.102: done waiting for UI
013.727  000.013: clear screen
014.203  000.030  000.030: require('vim.keymap')
014.684  000.101  000.101: sourcing nvim_exec2()
014.721  000.019  000.019: require('vim._core.log')
018.064  004.335  004.184: require('vim._core.defaults')
018.070  000.008: init default mappings & autocommands
019.099  000.070  000.070: sourcing C:\Program Files\Neovim\share\nvim\runtime\ftplugin.vim
019.336  000.050  000.050: sourcing C:\Program Files\Neovim\share\nvim\runtime\indent.vim
019.946  000.221  000.221: require('lua.plugin-loader')
020.875  000.184  000.184: require('vim._async')
020.886  000.933  000.749: require('vim.pack')
021.128  000.210  000.210: require('vim.fs')
021.260  000.019  000.019: require('vim.F')
021.631  000.262  000.262: require('vim.version')
022.701  000.464  000.464: require('alpha')
022.818  000.112  000.112: require('screen')
022.858  003.244  001.023: require('alpha-nvim')
024.765  001.336  001.336: require('vim.diagnostic')
024.790  001.929  000.593: require('general-options')
025.134  000.341  000.341: require('general-keymaps')
025.351  000.212  000.212: require('autocommands')
026.377  000.188  000.188: require('utils.highlights')
027.108  000.387  000.387: require('catppuccin')
027.514  000.141  000.141: require('catppuccin.lib.hashing')
028.753  002.091  001.563: sourcing C:\Users\dahls\AppData\Local\nvim-data\site\pack\core\opt\catppuccin-nvim\colors\catppuccin-mocha.lua
028.774  002.390  000.299: sourcing nvim_exec2() called at C:\Users\dahls\AppData\Local\nvim\init.lua:0
028.828  003.472  000.894: require('themes')
029.030  000.200  000.200: require('selection_expand_shrink')
029.184  000.149  000.149: require('note_buffers')
029.311  000.123  000.123: require('lsp.lsp_setup')
029.427  000.111  000.111: require('snacks-nvim')
029.431  009.891  000.110: sourcing C:\Users\dahls\AppData\Local\nvim\init.lua
029.458  001.378: sourcing vimrc file(s)
029.859  000.106  000.106: sourcing nvim_exec2() called at C:\Program Files\Neovim\share\nvim\runtime\filetype.lua:0
029.864  000.198  000.091: sourcing C:\Program Files\Neovim\share\nvim\runtime\filetype.lua
030.504  000.073  000.073: sourcing C:\Program Files\Neovim\share\nvim\runtime\syntax\synload.vim
030.592  000.385  000.311: sourcing C:\Program Files\Neovim\share/nvim/runtime/syntax/syntax.vim
032.087  000.056  000.056: sourcing C:\Users\dahls\AppData\Local\nvim\plugin\autopairs.lua
032.265  000.077  000.077: sourcing C:\Users\dahls\AppData\Local\nvim\plugin\blink_completion.lua
032.437  000.063  000.063: sourcing C:\Users\dahls\AppData\Local\nvim\plugin\diffview.lua
032.586  000.050  000.050: sourcing C:\Users\dahls\AppData\Local\nvim\plugin\gitsigns.lua
032.809  000.080  000.080: require('plugin-loader')
033.605  000.036  000.036: sourcing C:\Users\dahls\AppData\Local\nvim-data\site\pack\core\opt\log-highlight.nvim\ftdetect\log.vim
033.733  001.048  000.932: sourcing C:\Users\dahls\AppData\Local\nvim\plugin\log-highlight.lua
033.903  000.071  000.071: sourcing C:\Users\dahls\AppData\Local\nvim\plugin\lualine.lua
034.229  000.222  000.222: sourcing C:\Users\dahls\AppData\Local\nvim\plugin\matchparen.lua
034.396  000.057  000.057: sourcing C:\Users\dahls\AppData\Local\nvim\plugin\mini.nvim.lua
034.557  000.055  000.055: sourcing C:\Users\dahls\AppData\Local\nvim\plugin\nvim-scrollview.lua
034.776  000.107  000.107: sourcing C:\Users\dahls\AppData\Local\nvim\plugin\nvim-treesitter.lua
035.025  000.127  000.127: sourcing C:\Users\dahls\AppData\Local\nvim\plugin\oil-nvim.lua
035.207  000.066  000.066: sourcing C:\Users\dahls\AppData\Local\nvim\plugin\render-markdown-nvim.lua
035.383  000.070  000.070: sourcing C:\Users\dahls\AppData\Local\nvim\plugin\treesitter-textobjects.lua
036.383  000.060  000.060: sourcing C:\Users\dahls\AppData\Local\nvim-data\site\pack\core\opt\which-key.nvim\plugin\which-key.lua
036.532  001.045  000.986: sourcing C:\Users\dahls\AppData\Local\nvim\plugin\which-key.lua
037.896  000.135  000.135: sourcing C:\Program Files\Neovim\share\nvim\runtime\plugin\gzip.vim
039.197  000.172  000.172: sourcing C:\Program Files\Neovim\share\nvim\runtime\pack\dist\opt\matchit\plugin\matchit.vim
039.281  001.278  001.106: sourcing C:\Program Files\Neovim\share\nvim\runtime\plugin\matchit.vim
039.505  000.121  000.121: sourcing C:\Program Files\Neovim\share\nvim\runtime\plugin\matchparen.vim
039.853  000.030  000.030: sourcing C:\Program Files\Neovim\share\nvim\runtime\plugin\netrwPlugin.vim
040.471  000.491  000.491: sourcing C:\Program Files\Neovim\share\nvim\runtime\plugin\rplugin.vim
040.670  000.092  000.092: sourcing C:\Program Files\Neovim\share\nvim\runtime\plugin\tarPlugin.vim
040.823  000.036  000.036: sourcing C:\Program Files\Neovim\share\nvim\runtime\plugin\tutor.vim
041.164  000.175  000.175: sourcing C:\Program Files\Neovim\share\nvim\runtime\plugin\zipPlugin.vim
041.433  000.075  000.075: sourcing C:\Program Files\Neovim\share\nvim\runtime\plugin\editorconfig.lua
041.645  000.090  000.090: sourcing C:\Program Files\Neovim\share\nvim\runtime\plugin\man.lua
041.886  000.127  000.127: sourcing C:\Program Files\Neovim\share\nvim\runtime\plugin\net.lua
042.101  000.102  000.102: sourcing C:\Program Files\Neovim\share\nvim\runtime\plugin\osc52.lua
042.419  000.202  000.202: sourcing C:\Program Files\Neovim\share\nvim\runtime\plugin\shada.lua
042.640  000.081  000.081: sourcing C:\Program Files\Neovim\share\nvim\runtime\plugin\spellfile.lua
042.717  006.527: loading rtp plugins
042.967  000.250: loading packages
042.992  000.025: loading after plugins
043.007  000.015: inits 3
046.511  003.504: reading ShaDa
046.589  000.079: opening buffers
046.615  000.026: BufEnter autocommands
046.623  000.007: editing files in windows
049.657  003.034: VimEnter autocommands
049.716  000.059: UIEnter autocommands
050.670  000.954: before starting main loop
051.321  000.055  000.055: require('vim._core.util')
051.420  000.696: first screen update
051.424  000.003: --- NVIM STARTED ---

--- Startup times for process: Primary (or UI client) ---

times in msec
 clock   self+sourced   self:  sourced script
 clock   elapsed:              other lines

000.003  000.003: --- NVIM STARTING ---
000.042  000.039: event init
000.118  000.076: early init
011.298  011.181: locale set
011.328  000.030: init first window
011.831  000.503: inits 1
011.901  000.070: window checked
011.905  000.004: parsing arguments
012.618  000.353  000.353: require('vim._core.shared')
013.155  000.003  000.003: require('string.buffer')
013.184  000.177  000.174: require('vim.inspect')
013.360  000.168  000.168: require('vim._core.options')
013.363  000.739  000.394: require('vim._core.editor')
013.471  000.106  000.106: require('vim._core.system')
013.473  001.284  000.086: require('vim._init_packages')
013.477  000.288: init lua interpreter
022.882  009.405: nvim_ui_attach
023.113  000.232: nvim_set_client_info
023.116  000.003: --- NVIM STARTED ---

--- Startup times for process: Embedded ---

times in msec
 clock   self+sourced   self:  sourced script
 clock   elapsed:              other lines

000.003  000.003: --- NVIM STARTING ---
000.030  000.028: event init
000.111  000.080: early init
010.840  010.729: locale set
010.865  000.025: init first window
011.230  000.365: inits 1
011.242  000.012: window checked
011.245  000.003: parsing arguments
011.947  000.361  000.361: require('vim._core.shared')
012.487  000.003  000.003: require('string.buffer')
012.516  000.180  000.177: require('vim.inspect')
012.691  000.168  000.168: require('vim._core.options')
012.694  000.742  000.394: require('vim._core.editor')
012.801  000.105  000.105: require('vim._core.system')
012.803  001.289  000.080: require('vim._init_packages')
012.807  000.273: init lua interpreter
013.141  000.334: expanding arguments
013.164  000.023: inits 2
013.517  000.353: init highlight
013.520  000.003: waiting for UI
013.623  000.103: done waiting for UI
013.634  000.012: clear screen
014.112  000.029  000.029: require('vim.keymap')
014.593  000.111  000.111: sourcing nvim_exec2()
014.625  000.017  000.017: require('vim._core.log')
017.938  004.300  004.143: require('vim._core.defaults')
017.944  000.009: init default mappings & autocommands
019.168  000.078  000.078: sourcing C:\Program Files\Neovim\share\nvim\runtime\ftplugin.vim
019.697  000.052  000.052: sourcing C:\Program Files\Neovim\share\nvim\runtime\indent.vim
021.528  000.824  000.824: require('lua.plugin-loader')
032.082  000.493  000.493: require('vim._async')
032.093  010.559  010.066: require('vim.pack')
032.312  000.211  000.211: require('vim.fs')
046.357  000.020  000.020: require('vim.F')
054.162  007.676  007.676: require('vim.version')
062.669  007.825  007.825: require('alpha')
068.563  005.888  005.888: require('screen')
068.592  048.311  015.308: require('alpha-nvim')
082.638  007.648  007.648: require('vim.diagnostic')
082.653  014.059  006.411: require('general-options')
083.270  000.614  000.614: require('general-keymaps')
083.781  000.506  000.506: require('autocommands')
089.891  000.405  000.405: require('utils.highlights')
097.131  006.538  006.538: require('catppuccin')
098.043  000.470  000.470: require('catppuccin.lib.hashing')
104.636  014.146  007.138: sourcing C:\Users\dahls\AppData\Local\nvim-data\site\pack\core\opt\catppuccin-nvim\colors\catppuccin-mocha.lua
104.690  014.791  000.645: sourcing nvim_exec2() called at C:\Users\dahls\AppData\Local\nvim\init.lua:0
104.751  020.965  005.769: require('themes')
105.300  000.547  000.547: require('selection_expand_shrink')
105.778  000.472  000.472: require('note_buffers')
106.567  000.784  000.784: require('lsp.lsp_setup')
112.710  006.136  006.136: require('snacks-nvim')
112.715  092.528  000.134: sourcing C:\Users\dahls\AppData\Local\nvim\init.lua
112.760  002.158: sourcing vimrc file(s)
113.517  000.113  000.113: sourcing nvim_exec2() called at C:\Program Files\Neovim\share\nvim\runtime\filetype.lua:0
113.523  000.227  000.115: sourcing C:\Program Files\Neovim\share\nvim\runtime\filetype.lua
114.770  000.081  000.081: sourcing C:\Program Files\Neovim\share\nvim\runtime\syntax\synload.vim
114.881  000.694  000.613: sourcing C:\Program Files\Neovim\share/nvim/runtime/syntax/syntax.vim
116.623  000.080  000.080: sourcing C:\Users\dahls\AppData\Local\nvim\plugin\autopairs.lua
123.217  000.129  000.129: sourcing C:\Users\dahls\AppData\Local\nvim\plugin\blink_completion.lua
129.617  000.110  000.110: sourcing C:\Users\dahls\AppData\Local\nvim\plugin\diffview.lua
134.936  000.103  000.103: sourcing C:\Users\dahls\AppData\Local\nvim\plugin\gitsigns.lua
142.429  000.160  000.160: sourcing C:\Users\dahls\AppData\Local\nvim\plugin\lualine.lua
148.649  000.098  000.098: sourcing C:\Users\dahls\AppData\Local\nvim\plugin\matchparen.lua
149.183  000.109  000.109: sourcing C:\Users\dahls\AppData\Local\nvim\plugin\mini.nvim.lua
149.667  000.082  000.082: sourcing C:\Users\dahls\AppData\Local\nvim\plugin\nvim-scrollview.lua
156.772  000.115  000.115: sourcing C:\Users\dahls\AppData\Local\nvim\plugin\nvim-treesitter.lua
157.234  000.077  000.077: sourcing C:\Users\dahls\AppData\Local\nvim\plugin\oil-nvim.lua
157.704  000.086  000.086: sourcing C:\Users\dahls\AppData\Local\nvim\plugin\render-markdown-nvim.lua
158.207  000.093  000.093: sourcing C:\Users\dahls\AppData\Local\nvim\plugin\treesitter-textobjects.lua
159.925  000.093  000.093: sourcing C:\Users\dahls\AppData\Local\nvim-data\site\pack\core\opt\which-key.nvim\plugin\which-key.lua
160.096  001.531  001.438: sourcing C:\Users\dahls\AppData\Local\nvim\plugin\which-key.lua
170.440  000.149  000.149: sourcing C:\Program Files\Neovim\share\nvim\runtime\plugin\gzip.vim
172.691  000.280  000.280: sourcing C:\Program Files\Neovim\share\nvim\runtime\pack\dist\opt\matchit\plugin\matchit.vim
172.845  001.972  001.693: sourcing C:\Program Files\Neovim\share\nvim\runtime\plugin\matchit.vim
180.200  000.142  000.142: sourcing C:\Program Files\Neovim\share\nvim\runtime\plugin\matchparen.vim
180.720  000.030  000.030: sourcing C:\Program Files\Neovim\share\nvim\runtime\plugin\netrwPlugin.vim
181.655  000.528  000.528: sourcing C:\Program Files\Neovim\share\nvim\runtime\plugin\rplugin.vim
189.745  000.101  000.101: sourcing C:\Program Files\Neovim\share\nvim\runtime\plugin\tarPlugin.vim
190.235  000.043  000.043: sourcing C:\Program Files\Neovim\share\nvim\runtime\plugin\tutor.vim
190.751  000.114  000.114: sourcing C:\Program Files\Neovim\share\nvim\runtime\plugin\zipPlugin.vim
191.244  000.091  000.091: sourcing C:\Program Files\Neovim\share\nvim\runtime\plugin\editorconfig.lua
191.722  000.107  000.107: sourcing C:\Program Files\Neovim\share\nvim\runtime\plugin\man.lua
192.240  000.151  000.151: sourcing C:\Program Files\Neovim\share\nvim\runtime\plugin\net.lua
192.786  000.158  000.158: sourcing C:\Program Files\Neovim\share\nvim\runtime\plugin\osc52.lua
199.488  000.172  000.172: sourcing C:\Program Files\Neovim\share\nvim\runtime\plugin\shada.lua
200.234  000.110  000.110: sourcing C:\Program Files\Neovim\share\nvim\runtime\plugin\spellfile.lua
200.293  079.971: loading rtp plugins
200.550  000.257: loading packages
200.577  000.027: loading after plugins
200.593  000.016: inits 3
213.893  013.300: reading ShaDa
213.987  000.094: opening buffers
214.022  000.035: BufEnter autocommands
214.025  000.003: editing files in windows
217.027  003.002: VimEnter autocommands
217.112  000.085: UIEnter autocommands
223.220  006.109: before starting main loop
223.692  000.056  000.056: require('vim._core.util')
223.791  000.515: first screen update
223.793  000.002: --- NVIM STARTED ---

--- Startup times for process: Primary (or UI client) ---

times in msec
 clock   self+sourced   self:  sourced script
 clock   elapsed:              other lines

000.003  000.003: --- NVIM STARTING ---
000.038  000.034: event init
000.108  000.071: early init
010.837  010.728: locale set
010.873  000.036: init first window
011.415  000.542: inits 1
011.491  000.076: window checked
011.498  000.007: parsing arguments
012.231  000.361  000.361: require('vim._core.shared')
012.758  000.003  000.003: require('string.buffer')
012.778  000.155  000.152: require('vim.inspect')
012.992  000.206  000.206: require('vim._core.options')
012.995  000.759  000.398: require('vim._core.editor')
013.104  000.107  000.107: require('vim._core.system')
013.107  001.299  000.071: require('vim._init_packages')
013.111  000.314: init lua interpreter
022.531  009.420: nvim_ui_attach
022.783  000.252: nvim_set_client_info
022.786  000.003: --- NVIM STARTED ---

--- Startup times for process: Embedded ---

times in msec
 clock   self+sourced   self:  sourced script
 clock   elapsed:              other lines

000.003  000.003: --- NVIM STARTING ---
000.031  000.028: event init
000.093  000.062: early init
014.297  014.204: locale set
014.331  000.034: init first window
014.880  000.549: inits 1
014.897  000.017: window checked
014.902  000.005: parsing arguments
015.868  000.467  000.467: require('vim._core.shared')
016.406  000.004  000.004: require('string.buffer')
016.427  000.160  000.156: require('vim.inspect')
016.652  000.215  000.215: require('vim._core.options')
016.655  000.780  000.406: require('vim._core.editor')
016.766  000.109  000.109: require('vim._core.system')
016.768  001.444  000.088: require('vim._init_packages')
016.773  000.427: init lua interpreter
017.256  000.483: expanding arguments
017.271  000.015: inits 2
017.524  000.253: init highlight
017.526  000.002: waiting for UI
017.653  000.127: done waiting for UI
017.668  000.015: clear screen
018.151  000.029  000.029: require('vim.keymap')
018.613  000.116  000.116: sourcing nvim_exec2()
018.647  000.017  000.017: require('vim._core.log')
022.218  004.546  004.384: require('vim._core.defaults')
022.225  000.011: init default mappings & autocommands
030.512  000.078  000.078: sourcing C:\Program Files\Neovim\share\nvim\runtime\ftplugin.vim
037.798  000.095  000.095: sourcing C:\Program Files\Neovim\share\nvim\runtime\indent.vim
049.889  006.137  006.137: require('plugin-loader')
066.532  007.535  007.535: require('vim._async')
066.564  016.668  009.133: require('vim.pack')
066.912  000.337  000.337: require('vim.fs')
067.135  000.028  000.028: require('vim.F')
075.680  008.339  008.339: require('vim.version')
084.195  007.642  007.642: require('alpha')
089.793  005.589  005.589: require('screen')
089.852  051.596  006.857: require('alpha-nvim')
097.354  006.952  006.952: require('vim.diagnostic')
097.369  007.513  000.561: require('general-options')
097.704  000.331  000.331: require('general-keymaps')
097.941  000.233  000.233: require('autocommands')
103.142  004.423  004.423: require('utils.highlights')
118.591  006.627  006.627: require('catppuccin')
129.352  006.558  006.558: require('catppuccin.lib.hashing')
135.492  023.627  010.442: sourcing C:\Users\dahls\AppData\Local\nvim-data\site\pack\core\opt\catppuccin-nvim\colors\catppuccin-mocha.lua
135.516  032.362  008.735: sourcing nvim_exec2() called at C:\Users\dahls\AppData\Local\nvim\init.lua:0
135.570  037.624  000.839: require('themes')
143.052  007.479  007.479: require('selection_expand_shrink')
148.197  005.137  005.137: require('note_buffers')
156.366  008.164  008.164: require('lsp.lsp_setup')
156.536  000.164  000.164: require('snacks-nvim')
156.541  118.379  000.138: sourcing C:\Users\dahls\AppData\Local\nvim\init.lua
156.577  015.800: sourcing vimrc file(s)
162.974  000.121  000.121: sourcing nvim_exec2() called at C:\Program Files\Neovim\share\nvim\runtime\filetype.lua:0
162.981  000.258  000.137: sourcing C:\Program Files\Neovim\share\nvim\runtime\filetype.lua
180.055  000.100  000.100: sourcing C:\Program Files\Neovim\share\nvim\runtime\syntax\synload.vim
180.171  010.476  010.377: sourcing C:\Program Files\Neovim\share/nvim/runtime/syntax/syntax.vim
181.799  000.081  000.081: sourcing C:\Users\dahls\AppData\Local\nvim\plugin\autopairs.lua
182.084  000.106  000.106: sourcing C:\Users\dahls\AppData\Local\nvim\plugin\blink_completion.lua
188.437  000.153  000.153: sourcing C:\Users\dahls\AppData\Local\nvim\plugin\diffview.lua
188.702  000.096  000.096: sourcing C:\Users\dahls\AppData\Local\nvim\plugin\gitsigns.lua
188.975  000.117  000.117: sourcing C:\Users\dahls\AppData\Local\nvim\plugin\lualine.lua
194.224  000.099  000.099: sourcing C:\Users\dahls\AppData\Local\nvim\plugin\matchparen.lua
194.413  000.075  000.075: sourcing C:\Users\dahls\AppData\Local\nvim\plugin\mini.nvim.lua
199.910  000.166  000.166: sourcing C:\Users\dahls\AppData\Local\nvim\plugin\nvim-scrollview.lua
206.405  000.115  000.115: sourcing C:\Users\dahls\AppData\Local\nvim\plugin\nvim-treesitter.lua
211.326  000.085  000.085: sourcing C:\Users\dahls\AppData\Local\nvim\plugin\oil-nvim.lua
218.554  000.114  000.114: sourcing C:\Users\dahls\AppData\Local\nvim\plugin\render-markdown-nvim.lua
225.601  000.119  000.119: sourcing C:\Users\dahls\AppData\Local\nvim\plugin\treesitter-textobjects.lua
231.292  000.105  000.105: sourcing C:\Users\dahls\AppData\Local\nvim-data\site\pack\core\opt\which-key.nvim\plugin\which-key.lua
231.471  005.753  005.649: sourcing C:\Users\dahls\AppData\Local\nvim\plugin\which-key.lua
241.186  000.160  000.160: sourcing C:\Program Files\Neovim\share\nvim\runtime\plugin\gzip.vim
254.513  000.195  000.195: sourcing C:\Program Files\Neovim\share\nvim\runtime\pack\dist\opt\matchit\plugin\matchit.vim
254.618  008.580  008.385: sourcing C:\Program Files\Neovim\share\nvim\runtime\plugin\matchit.vim
261.359  000.140  000.140: sourcing C:\Program Files\Neovim\share\nvim\runtime\plugin\matchparen.vim
266.737  000.041  000.041: sourcing C:\Program Files\Neovim\share\nvim\runtime\plugin\netrwPlugin.vim
273.805  000.549  000.549: sourcing C:\Program Files\Neovim\share\nvim\runtime\plugin\rplugin.vim
281.950  000.147  000.147: sourcing C:\Program Files\Neovim\share\nvim\runtime\plugin\tarPlugin.vim
287.086  000.048  000.048: sourcing C:\Program Files\Neovim\share\nvim\runtime\plugin\tutor.vim
293.670  000.126  000.126: sourcing C:\Program Files\Neovim\share\nvim\runtime\plugin\zipPlugin.vim
299.253  000.162  000.162: sourcing C:\Program Files\Neovim\share\nvim\runtime\plugin\editorconfig.lua
304.374  000.168  000.168: sourcing C:\Program Files\Neovim\share\nvim\runtime\plugin\man.lua
313.049  000.168  000.168: sourcing C:\Program Files\Neovim\share\nvim\runtime\plugin\net.lua
318.608  000.128  000.128: sourcing C:\Program Files\Neovim\share\nvim\runtime\plugin\osc52.lua
325.526  000.171  000.171: sourcing C:\Program Files\Neovim\share\nvim\runtime\plugin\shada.lua
330.085  000.107  000.107: sourcing C:\Program Files\Neovim\share\nvim\runtime\plugin\spellfile.lua
330.136  145.052: loading rtp plugins
330.391  000.256: loading packages
330.418  000.027: loading after plugins
330.435  000.017: inits 3
339.142  008.707: reading ShaDa
339.458  000.316: opening buffers
339.496  000.037: BufEnter autocommands
339.499  000.003: editing files in windows
342.782  003.283: VimEnter autocommands
342.843  000.061: UIEnter autocommands
349.308  006.465: before starting main loop
349.846  000.050  000.050: require('vim._core.util')
349.961  000.604: first screen update
349.963  000.002: --- NVIM STARTED ---

